flowCode,reporterCode,reporterISO,partnerCode,partnerISO,cmdCode,cmdDesc,qtyUnitAbbr,qty,fobvalue
X,32,ARG,0,W00,1001,Wheat and meslin,kg,9485175010.0,2454059219.64
X,32,ARG,12,DZA,1001,Wheat and meslin,kg,236033500.0,64582348.45
X,32,ARG,50,BGD,1001,Wheat and meslin,kg,224938000.0,51155606.64
X,32,ARG,68,BOL,1001,Wheat and meslin,kg,47924610.0,9406092.75
X,32,ARG,76,BRA,1001,Wheat and meslin,kg,5512805000.0,1442784494.11
X,32,ARG,152,CHL,1001,Wheat and meslin,kg,895493280.0,232588628.83
X,32,ARG,218,ECU,1001,Wheat and meslin,kg,195807000.0,49337525.32
X,32,ARG,324,GIN,1001,Wheat and meslin,kg,71463000.0,15710925.0
X,32,ARG,360,IDN,1001,Wheat and meslin,kg,537118000.0,131616477.25
X,32,ARG,404,KEN,1001,Wheat and meslin,kg,312197000.0,81657029.44
X,32,ARG,504,MAR,1001,Wheat and meslin,kg,552642000.0,143698829.53
X,32,ARG,604,PER,1001,Wheat and meslin,kg,116727000.0,33074886.61
X,32,ARG,704,VNM,1001,Wheat and meslin,kg,134415000.0,34367284.31
X,32,ARG,764,THA,1001,Wheat and meslin,kg,132695000.0,34410219.08
X,32,ARG,800,UGA,1001,Wheat and meslin,kg,138942100.0,36962361.62
X,32,ARG,834,TZA,1001,Wheat and meslin,kg,66112000.0,15295986.08
X,32,ARG,858,URY,1001,Wheat and meslin,kg,167920.0,138627.2
X,32,ARG,899,_X ,1001,Wheat and meslin,kg,309694600.0,77271897.42
X,32,ARG,0,W00,1003,Barley,kg,2295881240.0,543271072.02
X,32,ARG,76,BRA,1003,Barley,kg,415239240.0,111654158.45
X,32,ARG,156,CHN,1003,Barley,kg,1880642000.0,431616913.57
X,32,ARG,0,W00,1004,Oats,kg,440960.0,57284.4
X,32,ARG,152,CHL,1004,Oats,kg,440960.0,57284.4
X,32,ARG,0,W00,1005,Maize (corn),kg,36911996441.4,8379754679.41
X,32,ARG,12,DZA,1005,Maize (corn),kg,2591985000.0,547246112.21
X,32,ARG,24,AGO,1005,Maize (corn),kg,98346400.0,22494091.1
X,32,ARG,50,BGD,1005,Maize (corn),kg,265578000.0,61604846.8
X,32,ARG,68,BOL,1005,Maize (corn),kg,27328790.0,4770495.0
X,32,ARG,76,BRA,1005,Maize (corn),kg,1396657563.0,335427762.18
X,32,ARG,120,CMR,1005,Maize (corn),kg,14377500.0,2689200.0
X,32,ARG,152,CHL,1005,Maize (corn),kg,1977336600.0,455351921.99
X,32,ARG,170,COL,1005,Maize (corn),kg,1098252110.0,254288508.08
X,32,ARG,178,COG,1005,Maize (corn),kg,16732400.0,4418149.0
X,32,ARG,188,CRI,1005,Maize (corn),kg,156000.0,91156.52
X,32,ARG,191,HRV,1005,Maize (corn),kg,78000.0,45106.33
X,32,ARG,204,BEN,1005,Maize (corn),kg,1051500.0,626629.96
X,32,ARG,214,DOM,1005,Maize (corn),kg,307847179.0,64023732.7
X,32,ARG,218,ECU,1005,Maize (corn),kg,66103170.0,17286046.1
X,32,ARG,222,SLV,1005,Maize (corn),kg,179816.0,106269.53
X,32,ARG,262,DJI,1005,Maize (corn),kg,930000.0,557090.0
X,32,ARG,266,GAB,1005,Maize (corn),kg,336200.0,204023.06
X,32,ARG,288,GHA,1005,Maize (corn),kg,73142390.0,15752419.56
X,32,ARG,300,GRC,1005,Maize (corn),kg,725880.0,420971.65
X,32,ARG,324,GIN,1005,Maize (corn),kg,260000.0,161790.0
X,32,ARG,340,HND,1005,Maize (corn),kg,154202.0,89779.51
X,32,ARG,360,IDN,1005,Maize (corn),kg,639989684.0,144195354.48
X,32,ARG,380,ITA,1005,Maize (corn),kg,4174920.0,2442837.28
X,32,ARG,392,JPN,1005,Maize (corn),kg,994875000.0,229328621.71
X,32,ARG,400,JOR,1005,Maize (corn),kg,463596300.0,107232695.01
X,32,ARG,410,KOR,1005,Maize (corn),kg,4877562000.0,1136561627.44
X,32,ARG,414,KWT,1005,Maize (corn),kg,76456200.0,15456073.18
X,32,ARG,422,LBN,1005,Maize (corn),kg,333290.0,191157.09
X,32,ARG,430,LBR,1005,Maize (corn),kg,777680.0,465202.12
X,32,ARG,458,MYS,1005,Maize (corn),kg,3048860000.0,690602063.03
X,32,ARG,466,MLI,1005,Maize (corn),kg,206800.0,114048.0
X,32,ARG,490,S19,1005,Maize (corn),kg,797219700.0,183271445.05
X,32,ARG,504,MAR,1005,Maize (corn),kg,1171204800.0,259239556.12
X,32,ARG,512,OMN,1005,Maize (corn),kg,12076800.0,3070216.0
X,32,ARG,524,NPL,1005,Maize (corn),kg,11706200.0,6720918.85
X,32,ARG,528,NLD,1005,Maize (corn),kg,10377760.0,3259800.95
X,32,ARG,591,PAN,1005,Maize (corn),kg,5876200.0,1315739.79
X,32,ARG,600,PRY,1005,Maize (corn),kg,36666520.0,8144669.0
X,32,ARG,604,PER,1005,Maize (corn),kg,3028902000.0,657518815.09
X,32,ARG,608,PHL,1005,Maize (corn),kg,4161600.0,2525986.63
X,32,ARG,616,POL,1005,Maize (corn),kg,50924950.0,12412326.48
X,32,ARG,634,QAT,1005,Maize (corn),kg,4077800.0,1069593.38
X,32,ARG,682,SAU,1005,Maize (corn),kg,1783101500.0,405990762.58
X,32,ARG,686,SEN,1005,Maize (corn),kg,96008900.0,21308561.63
X,32,ARG,694,SLE,1005,Maize (corn),kg,338000.0,196921.88
X,32,ARG,704,VNM,1005,Maize (corn),kg,6846121000.0,1525495644.73
X,32,ARG,724,ESP,1005,Maize (corn),kg,45435620.0,12212937.9
X,32,ARG,784,ARE,1005,Maize (corn),kg,397155090.0,89301365.65
X,32,ARG,788,TUN,1005,Maize (corn),kg,237302400.0,54061217.92
X,32,ARG,807,MKD,1005,Maize (corn),kg,384000.0,238307.0
X,32,ARG,818,EGY,1005,Maize (corn),kg,3143894800.0,697382352.31
X,32,ARG,826,GBR,1005,Maize (corn),kg,227290172.0,63359116.18
X,32,ARG,834,TZA,1005,Maize (corn),kg,206800.0,114774.0
X,32,ARG,842,USA,1005,Maize (corn),kg,92923244.0,41836204.56
X,32,ARG,858,URY,1005,Maize (corn),kg,54947231.4,31925836.24
X,32,ARG,862,VEN,1005,Maize (corn),kg,85916480.0,19166506.65
X,32,ARG,887,YEM,1005,Maize (corn),kg,625740800.0,141464008.4
X,32,ARG,899,_X ,1005,Maize (corn),kg,97645500.0,22905313.82
X,32,ARG,0,W00,1006,Rice,kg,281493853.0,141502775.6
X,32,ARG,68,BOL,1006,Rice,kg,522300.0,247794.3
X,32,ARG,76,BRA,1006,Rice,kg,41769640.0,22838134.2
X,32,ARG,124,CAN,1006,Rice,kg,649950.0,518115.26
X,32,ARG,152,CHL,1006,Rice,kg,87222910.0,40004448.03
X,32,ARG,188,CRI,1006,Rice,kg,8150400.0,3875864.4
X,32,ARG,192,CUB,1006,Rice,kg,60000000.0,30931061.3
X,32,ARG,484,MEX,1006,Rice,kg,4988900.0,2849337.16
X,32,ARG,528,NLD,1006,Rice,kg,25676140.0,11481108.45
X,32,ARG,724,ESP,1006,Rice,kg,34991800.0,15532338.8
X,32,ARG,826,GBR,1006,Rice,kg,3320820.0,1655143.7
X,32,ARG,842,USA,1006,Rice,kg,14200993.0,11569430.0
X,32,ARG,0,W00,1007,Grain sorghum,kg,2114908907.0,494334512.49
X,32,ARG,68,BOL,1007,Grain sorghum,kg,226031.0,766972.6
X,32,ARG,156,CHN,1007,Grain sorghum,kg,2114111000.0,491748096.66
X,32,ARG,600,PRY,1007,Grain sorghum,kg,88830.0,241980.0
X,32,ARG,858,URY,1007,Grain sorghum,kg,483046.0,1577463.23
X,32,ARG,0,W00,1008,"Buckwheat, millet and canary seeds; other cereals",kg,30573349.0,12347953.62
X,32,ARG,56,BEL,1008,"Buckwheat, millet and canary seeds; other cereals",kg,338740.0,176444.8
X,32,ARG,76,BRA,1008,"Buckwheat, millet and canary seeds; other cereals",kg,28981729.0,11625478.74
X,32,ARG,152,CHL,1008,"Buckwheat, millet and canary seeds; other cereals",kg,280500.0,132090.0
X,32,ARG,360,IDN,1008,"Buckwheat, millet and canary seeds; other cereals",kg,163270.0,67268.64
X,32,ARG,842,USA,1008,"Buckwheat, millet and canary seeds; other cereals",kg,809110.0,346671.44
X,32,ARG,0,W00,2001,"Vegetables, fruit, nuts and other edible parts of plants; prepared or preserved by vinegar or acetic acid",kg,13542.0,16976.66
X,32,ARG,600,PRY,2001,"Vegetables, fruit, nuts and other edible parts of plants; prepared or preserved by vinegar or acetic acid",kg,13542.0,16976.66
X,32,ARG,0,W00,2002,Tomatoes; prepared or preserved otherwise than by vinegar or acetic acid,kg,5017303.5,2789099.22
X,32,ARG,152,CHL,2002,Tomatoes; prepared or preserved otherwise than by vinegar or acetic acid,kg,33362.4,27751.8
X,32,ARG,600,PRY,2002,Tomatoes; prepared or preserved otherwise than by vinegar or acetic acid,kg,4871419.2,2711529.22
X,32,ARG,858,URY,2002,Tomatoes; prepared or preserved otherwise than by vinegar or acetic acid,kg,112521.9,49818.2
X,32,ARG,0,W00,2004,"Vegetables preparations n.e.c.; prepared or preserved otherwise than by vinegar or acetic acid, frozen, other than products of heading no. 2006",kg,219713639.0,187003410.51
X,32,ARG,68,BOL,2004,"Vegetables preparations n.e.c.; prepared or preserved otherwise than by vinegar or acetic acid, frozen, other than products of heading no. 2006",kg,4304167.0,4018805.58
X,32,ARG,76,BRA,2004,"Vegetables preparations n.e.c.; prepared or preserved otherwise than by vinegar or acetic acid, frozen, other than products of heading no. 2006",kg,190177650.0,160856110.96
X,32,ARG,152,CHL,2004,"Vegetables preparations n.e.c.; prepared or preserved otherwise than by vinegar or acetic acid, frozen, other than products of heading no. 2006",kg,7134553.0,6519112.34
X,32,ARG,600,PRY,2004,"Vegetables preparations n.e.c.; prepared or preserved otherwise than by vinegar or acetic acid, frozen, other than products of heading no. 2006",kg,4965810.0,4655779.39
X,32,ARG,858,URY,2004,"Vegetables preparations n.e.c.; prepared or preserved otherwise than by vinegar or acetic acid, frozen, other than products of heading no. 2006",kg,13131459.0,10953602.24
X,32,ARG,0,W00,2005,"Vegetables preparations n.e.c.; prepared or preserved otherwise than by vinegar or acetic acid, not frozen, other than products of heading no. 2006",kg,43790069.07,66112124.05
X,32,ARG,68,BOL,2005,"Vegetables preparations n.e.c.; prepared or preserved otherwise than by vinegar or acetic acid, not frozen, other than products of heading no. 2006",kg,52894.7,97360.58
X,32,ARG,76,BRA,2005,"Vegetables preparations n.e.c.; prepared or preserved otherwise than by vinegar or acetic acid, not frozen, other than products of heading no. 2006",kg,36151736.0,49017321.22
X,32,ARG,152,CHL,2005,"Vegetables preparations n.e.c.; prepared or preserved otherwise than by vinegar or acetic acid, not frozen, other than products of heading no. 2006",kg,1537476.3,2874939.93
X,32,ARG,170,COL,2005,"Vegetables preparations n.e.c.; prepared or preserved otherwise than by vinegar or acetic acid, not frozen, other than products of heading no. 2006",kg,146950.0,220442.34
X,32,ARG,218,ECU,2005,"Vegetables preparations n.e.c.; prepared or preserved otherwise than by vinegar or acetic acid, not frozen, other than products of heading no. 2006",kg,31034.2,68718.0
X,32,ARG,380,ITA,2005,"Vegetables preparations n.e.c.; prepared or preserved otherwise than by vinegar or acetic acid, not frozen, other than products of heading no. 2006",kg,126902.0,205495.5
X,32,ARG,600,PRY,2005,"Vegetables preparations n.e.c.; prepared or preserved otherwise than by vinegar or acetic acid, not frozen, other than products of heading no. 2006",kg,1057197.2,2644222.49
X,32,ARG,724,ESP,2005,"Vegetables preparations n.e.c.; prepared or preserved otherwise than by vinegar or acetic acid, not frozen, other than products of heading no. 2006",kg,420510.0,553510.2
X,32,ARG,842,USA,2005,"Vegetables preparations n.e.c.; prepared or preserved otherwise than by vinegar or acetic acid, not frozen, other than products of heading no. 2006",kg,100945.0,173584.54
X,32,ARG,858,URY,2005,"Vegetables preparations n.e.c.; prepared or preserved otherwise than by vinegar or acetic acid, not frozen, other than products of heading no. 2006",kg,4164423.67,10256529.25
X,32,ARG,0,W00,2007,"Jams, fruit jellies, marmalades, fruit or nut puree and fruit or nut pastes, being cooked preparations; whether or not containing added sugar or other sweetening matter",kg,17080508.75,14962107.17
X,32,ARG,68,BOL,2007,"Jams, fruit jellies, marmalades, fruit or nut puree and fruit or nut pastes, being cooked preparations; whether or not containing added sugar or other sweetening matter",kg,3123149.0,2746920.57
X,32,ARG,76,BRA,2007,"Jams, fruit jellies, marmalades, fruit or nut puree and fruit or nut pastes, being cooked preparations; whether or not containing added sugar or other sweetening matter",kg,3444630.0,3309921.85
X,32,ARG,124,CAN,2007,"Jams, fruit jellies, marmalades, fruit or nut puree and fruit or nut pastes, being cooked preparations; whether or not containing added sugar or other sweetening matter",kg,220780.0,167921.0
X,32,ARG,152,CHL,2007,"Jams, fruit jellies, marmalades, fruit or nut puree and fruit or nut pastes, being cooked preparations; whether or not containing added sugar or other sweetening matter",kg,1331309.01,1294223.83
X,32,ARG,218,ECU,2007,"Jams, fruit jellies, marmalades, fruit or nut puree and fruit or nut pastes, being cooked preparations; whether or not containing added sugar or other sweetening matter",kg,424465.0,403661.06
X,32,ARG,600,PRY,2007,"Jams, fruit jellies, marmalades, fruit or nut puree and fruit or nut pastes, being cooked preparations; whether or not containing added sugar or other sweetening matter",kg,1284151.54,1436322.76
X,32,ARG,604,PER,2007,"Jams, fruit jellies, marmalades, fruit or nut puree and fruit or nut pastes, being cooked preparations; whether or not containing added sugar or other sweetening matter",kg,77294.5,69602.66
X,32,ARG,724,ESP,2007,"Jams, fruit jellies, marmalades, fruit or nut puree and fruit or nut pastes, being cooked preparations; whether or not containing added sugar or other sweetening matter",kg,137093.5,138315.29
X,32,ARG,842,USA,2007,"Jams, fruit jellies, marmalades, fruit or nut puree and fruit or nut pastes, being cooked preparations; whether or not containing added sugar or other sweetening matter",kg,6519598.0,4902865.01
X,32,ARG,858,URY,2007,"Jams, fruit jellies, marmalades, fruit or nut puree and fruit or nut pastes, being cooked preparations; whether or not containing added sugar or other sweetening matter",kg,518038.2,492353.14
X,32,ARG,0,W00,2008,"Fruit, nuts and other edible parts of plants; prepared or preserved in ways n.e.c., whether or not containing added sugar or other sweetening matter or spirit, not elsewhere specified or included",kg,38882269.9,62812059.73
X,32,ARG,36,AUS,2008,"Fruit, nuts and other edible parts of plants; prepared or preserved in ways n.e.c., whether or not containing added sugar or other sweetening matter or spirit, not elsewhere specified or included",kg,7932760.0,13561136.71
X,32,ARG,68,BOL,2008,"Fruit, nuts and other edible parts of plants; prepared or preserved in ways n.e.c., whether or not containing added sugar or other sweetening matter or spirit, not elsewhere specified or included",kg,337806.0,391064.97
X,32,ARG,124,CAN,2008,"Fruit, nuts and other edible parts of plants; prepared or preserved in ways n.e.c., whether or not containing added sugar or other sweetening matter or spirit, not elsewhere specified or included",kg,424280.0,711694.2
X,32,ARG,152,CHL,2008,"Fruit, nuts and other edible parts of plants; prepared or preserved in ways n.e.c., whether or not containing added sugar or other sweetening matter or spirit, not elsewhere specified or included",kg,7395462.0,12128856.51
X,32,ARG,170,COL,2008,"Fruit, nuts and other edible parts of plants; prepared or preserved in ways n.e.c., whether or not containing added sugar or other sweetening matter or spirit, not elsewhere specified or included",kg,75000.0,118200.0
X,32,ARG,276,DEU,2008,"Fruit, nuts and other edible parts of plants; prepared or preserved in ways n.e.c., whether or not containing added sugar or other sweetening matter or spirit, not elsewhere specified or included",kg,138030.0,348308.02
X,32,ARG,376,ISR,2008,"Fruit, nuts and other edible parts of plants; prepared or preserved in ways n.e.c., whether or not containing added sugar or other sweetening matter or spirit, not elsewhere specified or included",kg,5521310.0,9727946.92
X,32,ARG,410,KOR,2008,"Fruit, nuts and other edible parts of plants; prepared or preserved in ways n.e.c., whether or not containing added sugar or other sweetening matter or spirit, not elsewhere specified or included",kg,1937380.0,3369539.92
X,32,ARG,554,NZL,2008,"Fruit, nuts and other edible parts of plants; prepared or preserved in ways n.e.c., whether or not containing added sugar or other sweetening matter or spirit, not elsewhere specified or included",kg,975050.0,1438717.75
X,32,ARG,600,PRY,2008,"Fruit, nuts and other edible parts of plants; prepared or preserved in ways n.e.c., whether or not containing added sugar or other sweetening matter or spirit, not elsewhere specified or included",kg,1050145.9,1403698.65
X,32,ARG,826,GBR,2008,"Fruit, nuts and other edible parts of plants; prepared or preserved in ways n.e.c., whether or not containing added sugar or other sweetening matter or spirit, not elsewhere specified or included",kg,2103900.0,3041365.98
X,32,ARG,842,USA,2008,"Fruit, nuts and other edible parts of plants; prepared or preserved in ways n.e.c., whether or not containing added sugar or other sweetening matter or spirit, not elsewhere specified or included",kg,7541090.0,11142364.41
X,32,ARG,858,URY,2008,"Fruit, nuts and other edible parts of plants; prepared or preserved in ways n.e.c., whether or not containing added sugar or other sweetening matter or spirit, not elsewhere specified or included",kg,3301456.0,5211565.69
X,32,ARG,899,_X ,2008,"Fruit, nuts and other edible parts of plants; prepared or preserved in ways n.e.c., whether or not containing added sugar or other sweetening matter or spirit, not elsewhere specified or included",kg,148600.0,217600.0
X,32,ARG,0,W00,2009,"Fruit juices (including grape must) and vegetable juices, unfermented, not containing added spirit; whether or not containing added sugar or other sweetening matter",kg,163381157.3,236167220.94
X,32,ARG,36,AUS,2009,"Fruit juices (including grape must) and vegetable juices, unfermented, not containing added spirit; whether or not containing added sugar or other sweetening matter",kg,952105.0,1583700.03
X,32,ARG,124,CAN,2009,"Fruit juices (including grape must) and vegetable juices, unfermented, not containing added spirit; whether or not containing added sugar or other sweetening matter",kg,12169302.0,15672910.0
X,32,ARG,152,CHL,2009,"Fruit juices (including grape must) and vegetable juices, unfermented, not containing added spirit; whether or not containing added sugar or other sweetening matter",kg,2420455.8,2796018.45
X,32,ARG,156,CHN,2009,"Fruit juices (including grape must) and vegetable juices, unfermented, not containing added spirit; whether or not containing added sugar or other sweetening matter",kg,2136070.0,2673091.79
X,32,ARG,251,FRA,2009,"Fruit juices (including grape must) and vegetable juices, unfermented, not containing added spirit; whether or not containing added sugar or other sweetening matter",kg,870804.0,1466906.52
X,32,ARG,276,DEU,2009,"Fruit juices (including grape must) and vegetable juices, unfermented, not containing added spirit; whether or not containing added sugar or other sweetening matter",kg,5105580.0,7133979.78
X,32,ARG,372,IRL,2009,"Fruit juices (including grape must) and vegetable juices, unfermented, not containing added spirit; whether or not containing added sugar or other sweetening matter",kg,707110.0,1210138.12
X,32,ARG,376,ISR,2009,"Fruit juices (including grape must) and vegetable juices, unfermented, not containing added spirit; whether or not containing added sugar or other sweetening matter",kg,2192490.0,3339982.6
X,32,ARG,380,ITA,2009,"Fruit juices (including grape must) and vegetable juices, unfermented, not containing added spirit; whether or not containing added sugar or other sweetening matter",kg,1922380.0,3689504.11
X,32,ARG,392,JPN,2009,"Fruit juices (including grape must) and vegetable juices, unfermented, not containing added spirit; whether or not containing added sugar or other sweetening matter",kg,23790938.0,35225236.73
X,32,ARG,528,NLD,2009,"Fruit juices (including grape must) and vegetable juices, unfermented, not containing added spirit; whether or not containing added sugar or other sweetening matter",kg,21879336.0,36505608.52
X,32,ARG,604,PER,2009,"Fruit juices (including grape must) and vegetable juices, unfermented, not containing added spirit; whether or not containing added sugar or other sweetening matter",kg,1743440.0,1881648.58
X,32,ARG,643,RUS,2009,"Fruit juices (including grape must) and vegetable juices, unfermented, not containing added spirit; whether or not containing added sugar or other sweetening matter",kg,315000.0,314529.6
X,32,ARG,682,SAU,2009,"Fruit juices (including grape must) and vegetable juices, unfermented, not containing added spirit; whether or not containing added sugar or other sweetening matter",kg,6409860.0,7502004.75
X,32,ARG,710,ZAF,2009,"Fruit juices (including grape must) and vegetable juices, unfermented, not containing added spirit; whether or not containing added sugar or other sweetening matter",kg,1959900.0,1819415.12
X,32,ARG,724,ESP,2009,"Fruit juices (including grape must) and vegetable juices, unfermented, not containing added spirit; whether or not containing added sugar or other sweetening matter",kg,76080.0,157121.2
X,32,ARG,842,USA,2009,"Fruit juices (including grape must) and vegetable juices, unfermented, not containing added spirit; whether or not containing added sugar or other sweetening matter",kg,78638816.0,113041310.32
X,32,ARG,858,URY,2009,"Fruit juices (including grape must) and vegetable juices, unfermented, not containing added spirit; whether or not containing added sugar or other sweetening matter",kg,91490.5,154114.72
X,32,ARG,0,W00,2501,Salt (including table salt and denatured salt); pure sodium chloride whether or not in aqueous solution; sea water,kg,12646278.5,765592.84
X,32,ARG,68,BOL,2501,Salt (including table salt and denatured salt); pure sodium chloride whether or not in aqueous solution; sea water,kg,12003.4,6447.82
X,32,ARG,410,KOR,2501,Salt (including table salt and denatured salt); pure sodium chloride whether or not in aqueous solution; sea water,kg,46965.1,18195.55
X,32,ARG,600,PRY,2501,Salt (including table salt and denatured salt); pure sodium chloride whether or not in aqueous solution; sea water,kg,11315708.0,388321.7
X,32,ARG,842,USA,2501,Salt (including table salt and denatured salt); pure sodium chloride whether or not in aqueous solution; sea water,kg,75314.0,70115.12
X,32,ARG,858,URY,2501,Salt (including table salt and denatured salt); pure sodium chloride whether or not in aqueous solution; sea water,kg,1196288.0,282512.65
X,32,ARG,0,W00,2505,"Sands of all kinds; natural, whether or not coloured, other than metal-bearing sands of chapter 26",kg,410304.0,47847.05
X,32,ARG,152,CHL,2505,"Sands of all kinds; natural, whether or not coloured, other than metal-bearing sands of chapter 26",kg,262969.0,25709.69
X,32,ARG,858,URY,2505,"Sands of all kinds; natural, whether or not coloured, other than metal-bearing sands of chapter 26",kg,147335.0,22137.36
X,32,ARG,0,W00,2506,"Quartz; (other than natural sands), quartzite, whether or not roughly trimmed or merely cut, by sawing or otherwise, into blocks or slabs of a rectangular (including square) shape",kg,21995.0,9801.0
X,32,ARG,858,URY,2506,"Quartz; (other than natural sands), quartzite, whether or not roughly trimmed or merely cut, by sawing or otherwise, into blocks or slabs of a rectangular (including square) shape",kg,21995.0,9801.0
X,32,ARG,0,W00,2508,"Clays; (not including expanded clays of heading no. 6806), andalusite kyanite and sillimanite, whether or not calcined; mullite; chamotte or dinas earth",kg,56439195.0,9237317.47
X,32,ARG,68,BOL,2508,"Clays; (not including expanded clays of heading no. 6806), andalusite kyanite and sillimanite, whether or not calcined; mullite; chamotte or dinas earth",kg,74300.0,17388.77
X,32,ARG,76,BRA,2508,"Clays; (not including expanded clays of heading no. 6806), andalusite kyanite and sillimanite, whether or not calcined; mullite; chamotte or dinas earth",kg,51602940.0,8285059.37
X,32,ARG,152,CHL,2508,"Clays; (not including expanded clays of heading no. 6806), andalusite kyanite and sillimanite, whether or not calcined; mullite; chamotte or dinas earth",kg,3994734.0,764126.93
X,32,ARG,600,PRY,2508,"Clays; (not including expanded clays of heading no. 6806), andalusite kyanite and sillimanite, whether or not calcined; mullite; chamotte or dinas earth",kg,428441.0,92930.07
X,32,ARG,858,URY,2508,"Clays; (not including expanded clays of heading no. 6806), andalusite kyanite and sillimanite, whether or not calcined; mullite; chamotte or dinas earth",kg,338780.0,77812.33
X,32,ARG,0,W00,2512,"Siliceous fossil meals (e.g. kieselguhr, tripolite and diatomite) and similar siliceous earths; whether or not calcined, of an apparent specific gravity of 1 or less",kg,11118683.8,3028627.27
X,32,ARG,68,BOL,2512,"Siliceous fossil meals (e.g. kieselguhr, tripolite and diatomite) and similar siliceous earths; whether or not calcined, of an apparent specific gravity of 1 or less",kg,75432.8,28668.44
X,32,ARG,76,BRA,2512,"Siliceous fossil meals (e.g. kieselguhr, tripolite and diatomite) and similar siliceous earths; whether or not calcined, of an apparent specific gravity of 1 or less",kg,8123273.0,2067607.75
X,32,ARG,152,CHL,2512,"Siliceous fossil meals (e.g. kieselguhr, tripolite and diatomite) and similar siliceous earths; whether or not calcined, of an apparent specific gravity of 1 or less",kg,468378.0,215325.57
X,32,ARG,858,URY,2512,"Siliceous fossil meals (e.g. kieselguhr, tripolite and diatomite) and similar siliceous earths; whether or not calcined, of an apparent specific gravity of 1 or less",kg,2451600.0,717025.51
X,32,ARG,0,W00,2517,"Pebbles, gravel, crushed stone for concrete aggregates for road or railway ballast, shingle or flint; macadam of slag, dross etc tarred granules, chippings, powder of stones of heading no. 2515 and 2516",kg,25585000.0,790000.6
X,32,ARG,152,CHL,2517,"Pebbles, gravel, crushed stone for concrete aggregates for road or railway ballast, shingle or flint; macadam of slag, dross etc tarred granules, chippings, powder of stones of heading no. 2515 and 2516",kg,25585000.0,790000.6
X,32,ARG,0,W00,2518,"Dolomite, whether or not calcined or sintered; including dolomite roughly trimmed, or merely cut by sawing or otherwise into blocks or slabs of rectangular (including square) shape; dolomite ramming mix",kg,83840100.0,3242515.0
X,32,ARG,152,CHL,2518,"Dolomite, whether or not calcined or sintered; including dolomite roughly trimmed, or merely cut by sawing or otherwise into blocks or slabs of rectangular (including square) shape; dolomite ramming mix",kg,83768100.0,3233236.0
X,32,ARG,600,PRY,2518,"Dolomite, whether or not calcined or sintered; including dolomite roughly trimmed, or merely cut by sawing or otherwise into blocks or slabs of rectangular (including square) shape; dolomite ramming mix",kg,72000.0,9279.0
X,32,ARG,0,W00,2520,"Gypsum; anhydrite; plasters (consisting of calcined gypsum or calcium sulphate), coloured or not, with or without small quantities of accelerators or retarders",kg,32810518.9,1326756.31
X,32,ARG,152,CHL,2520,"Gypsum; anhydrite; plasters (consisting of calcined gypsum or calcium sulphate), coloured or not, with or without small quantities of accelerators or retarders",kg,4549036.0,389366.43
X,32,ARG,600,PRY,2520,"Gypsum; anhydrite; plasters (consisting of calcined gypsum or calcium sulphate), coloured or not, with or without small quantities of accelerators or retarders",kg,25946810.0,591114.67
X,32,ARG,858,URY,2520,"Gypsum; anhydrite; plasters (consisting of calcined gypsum or calcium sulphate), coloured or not, with or without small quantities of accelerators or retarders",kg,2314672.9,346275.21
X,32,ARG,0,W00,2522,"Quicklime, slaked lime and hydraulic lime; other than calcium oxide and hydroxide of heading no. 2825",kg,300153066.0,24882004.71
X,32,ARG,152,CHL,2522,"Quicklime, slaked lime and hydraulic lime; other than calcium oxide and hydroxide of heading no. 2825",kg,298087066.0,24658976.71
X,32,ARG,858,URY,2522,"Quicklime, slaked lime and hydraulic lime; other than calcium oxide and hydroxide of heading no. 2825",kg,2066000.0,223028.0
X,32,ARG,0,W00,2528,"Natural borates and concentrates thereof (whether or not calcined), but not including borates separated from natural brine; natural boric acid containing not more than 85 % of H3BO3 calculated on the dry weight",kg,76894100.0,21937379.26
X,32,ARG,76,BRA,2528,"Natural borates and concentrates thereof (whether or not calcined), but not including borates separated from natural brine; natural boric acid containing not more than 85 % of H3BO3 calculated on the dry weight",kg,76610100.0,21812709.3
X,32,ARG,554,NZL,2528,"Natural borates and concentrates thereof (whether or not calcined), but not including borates separated from natural brine; natural boric acid containing not more than 85 % of H3BO3 calculated on the dry weight",kg,284000.0,124669.96
X,32,ARG,0,W00,2530,Mineral substances not elsewhere specified or included,kg,7334472.0,687776.88
X,32,ARG,76,BRA,2530,Mineral substances not elsewhere specified or included,kg,6282432.0,639402.91
X,32,ARG,152,CHL,2530,Mineral substances not elsewhere specified or included,kg,1052040.0,48373.97
X,32,ARG,0,W00,2704,"Coke and semi-coke; of coal, lignite or peat, whether or not agglomerated; retort carbon",kg,282780.0,107974.13
X,32,ARG,152,CHL,2704,"Coke and semi-coke; of coal, lignite or peat, whether or not agglomerated; retort carbon",kg,282780.0,107974.13
X,32,ARG,0,W00,2709,Petroleum oils and oils obtained from bituminous minerals; crude,kg,2277713900.0,1161542098.58
X,32,ARG,152,CHL,2709,Petroleum oils and oils obtained from bituminous minerals; crude,kg,48849200.0,23571397.95
X,32,ARG,528,NLD,2709,Petroleum oils and oils obtained from bituminous minerals; crude,kg,608420100.0,288948661.18
X,32,ARG,784,ARE,2709,Petroleum oils and oils obtained from bituminous minerals; crude,kg,146002000.0,75954865.5
X,32,ARG,842,USA,2709,Petroleum oils and oils obtained from bituminous minerals; crude,kg,1474442600.0,773067173.95
X,32,ARG,0,W00,2710,"Petroleum oils and oils from bituminous minerals, not crude; preparations n.e.c, containing by weight 70% or more of petroleum oils or oils from bituminous minerals; these being the basic constituents of the preparations; waste oils",kg,901865748.8,602447739.71
X,32,ARG,68,BOL,2710,"Petroleum oils and oils from bituminous minerals, not crude; preparations n.e.c, containing by weight 70% or more of petroleum oils or oils from bituminous minerals; these being the basic constituents of the preparations; waste oils",kg,37667434.0,23643131.07
X,32,ARG,76,BRA,2710,"Petroleum oils and oils from bituminous minerals, not crude; preparations n.e.c, containing by weight 70% or more of petroleum oils or oils from bituminous minerals; these being the basic constituents of the preparations; waste oils",kg,81907653.6,54609150.43
X,32,ARG,152,CHL,2710,"Petroleum oils and oils from bituminous minerals, not crude; preparations n.e.c, containing by weight 70% or more of petroleum oils or oils from bituminous minerals; these being the basic constituents of the preparations; waste oils",kg,49818528.0,48101342.39
X,32,ARG,170,COL,2710,"Petroleum oils and oils from bituminous minerals, not crude; preparations n.e.c, containing by weight 70% or more of petroleum oils or oils from bituminous minerals; these being the basic constituents of the preparations; waste oils",kg,65900.1,116568.71
X,32,ARG,218,ECU,2710,"Petroleum oils and oils from bituminous minerals, not crude; preparations n.e.c, containing by weight 70% or more of petroleum oils or oils from bituminous minerals; these being the basic constituents of the preparations; waste oils",kg,174389700.0,112693610.78
X,32,ARG,528,NLD,2710,"Petroleum oils and oils from bituminous minerals, not crude; preparations n.e.c, containing by weight 70% or more of petroleum oils or oils from bituminous minerals; these being the basic constituents of the preparations; waste oils",kg,46404400.0,22553196.85
X,32,ARG,600,PRY,2710,"Petroleum oils and oils from bituminous minerals, not crude; preparations n.e.c, containing by weight 70% or more of petroleum oils or oils from bituminous minerals; these being the basic constituents of the preparations; waste oils",kg,416448404.0,291496512.04
X,32,ARG,604,PER,2710,"Petroleum oils and oils from bituminous minerals, not crude; preparations n.e.c, containing by weight 70% or more of petroleum oils or oils from bituminous minerals; these being the basic constituents of the preparations; waste oils",kg,1073226.0,2409494.65
X,32,ARG,702,SGP,2710,"Petroleum oils and oils from bituminous minerals, not crude; preparations n.e.c, containing by weight 70% or more of petroleum oils or oils from bituminous minerals; these being the basic constituents of the preparations; waste oils",kg,52902600.0,24425920.62
X,32,ARG,842,USA,2710,"Petroleum oils and oils from bituminous minerals, not crude; preparations n.e.c, containing by weight 70% or more of petroleum oils or oils from bituminous minerals; these being the basic constituents of the preparations; waste oils",kg,28521000.0,14022078.82
X,32,ARG,858,URY,2710,"Petroleum oils and oils from bituminous minerals, not crude; preparations n.e.c, containing by weight 70% or more of petroleum oils or oils from bituminous minerals; these being the basic constituents of the preparations; waste oils",kg,3020551.1,4516123.97
X,32,ARG,899,_X ,2710,"Petroleum oils and oils from bituminous minerals, not crude; preparations n.e.c, containing by weight 70% or more of petroleum oils or oils from bituminous minerals; these being the basic constituents of the preparations; waste oils",kg,9646352.0,3860609.38
X,32,ARG,0,W00,2711,Petroleum gases and other gaseous hydrocarbons,kg,882646220.0,294873615.49
X,32,ARG,76,BRA,2711,Petroleum gases and other gaseous hydrocarbons,kg,37955600.0,22627533.13
X,32,ARG,152,CHL,2711,Petroleum gases and other gaseous hydrocarbons,kg,842703130.0,271199258.91
X,32,ARG,600,PRY,2711,Petroleum gases and other gaseous hydrocarbons,kg,1987490.0,1046823.45
X,32,ARG,0,W00,2713,"Petroleum coke, petroleum bitumen; other residues of petroleum oils or oils obtained from bituminous minerals",kg,998060.0,671269.7
X,32,ARG,600,PRY,2713,"Petroleum coke, petroleum bitumen; other residues of petroleum oils or oils obtained from bituminous minerals",kg,998060.0,671269.7
X,32,ARG,0,W00,2714,"Bitumen and asphalt, natural; bituminous or oil shale and tar sands; asphaltites and asphaltic rocks",kg,35040.0,24078.2
X,32,ARG,600,PRY,2714,"Bitumen and asphalt, natural; bituminous or oil shale and tar sands; asphaltites and asphaltic rocks",kg,35040.0,24078.2
X,32,ARG,0,W00,2905,"Acyclic alcohols and their halogenated, sulphonated, nitrated or nitrosated derivatives",kg,61694990.8,48440842.94
X,32,ARG,76,BRA,2905,"Acyclic alcohols and their halogenated, sulphonated, nitrated or nitrosated derivatives",kg,471970.0,350000.05
X,32,ARG,152,CHL,2905,"Acyclic alcohols and their halogenated, sulphonated, nitrated or nitrosated derivatives",kg,1775760.0,1507269.65
X,32,ARG,156,CHN,2905,"Acyclic alcohols and their halogenated, sulphonated, nitrated or nitrosated derivatives",kg,18488920.0,15120650.99
X,32,ARG,484,MEX,2905,"Acyclic alcohols and their halogenated, sulphonated, nitrated or nitrosated derivatives",kg,30181230.0,21883788.64
X,32,ARG,600,PRY,2905,"Acyclic alcohols and their halogenated, sulphonated, nitrated or nitrosated derivatives",kg,538432.8,287965.02
X,32,ARG,699,IND,2905,"Acyclic alcohols and their halogenated, sulphonated, nitrated or nitrosated derivatives",kg,300970.0,304325.0
X,32,ARG,710,ZAF,2905,"Acyclic alcohols and their halogenated, sulphonated, nitrated or nitrosated derivatives",kg,438450.0,464456.5
X,32,ARG,842,USA,2905,"Acyclic alcohols and their halogenated, sulphonated, nitrated or nitrosated derivatives",kg,9387080.0,8456078.8
X,32,ARG,858,URY,2905,"Acyclic alcohols and their halogenated, sulphonated, nitrated or nitrosated derivatives",kg,112178.0,66308.29
X,32,ARG,0,W00,2906,"Alcohols; cyclic, and their halogenated, sulphonated, nitrated or nitrosated derivatives",kg,5.0,552.58
X,32,ARG,899,_X ,2906,"Alcohols; cyclic, and their halogenated, sulphonated, nitrated or nitrosated derivatives",kg,5.0,552.58
X,32,ARG,0,W00,2907,"Phenols; monophenols, polyphenols, and phenol-alcohols",kg,26.54,10281.18
X,32,ARG,600,PRY,2907,"Phenols; monophenols, polyphenols, and phenol-alcohols",kg,26.54,10281.18
X,32,ARG,0,W00,2909,"Ethers, ether-alcohols, ether-phenols, ether-alcohol-phenols, alcohol peroxides, ether peroxides, ketone peroxides (chemically defined or not); halogenated, sulphonated, nitrated, nitrosated derivative",kg,14360.0,65424.54
X,32,ARG,152,CHL,2909,"Ethers, ether-alcohols, ether-phenols, ether-alcohol-phenols, alcohol peroxides, ether peroxides, ketone peroxides (chemically defined or not); halogenated, sulphonated, nitrated, nitrosated derivative",kg,11740.0,50760.0
X,32,ARG,899,_X ,2909,"Ethers, ether-alcohols, ether-phenols, ether-alcohol-phenols, alcohol peroxides, ether peroxides, ketone peroxides (chemically defined or not); halogenated, sulphonated, nitrated, nitrosated derivative",kg,2620.0,14664.54
X,32,ARG,0,W00,2912,"Aldehydes, whether or not with other oxygen function; cyclic polymers of aldehydes; paraformaldehyde",kg,18452.0,58405.05
X,32,ARG,76,BRA,2912,"Aldehydes, whether or not with other oxygen function; cyclic polymers of aldehydes; paraformaldehyde",kg,17752.0,47139.41
X,32,ARG,899,_X ,2912,"Aldehydes, whether or not with other oxygen function; cyclic polymers of aldehydes; paraformaldehyde",kg,700.0,11265.64
X,32,ARG,0,W00,2914,"Ketones and quinones; whether or not with other oxygen function, and their halogenated, sulphonated, nitrated or nitrostated derivatives",kg,75.0,4799.16
X,32,ARG,899,_X ,2914,"Ketones and quinones; whether or not with other oxygen function, and their halogenated, sulphonated, nitrated or nitrostated derivatives",kg,75.0,4799.16
X,32,ARG,0,W00,2915,"Acids; saturated acyclic monocarboxylic acids and their anhydrides, halides, peroxides and peroxyacids; their halogenated, sulphonated, nitrated or nitrosated derivatives",kg,209167.0,375403.91
X,32,ARG,76,BRA,2915,"Acids; saturated acyclic monocarboxylic acids and their anhydrides, halides, peroxides and peroxyacids; their halogenated, sulphonated, nitrated or nitrosated derivatives",kg,69392.0,141378.07
X,32,ARG,152,CHL,2915,"Acids; saturated acyclic monocarboxylic acids and their anhydrides, halides, peroxides and peroxyacids; their halogenated, sulphonated, nitrated or nitrosated derivatives",kg,138320.0,218510.36
X,32,ARG,899,_X ,2915,"Acids; saturated acyclic monocarboxylic acids and their anhydrides, halides, peroxides and peroxyacids; their halogenated, sulphonated, nitrated or nitrosated derivatives",kg,1455.0,15515.48
X,32,ARG,0,W00,2916,"Acids; unsaturated acyclic monocarboxylic, cyclic monocarboxylic, their anhydrides, halides, peroxides and peroxyacids; their halogenated, sulphonated, nitrated or nitrosated derivatives",kg,100.0,587.49
X,32,ARG,899,_X ,2916,"Acids; unsaturated acyclic monocarboxylic, cyclic monocarboxylic, their anhydrides, halides, peroxides and peroxyacids; their halogenated, sulphonated, nitrated or nitrosated derivatives",kg,100.0,587.49
X,32,ARG,0,W00,2918,"Acids; carboxylic acid with additional oxygen function and their anhydrides, halides, peroxides, peroxyacids; their halogenated, sulphonated, nitrated or nitrosated derivatives",kg,148897.86,452515.03
X,32,ARG,152,CHL,2918,"Acids; carboxylic acid with additional oxygen function and their anhydrides, halides, peroxides, peroxyacids; their halogenated, sulphonated, nitrated or nitrosated derivatives",kg,130000.0,382040.0
X,32,ARG,600,PRY,2918,"Acids; carboxylic acid with additional oxygen function and their anhydrides, halides, peroxides, peroxyacids; their halogenated, sulphonated, nitrated or nitrosated derivatives",kg,1861.81,5737.0
X,32,ARG,858,URY,2918,"Acids; carboxylic acid with additional oxygen function and their anhydrides, halides, peroxides, peroxyacids; their halogenated, sulphonated, nitrated or nitrosated derivatives",kg,16951.05,63342.28
X,32,ARG,899,_X ,2918,"Acids; carboxylic acid with additional oxygen function and their anhydrides, halides, peroxides, peroxyacids; their halogenated, sulphonated, nitrated or nitrosated derivatives",kg,85.0,1395.75
X,32,ARG,0,W00,2922,Oxygen-function amino-compounds,kg,94910.86,603934.4
X,32,ARG,76,BRA,2922,Oxygen-function amino-compounds,kg,29031.0,192941.44
X,32,ARG,600,PRY,2922,Oxygen-function amino-compounds,kg,226.17,2780.49
X,32,ARG,842,USA,2922,Oxygen-function amino-compounds,kg,36500.0,193637.36
X,32,ARG,858,URY,2922,Oxygen-function amino-compounds,kg,28503.69,145515.11
X,32,ARG,899,_X ,2922,Oxygen-function amino-compounds,kg,650.0,69060.0
X,32,ARG,0,W00,2923,"Quaternary ammonium salts and hydroxides; lecithins and other phosphoaminolipids, whether or not chemically defined",kg,154747698.0,81067671.25
X,32,ARG,76,BRA,2923,"Quaternary ammonium salts and hydroxides; lecithins and other phosphoaminolipids, whether or not chemically defined",kg,89839.0,113002.98
X,32,ARG,152,CHL,2923,"Quaternary ammonium salts and hydroxides; lecithins and other phosphoaminolipids, whether or not chemically defined",kg,28389080.0,14080717.18
X,32,ARG,218,ECU,2923,"Quaternary ammonium salts and hydroxides; lecithins and other phosphoaminolipids, whether or not chemically defined",kg,14761495.0,7983796.52
X,32,ARG,360,IDN,2923,"Quaternary ammonium salts and hydroxides; lecithins and other phosphoaminolipids, whether or not chemically defined",kg,7403720.0,5276408.29
X,32,ARG,484,MEX,2923,"Quaternary ammonium salts and hydroxides; lecithins and other phosphoaminolipids, whether or not chemically defined",kg,473630.0,241264.04
X,32,ARG,528,NLD,2923,"Quaternary ammonium salts and hydroxides; lecithins and other phosphoaminolipids, whether or not chemically defined",kg,70828040.0,33643693.09
X,32,ARG,604,PER,2923,"Quaternary ammonium salts and hydroxides; lecithins and other phosphoaminolipids, whether or not chemically defined",kg,720790.0,447893.82
X,32,ARG,699,IND,2923,"Quaternary ammonium salts and hydroxides; lecithins and other phosphoaminolipids, whether or not chemically defined",kg,20218370.0,11133751.43
X,32,ARG,704,VNM,2923,"Quaternary ammonium salts and hydroxides; lecithins and other phosphoaminolipids, whether or not chemically defined",kg,11558964.0,7632851.58
X,32,ARG,724,ESP,2923,"Quaternary ammonium salts and hydroxides; lecithins and other phosphoaminolipids, whether or not chemically defined",kg,204400.0,250593.34
X,32,ARG,842,USA,2923,"Quaternary ammonium salts and hydroxides; lecithins and other phosphoaminolipids, whether or not chemically defined",kg,69820.0,105111.98
X,32,ARG,858,URY,2923,"Quaternary ammonium salts and hydroxides; lecithins and other phosphoaminolipids, whether or not chemically defined",kg,29550.0,158587.0
X,32,ARG,0,W00,2924,Carboxyamide-function compounds; amide-function compounds of carbonic acid,kg,35.15,1109.52
X,32,ARG,858,URY,2924,Carboxyamide-function compounds; amide-function compounds of carbonic acid,kg,35.15,1109.52
X,32,ARG,0,W00,2926,Nitrile-function compounds,kg,12.0,983.59
X,32,ARG,899,_X ,2926,Nitrile-function compounds,kg,12.0,983.59
X,32,ARG,0,W00,2930,Organo-sulphur compounds,kg,560.04,37310.0
X,32,ARG,858,URY,2930,Organo-sulphur compounds,kg,560.04,37310.0
X,32,ARG,0,W00,2931,Other organo-inorganic compounds,kg,2005.0,201683.64
X,32,ARG,152,CHL,2931,Other organo-inorganic compounds,kg,1860.0,29607.6
X,32,ARG,899,_X ,2931,Other organo-inorganic compounds,kg,145.0,172076.04
X,32,ARG,0,W00,2932,Heterocyclic compounds with oxygen hetero-atom(s) only,kg,393.24,409564.38
X,32,ARG,600,PRY,2932,Heterocyclic compounds with oxygen hetero-atom(s) only,kg,3.93,395.14
X,32,ARG,858,URY,2932,Heterocyclic compounds with oxygen hetero-atom(s) only,kg,218.31,404943.46
X,32,ARG,899,_X ,2932,Heterocyclic compounds with oxygen hetero-atom(s) only,kg,171.0,4225.78
X,32,ARG,0,W00,2933,Heterocyclic compounds with nitrogen hetero-atom(s) only,kg,7492.56,697227.94
X,32,ARG,76,BRA,2933,Heterocyclic compounds with nitrogen hetero-atom(s) only,kg,4525.22,420035.05
X,32,ARG,600,PRY,2933,Heterocyclic compounds with nitrogen hetero-atom(s) only,kg,162.51,212126.05
X,32,ARG,858,URY,2933,Heterocyclic compounds with nitrogen hetero-atom(s) only,kg,2804.83,65066.84
X,32,ARG,0,W00,2934,"Nucleic acids and their salts, whether or not chemically defined; other heterocyclic compounds",kg,42.26,24486.44
X,32,ARG,600,PRY,2934,"Nucleic acids and their salts, whether or not chemically defined; other heterocyclic compounds",kg,3.57,19712.05
X,32,ARG,858,URY,2934,"Nucleic acids and their salts, whether or not chemically defined; other heterocyclic compounds",kg,38.69,4774.39
X,32,ARG,0,W00,2936,"Provitamins, vitamins; natural or reproduced by synthesis (including natural concentrates) derivatives thereof used as vitamins, and intermixtures of the fore-going, whether or not in any solvent",kg,13992.62,397538.11
X,32,ARG,152,CHL,2936,"Provitamins, vitamins; natural or reproduced by synthesis (including natural concentrates) derivatives thereof used as vitamins, and intermixtures of the fore-going, whether or not in any solvent",kg,1305.0,44987.29
X,32,ARG,600,PRY,2936,"Provitamins, vitamins; natural or reproduced by synthesis (including natural concentrates) derivatives thereof used as vitamins, and intermixtures of the fore-going, whether or not in any solvent",kg,1906.23,33805.44
X,32,ARG,604,PER,2936,"Provitamins, vitamins; natural or reproduced by synthesis (including natural concentrates) derivatives thereof used as vitamins, and intermixtures of the fore-going, whether or not in any solvent",kg,6075.0,224576.45
X,32,ARG,858,URY,2936,"Provitamins, vitamins; natural or reproduced by synthesis (including natural concentrates) derivatives thereof used as vitamins, and intermixtures of the fore-going, whether or not in any solvent",kg,4706.39,94168.93
X,32,ARG,0,W00,2941,Antibiotics,kg,48.32,31375.0
X,32,ARG,858,URY,2941,Antibiotics,kg,48.32,31375.0
X,32,ARG,0,W00,3001,"Glands and other organs (extracts, secretions thereof) for organo-therapeutic uses, dried, powdered or not; heparin and its salts; other human or animal substances for therapeutic or prophylactic uses n.e.c.",kg,72033.8,1395273.7
X,32,ARG,842,USA,3001,"Glands and other organs (extracts, secretions thereof) for organo-therapeutic uses, dried, powdered or not; heparin and its salts; other human or animal substances for therapeutic or prophylactic uses n.e.c.",kg,72033.8,1395273.7
X,32,ARG,0,W00,3002,"Human blood; animal blood for therapeutic, prophylactic or diagnostic uses; antisera, other blood fractions, immunological products, modified or obtained by biotechnological processes; vaccines, toxins, cultures of micro-organisms (excluding yeasts) etc",kg,7456384.76,44347726.13
X,32,ARG,68,BOL,3002,"Human blood; animal blood for therapeutic, prophylactic or diagnostic uses; antisera, other blood fractions, immunological products, modified or obtained by biotechnological processes; vaccines, toxins, cultures of micro-organisms (excluding yeasts) etc",kg,123440.74,4052098.89
X,32,ARG,76,BRA,3002,"Human blood; animal blood for therapeutic, prophylactic or diagnostic uses; antisera, other blood fractions, immunological products, modified or obtained by biotechnological processes; vaccines, toxins, cultures of micro-organisms (excluding yeasts) etc",kg,1100572.26,6923686.04
X,32,ARG,152,CHL,3002,"Human blood; animal blood for therapeutic, prophylactic or diagnostic uses; antisera, other blood fractions, immunological products, modified or obtained by biotechnological processes; vaccines, toxins, cultures of micro-organisms (excluding yeasts) etc",kg,2546.24,120433.1
X,32,ARG,170,COL,3002,"Human blood; animal blood for therapeutic, prophylactic or diagnostic uses; antisera, other blood fractions, immunological products, modified or obtained by biotechnological processes; vaccines, toxins, cultures of micro-organisms (excluding yeasts) etc",kg,4627029.74,5048892.73
X,32,ARG,214,DOM,3002,"Human blood; animal blood for therapeutic, prophylactic or diagnostic uses; antisera, other blood fractions, immunological products, modified or obtained by biotechnological processes; vaccines, toxins, cultures of micro-organisms (excluding yeasts) etc",kg,1184.54,164014.44
X,32,ARG,218,ECU,3002,"Human blood; animal blood for therapeutic, prophylactic or diagnostic uses; antisera, other blood fractions, immunological products, modified or obtained by biotechnological processes; vaccines, toxins, cultures of micro-organisms (excluding yeasts) etc",kg,988.73,732039.04
X,32,ARG,251,FRA,3002,"Human blood; animal blood for therapeutic, prophylactic or diagnostic uses; antisera, other blood fractions, immunological products, modified or obtained by biotechnological processes; vaccines, toxins, cultures of micro-organisms (excluding yeasts) etc",kg,18900.8,1913681.81
X,32,ARG,484,MEX,3002,"Human blood; animal blood for therapeutic, prophylactic or diagnostic uses; antisera, other blood fractions, immunological products, modified or obtained by biotechnological processes; vaccines, toxins, cultures of micro-organisms (excluding yeasts) etc",kg,951.37,1274009.65
X,32,ARG,600,PRY,3002,"Human blood; animal blood for therapeutic, prophylactic or diagnostic uses; antisera, other blood fractions, immunological products, modified or obtained by biotechnological processes; vaccines, toxins, cultures of micro-organisms (excluding yeasts) etc",kg,417953.82,11264957.78
X,32,ARG,604,PER,3002,"Human blood; animal blood for therapeutic, prophylactic or diagnostic uses; antisera, other blood fractions, immunological products, modified or obtained by biotechnological processes; vaccines, toxins, cultures of micro-organisms (excluding yeasts) etc",kg,169.11,9147.08
X,32,ARG,704,VNM,3002,"Human blood; animal blood for therapeutic, prophylactic or diagnostic uses; antisera, other blood fractions, immunological products, modified or obtained by biotechnological processes; vaccines, toxins, cultures of micro-organisms (excluding yeasts) etc",kg,648900.0,580897.8
X,32,ARG,842,USA,3002,"Human blood; animal blood for therapeutic, prophylactic or diagnostic uses; antisera, other blood fractions, immunological products, modified or obtained by biotechnological processes; vaccines, toxins, cultures of micro-organisms (excluding yeasts) etc",kg,291970.4,3513029.39
X,32,ARG,858,URY,3002,"Human blood; animal blood for therapeutic, prophylactic or diagnostic uses; antisera, other blood fractions, immunological products, modified or obtained by biotechnological processes; vaccines, toxins, cultures of micro-organisms (excluding yeasts) etc",kg,215937.96,8004101.36
X,32,ARG,899,_X ,3002,"Human blood; animal blood for therapeutic, prophylactic or diagnostic uses; antisera, other blood fractions, immunological products, modified or obtained by biotechnological processes; vaccines, toxins, cultures of micro-organisms (excluding yeasts) etc",kg,5839.05,746737.02
X,32,ARG,0,W00,3003,"Medicaments; (not goods of heading no. 3002, 3005 or 3006) of two or more constituents mixed together for therapeutic or prophylactic use not in measured doses or in forms or packings for retail sale",kg,2687.78,839820.94
X,32,ARG,152,CHL,3003,"Medicaments; (not goods of heading no. 3002, 3005 or 3006) of two or more constituents mixed together for therapeutic or prophylactic use not in measured doses or in forms or packings for retail sale",kg,2384.87,603640.61
X,32,ARG,899,_X ,3003,"Medicaments; (not goods of heading no. 3002, 3005 or 3006) of two or more constituents mixed together for therapeutic or prophylactic use not in measured doses or in forms or packings for retail sale",kg,302.91,236180.33
X,32,ARG,0,W00,3004,"Medicaments; (not goods of heading no. 3002, 3005 or 3006) consisting of mixed or unmixed products for therapeutic or prophylactic use, put up in measured doses (incl. those in the form of transdermal admin. systems) or packed for retail sale",kg,15008021.92,465244628.75
X,32,ARG,48,BHR,3004,"Medicaments; (not goods of heading no. 3002, 3005 or 3006) consisting of mixed or unmixed products for therapeutic or prophylactic use, put up in measured doses (incl. those in the form of transdermal admin. systems) or packed for retail sale",kg,653.05,59166.4
X,32,ARG,68,BOL,3004,"Medicaments; (not goods of heading no. 3002, 3005 or 3006) consisting of mixed or unmixed products for therapeutic or prophylactic use, put up in measured doses (incl. those in the form of transdermal admin. systems) or packed for retail sale",kg,547806.67,16670960.86
X,32,ARG,76,BRA,3004,"Medicaments; (not goods of heading no. 3002, 3005 or 3006) consisting of mixed or unmixed products for therapeutic or prophylactic use, put up in measured doses (incl. those in the form of transdermal admin. systems) or packed for retail sale",kg,4260634.22,67645757.74
X,32,ARG,144,LKA,3004,"Medicaments; (not goods of heading no. 3002, 3005 or 3006) consisting of mixed or unmixed products for therapeutic or prophylactic use, put up in measured doses (incl. those in the form of transdermal admin. systems) or packed for retail sale",kg,2396.1,159505.83
X,32,ARG,152,CHL,3004,"Medicaments; (not goods of heading no. 3002, 3005 or 3006) consisting of mixed or unmixed products for therapeutic or prophylactic use, put up in measured doses (incl. those in the form of transdermal admin. systems) or packed for retail sale",kg,652957.45,27948068.58
X,32,ARG,170,COL,3004,"Medicaments; (not goods of heading no. 3002, 3005 or 3006) consisting of mixed or unmixed products for therapeutic or prophylactic use, put up in measured doses (incl. those in the form of transdermal admin. systems) or packed for retail sale",kg,694408.01,21521086.91
X,32,ARG,188,CRI,3004,"Medicaments; (not goods of heading no. 3002, 3005 or 3006) consisting of mixed or unmixed products for therapeutic or prophylactic use, put up in measured doses (incl. those in the form of transdermal admin. systems) or packed for retail sale",kg,119237.58,5376627.91
X,32,ARG,214,DOM,3004,"Medicaments; (not goods of heading no. 3002, 3005 or 3006) consisting of mixed or unmixed products for therapeutic or prophylactic use, put up in measured doses (incl. those in the form of transdermal admin. systems) or packed for retail sale",kg,309593.21,20596879.81
X,32,ARG,218,ECU,3004,"Medicaments; (not goods of heading no. 3002, 3005 or 3006) consisting of mixed or unmixed products for therapeutic or prophylactic use, put up in measured doses (incl. those in the form of transdermal admin. systems) or packed for retail sale",kg,877307.92,35552115.61
X,32,ARG,222,SLV,3004,"Medicaments; (not goods of heading no. 3002, 3005 or 3006) consisting of mixed or unmixed products for therapeutic or prophylactic use, put up in measured doses (incl. those in the form of transdermal admin. systems) or packed for retail sale",kg,52713.12,2661742.4
X,32,ARG,268,GEO,3004,"Medicaments; (not goods of heading no. 3002, 3005 or 3006) consisting of mixed or unmixed products for therapeutic or prophylactic use, put up in measured doses (incl. those in the form of transdermal admin. systems) or packed for retail sale",kg,5941.33,454250.75
X,32,ARG,276,DEU,3004,"Medicaments; (not goods of heading no. 3002, 3005 or 3006) consisting of mixed or unmixed products for therapeutic or prophylactic use, put up in measured doses (incl. those in the form of transdermal admin. systems) or packed for retail sale",kg,1667.45,184480.46
X,32,ARG,320,GTM,3004,"Medicaments; (not goods of heading no. 3002, 3005 or 3006) consisting of mixed or unmixed products for therapeutic or prophylactic use, put up in measured doses (incl. those in the form of transdermal admin. systems) or packed for retail sale",kg,94282.87,8375085.88
X,32,ARG,340,HND,3004,"Medicaments; (not goods of heading no. 3002, 3005 or 3006) consisting of mixed or unmixed products for therapeutic or prophylactic use, put up in measured doses (incl. those in the form of transdermal admin. systems) or packed for retail sale",kg,34694.29,1986021.51
X,32,ARG,360,IDN,3004,"Medicaments; (not goods of heading no. 3002, 3005 or 3006) consisting of mixed or unmixed products for therapeutic or prophylactic use, put up in measured doses (incl. those in the form of transdermal admin. systems) or packed for retail sale",kg,4503.94,188394.99
X,32,ARG,368,IRQ,3004,"Medicaments; (not goods of heading no. 3002, 3005 or 3006) consisting of mixed or unmixed products for therapeutic or prophylactic use, put up in measured doses (incl. those in the form of transdermal admin. systems) or packed for retail sale",kg,34495.75,1362165.85
X,32,ARG,380,ITA,3004,"Medicaments; (not goods of heading no. 3002, 3005 or 3006) consisting of mixed or unmixed products for therapeutic or prophylactic use, put up in measured doses (incl. those in the form of transdermal admin. systems) or packed for retail sale",kg,16222.61,433681.97
X,32,ARG,414,KWT,3004,"Medicaments; (not goods of heading no. 3002, 3005 or 3006) consisting of mixed or unmixed products for therapeutic or prophylactic use, put up in measured doses (incl. those in the form of transdermal admin. systems) or packed for retail sale",kg,827.46,47918.46
X,32,ARG,422,LBN,3004,"Medicaments; (not goods of heading no. 3002, 3005 or 3006) consisting of mixed or unmixed products for therapeutic or prophylactic use, put up in measured doses (incl. those in the form of transdermal admin. systems) or packed for retail sale",kg,47234.62,5214589.88
X,32,ARG,484,MEX,3004,"Medicaments; (not goods of heading no. 3002, 3005 or 3006) consisting of mixed or unmixed products for therapeutic or prophylactic use, put up in measured doses (incl. those in the form of transdermal admin. systems) or packed for retail sale",kg,433890.62,21968262.61
X,32,ARG,490,S19,3004,"Medicaments; (not goods of heading no. 3002, 3005 or 3006) consisting of mixed or unmixed products for therapeutic or prophylactic use, put up in measured doses (incl. those in the form of transdermal admin. systems) or packed for retail sale",kg,2503.76,32320.0
X,32,ARG,558,NIC,3004,"Medicaments; (not goods of heading no. 3002, 3005 or 3006) consisting of mixed or unmixed products for therapeutic or prophylactic use, put up in measured doses (incl. those in the form of transdermal admin. systems) or packed for retail sale",kg,110237.96,4237554.72
X,32,ARG,586,PAK,3004,"Medicaments; (not goods of heading no. 3002, 3005 or 3006) consisting of mixed or unmixed products for therapeutic or prophylactic use, put up in measured doses (incl. those in the form of transdermal admin. systems) or packed for retail sale",kg,1418.22,176971.4
X,32,ARG,591,PAN,3004,"Medicaments; (not goods of heading no. 3002, 3005 or 3006) consisting of mixed or unmixed products for therapeutic or prophylactic use, put up in measured doses (incl. those in the form of transdermal admin. systems) or packed for retail sale",kg,945623.12,12220801.5
X,32,ARG,600,PRY,3004,"Medicaments; (not goods of heading no. 3002, 3005 or 3006) consisting of mixed or unmixed products for therapeutic or prophylactic use, put up in measured doses (incl. those in the form of transdermal admin. systems) or packed for retail sale",kg,966438.32,37037006.19
X,32,ARG,604,PER,3004,"Medicaments; (not goods of heading no. 3002, 3005 or 3006) consisting of mixed or unmixed products for therapeutic or prophylactic use, put up in measured doses (incl. those in the form of transdermal admin. systems) or packed for retail sale",kg,697312.29,21722190.93
X,32,ARG,608,PHL,3004,"Medicaments; (not goods of heading no. 3002, 3005 or 3006) consisting of mixed or unmixed products for therapeutic or prophylactic use, put up in measured doses (incl. those in the form of transdermal admin. systems) or packed for retail sale",kg,2997.99,762619.93
X,32,ARG,634,QAT,3004,"Medicaments; (not goods of heading no. 3002, 3005 or 3006) consisting of mixed or unmixed products for therapeutic or prophylactic use, put up in measured doses (incl. those in the form of transdermal admin. systems) or packed for retail sale",kg,9040.18,336529.99
X,32,ARG,643,RUS,3004,"Medicaments; (not goods of heading no. 3002, 3005 or 3006) consisting of mixed or unmixed products for therapeutic or prophylactic use, put up in measured doses (incl. those in the form of transdermal admin. systems) or packed for retail sale",kg,1432.49,230468.47
X,32,ARG,710,ZAF,3004,"Medicaments; (not goods of heading no. 3002, 3005 or 3006) consisting of mixed or unmixed products for therapeutic or prophylactic use, put up in measured doses (incl. those in the form of transdermal admin. systems) or packed for retail sale",kg,485.01,30052.75
X,32,ARG,764,THA,3004,"Medicaments; (not goods of heading no. 3002, 3005 or 3006) consisting of mixed or unmixed products for therapeutic or prophylactic use, put up in measured doses (incl. those in the form of transdermal admin. systems) or packed for retail sale",kg,3584.56,80175.84
X,32,ARG,784,ARE,3004,"Medicaments; (not goods of heading no. 3002, 3005 or 3006) consisting of mixed or unmixed products for therapeutic or prophylactic use, put up in measured doses (incl. those in the form of transdermal admin. systems) or packed for retail sale",kg,14811.26,1163421.04
X,32,ARG,792,TUR,3004,"Medicaments; (not goods of heading no. 3002, 3005 or 3006) consisting of mixed or unmixed products for therapeutic or prophylactic use, put up in measured doses (incl. those in the form of transdermal admin. systems) or packed for retail sale",kg,508.86,316382.26
X,32,ARG,838,X2 ,3004,"Medicaments; (not goods of heading no. 3002, 3005 or 3006) consisting of mixed or unmixed products for therapeutic or prophylactic use, put up in measured doses (incl. those in the form of transdermal admin. systems) or packed for retail sale",kg,13880.01,1507885.36
X,32,ARG,842,USA,3004,"Medicaments; (not goods of heading no. 3002, 3005 or 3006) consisting of mixed or unmixed products for therapeutic or prophylactic use, put up in measured doses (incl. those in the form of transdermal admin. systems) or packed for retail sale",kg,842379.8,18762787.91
X,32,ARG,858,URY,3004,"Medicaments; (not goods of heading no. 3002, 3005 or 3006) consisting of mixed or unmixed products for therapeutic or prophylactic use, put up in measured doses (incl. those in the form of transdermal admin. systems) or packed for retail sale",kg,3133827.61,124030039.07
X,32,ARG,862,VEN,3004,"Medicaments; (not goods of heading no. 3002, 3005 or 3006) consisting of mixed or unmixed products for therapeutic or prophylactic use, put up in measured doses (incl. those in the form of transdermal admin. systems) or packed for retail sale",kg,30574.87,1759555.64
X,32,ARG,899,_X ,3004,"Medicaments; (not goods of heading no. 3002, 3005 or 3006) consisting of mixed or unmixed products for therapeutic or prophylactic use, put up in measured doses (incl. those in the form of transdermal admin. systems) or packed for retail sale",kg,39497.34,2431101.34
X,32,ARG,0,W00,3005,"Wadding, gauze, bandages (dressings, adhesive plasters, poultices), impregnated or coated with pharmaceutical substances or in forms or packings for retail sale, for medical, surgical or veterinary use",kg,11741.8,177342.71
X,32,ARG,152,CHL,3005,"Wadding, gauze, bandages (dressings, adhesive plasters, poultices), impregnated or coated with pharmaceutical substances or in forms or packings for retail sale, for medical, surgical or veterinary use",kg,932.96,29267.11
X,32,ARG,600,PRY,3005,"Wadding, gauze, bandages (dressings, adhesive plasters, poultices), impregnated or coated with pharmaceutical substances or in forms or packings for retail sale, for medical, surgical or veterinary use",kg,464.21,11217.2
X,32,ARG,858,URY,3005,"Wadding, gauze, bandages (dressings, adhesive plasters, poultices), impregnated or coated with pharmaceutical substances or in forms or packings for retail sale, for medical, surgical or veterinary use",kg,10344.63,136858.4
X,32,ARG,0,W00,3006,Pharmaceutical goods,kg,1267.11,177570.1
X,32,ARG,68,BOL,3006,Pharmaceutical goods,kg,80.07,11896.0
X,32,ARG,152,CHL,3006,Pharmaceutical goods,kg,86.81,11800.91
X,32,ARG,218,ECU,3006,Pharmaceutical goods,kg,300.14,56791.81
X,32,ARG,591,PAN,3006,Pharmaceutical goods,kg,2.79,1477.89
X,32,ARG,600,PRY,3006,Pharmaceutical goods,kg,49.28,9613.66
X,32,ARG,858,URY,3006,Pharmaceutical goods,kg,664.7,81681.84
X,32,ARG,899,_X ,3006,Pharmaceutical goods,kg,83.32,4307.99
X,32,ARG,0,W00,3901,"Polymers of ethylene, in primary forms",kg,26599525.0,34790346.12
X,32,ARG,76,BRA,3901,"Polymers of ethylene, in primary forms",kg,24763490.0,31565405.08
X,32,ARG,152,CHL,3901,"Polymers of ethylene, in primary forms",kg,937350.0,1399247.58
X,32,ARG,858,URY,3901,"Polymers of ethylene, in primary forms",kg,894985.0,1805728.46
X,32,ARG,899,_X ,3901,"Polymers of ethylene, in primary forms",kg,3700.0,19965.0
X,32,ARG,0,W00,3902,"Polymers of propylene or of other olefins, in primary forms",kg,14967285.0,23346926.93
X,32,ARG,76,BRA,3902,"Polymers of propylene or of other olefins, in primary forms",kg,14267685.0,22266617.43
X,32,ARG,152,CHL,3902,"Polymers of propylene or of other olefins, in primary forms",kg,699600.0,1080309.5
X,32,ARG,0,W00,3903,"Polymers of styrene, in primary forms",kg,2510618.0,4628592.0
X,32,ARG,152,CHL,3903,"Polymers of styrene, in primary forms",kg,2004421.0,3755535.07
X,32,ARG,600,PRY,3903,"Polymers of styrene, in primary forms",kg,249605.0,434756.13
X,32,ARG,858,URY,3903,"Polymers of styrene, in primary forms",kg,256592.0,438300.8
X,32,ARG,0,W00,3904,"Polymers of vinyl chloride or of other halogenated olefins, in primary forms",kg,3720355.0,6234837.7
X,32,ARG,68,BOL,3904,"Polymers of vinyl chloride or of other halogenated olefins, in primary forms",kg,303875.0,465510.0
X,32,ARG,76,BRA,3904,"Polymers of vinyl chloride or of other halogenated olefins, in primary forms",kg,2823855.0,4639680.7
X,32,ARG,152,CHL,3904,"Polymers of vinyl chloride or of other halogenated olefins, in primary forms",kg,458700.0,912989.5
X,32,ARG,858,URY,3904,"Polymers of vinyl chloride or of other halogenated olefins, in primary forms",kg,133925.0,216657.5
X,32,ARG,0,W00,3905,"Polymers of vinyl acetate or of other vinyl esters, in primary forms; other vinyl polymers in primary forms",kg,158912.0,313315.79
X,32,ARG,152,CHL,3905,"Polymers of vinyl acetate or of other vinyl esters, in primary forms; other vinyl polymers in primary forms",kg,100712.0,206165.79
X,32,ARG,600,PRY,3905,"Polymers of vinyl acetate or of other vinyl esters, in primary forms; other vinyl polymers in primary forms",kg,58200.0,107150.0
X,32,ARG,0,W00,3906,Acrylic polymers in primary forms,kg,2042506.05,4211229.2
X,32,ARG,68,BOL,3906,Acrylic polymers in primary forms,kg,116633.25,324867.03
X,32,ARG,76,BRA,3906,Acrylic polymers in primary forms,kg,454014.0,823721.52
X,32,ARG,152,CHL,3906,Acrylic polymers in primary forms,kg,1029175.3,1821820.94
X,32,ARG,600,PRY,3906,Acrylic polymers in primary forms,kg,152686.3,489262.12
X,32,ARG,858,URY,3906,Acrylic polymers in primary forms,kg,289997.2,751557.59
X,32,ARG,0,W00,3907,"Polyacetals, other polyethers and epoxide resins, in primary forms; polycarbonates, alkyd resins, polyallyl esters and other polyesters, in primary forms",kg,4312932.68,8308138.0
X,32,ARG,68,BOL,3907,"Polyacetals, other polyethers and epoxide resins, in primary forms; polycarbonates, alkyd resins, polyallyl esters and other polyesters, in primary forms",kg,76860.0,164929.79
X,32,ARG,76,BRA,3907,"Polyacetals, other polyethers and epoxide resins, in primary forms; polycarbonates, alkyd resins, polyallyl esters and other polyesters, in primary forms",kg,893245.0,2232067.19
X,32,ARG,152,CHL,3907,"Polyacetals, other polyethers and epoxide resins, in primary forms; polycarbonates, alkyd resins, polyallyl esters and other polyesters, in primary forms",kg,1145617.9,2314477.71
X,32,ARG,600,PRY,3907,"Polyacetals, other polyethers and epoxide resins, in primary forms; polycarbonates, alkyd resins, polyallyl esters and other polyesters, in primary forms",kg,1104601.18,1752001.21
X,32,ARG,858,URY,3907,"Polyacetals, other polyethers and epoxide resins, in primary forms; polycarbonates, alkyd resins, polyallyl esters and other polyesters, in primary forms",kg,1092608.6,1844662.1
X,32,ARG,0,W00,3908,Polyamides in primary forms,kg,64.5,6145.0
X,32,ARG,899,_X ,3908,Polyamides in primary forms,kg,64.5,6145.0
X,32,ARG,0,W00,3909,"Amino-resins, phenolic resins and polyurethanes, in primary forms",kg,407595.6,1612417.08
X,32,ARG,76,BRA,3909,"Amino-resins, phenolic resins and polyurethanes, in primary forms",kg,262609.6,925202.45
X,32,ARG,152,CHL,3909,"Amino-resins, phenolic resins and polyurethanes, in primary forms",kg,32042.7,75518.61
X,32,ARG,600,PRY,3909,"Amino-resins, phenolic resins and polyurethanes, in primary forms",kg,14229.0,55090.85
X,32,ARG,858,URY,3909,"Amino-resins, phenolic resins and polyurethanes, in primary forms",kg,98714.3,556605.17
X,32,ARG,0,W00,3910,Silicones in primary forms,kg,49197.07,369212.21
X,32,ARG,68,BOL,3910,Silicones in primary forms,kg,24993.75,164982.99
X,32,ARG,76,BRA,3910,Silicones in primary forms,kg,240.0,2681.7
X,32,ARG,152,CHL,3910,Silicones in primary forms,kg,15264.0,119075.36
X,32,ARG,600,PRY,3910,Silicones in primary forms,kg,6367.96,61080.93
X,32,ARG,858,URY,3910,Silicones in primary forms,kg,2331.36,21391.23
X,32,ARG,0,W00,3912,"Cellulose and its chemical derivatives, n.e.c. or included, in primary forms",kg,26818.02,60229.06
X,32,ARG,68,BOL,3912,"Cellulose and its chemical derivatives, n.e.c. or included, in primary forms",kg,25158.0,47694.65
X,32,ARG,76,BRA,3912,"Cellulose and its chemical derivatives, n.e.c. or included, in primary forms",kg,60.0,2882.31
X,32,ARG,858,URY,3912,"Cellulose and its chemical derivatives, n.e.c. or included, in primary forms",kg,1600.02,9652.1
X,32,ARG,0,W00,3916,"Monofilament of which any cross-sectional dimension exceeds 1mm, rods, sticks and profile shapes, whether or not surface-worked but not otherwise worked, of plastics",kg,764403.94,3006823.87
X,32,ARG,68,BOL,3916,"Monofilament of which any cross-sectional dimension exceeds 1mm, rods, sticks and profile shapes, whether or not surface-worked but not otherwise worked, of plastics",kg,38949.8,126923.29
X,32,ARG,76,BRA,3916,"Monofilament of which any cross-sectional dimension exceeds 1mm, rods, sticks and profile shapes, whether or not surface-worked but not otherwise worked, of plastics",kg,453699.7,1552236.96
X,32,ARG,152,CHL,3916,"Monofilament of which any cross-sectional dimension exceeds 1mm, rods, sticks and profile shapes, whether or not surface-worked but not otherwise worked, of plastics",kg,107778.38,541083.75
X,32,ARG,858,URY,3916,"Monofilament of which any cross-sectional dimension exceeds 1mm, rods, sticks and profile shapes, whether or not surface-worked but not otherwise worked, of plastics",kg,142128.19,707930.88
X,32,ARG,899,_X ,3916,"Monofilament of which any cross-sectional dimension exceeds 1mm, rods, sticks and profile shapes, whether or not surface-worked but not otherwise worked, of plastics",kg,21847.87,78648.99
X,32,ARG,0,W00,3917,"Tubes, pipes and hoses and fittings thereof (for example, joints, elbows, flanges), of plastics",kg,17629986.16,57306544.8
X,32,ARG,36,AUS,3917,"Tubes, pipes and hoses and fittings thereof (for example, joints, elbows, flanges), of plastics",kg,918046.0,2724923.4
X,32,ARG,68,BOL,3917,"Tubes, pipes and hoses and fittings thereof (for example, joints, elbows, flanges), of plastics",kg,700647.06,3467275.94
X,32,ARG,76,BRA,3917,"Tubes, pipes and hoses and fittings thereof (for example, joints, elbows, flanges), of plastics",kg,7705508.98,21861241.06
X,32,ARG,152,CHL,3917,"Tubes, pipes and hoses and fittings thereof (for example, joints, elbows, flanges), of plastics",kg,1214309.3,5345468.13
X,32,ARG,170,COL,3917,"Tubes, pipes and hoses and fittings thereof (for example, joints, elbows, flanges), of plastics",kg,209436.38,799379.81
X,32,ARG,188,CRI,3917,"Tubes, pipes and hoses and fittings thereof (for example, joints, elbows, flanges), of plastics",kg,951.63,7787.6
X,32,ARG,218,ECU,3917,"Tubes, pipes and hoses and fittings thereof (for example, joints, elbows, flanges), of plastics",kg,124108.47,919613.61
X,32,ARG,484,MEX,3917,"Tubes, pipes and hoses and fittings thereof (for example, joints, elbows, flanges), of plastics",kg,179068.75,731600.32
X,32,ARG,600,PRY,3917,"Tubes, pipes and hoses and fittings thereof (for example, joints, elbows, flanges), of plastics",kg,1990897.17,5436735.53
X,32,ARG,604,PER,3917,"Tubes, pipes and hoses and fittings thereof (for example, joints, elbows, flanges), of plastics",kg,442249.44,2256944.95
X,32,ARG,643,RUS,3917,"Tubes, pipes and hoses and fittings thereof (for example, joints, elbows, flanges), of plastics",kg,296487.0,540522.3
X,32,ARG,710,ZAF,3917,"Tubes, pipes and hoses and fittings thereof (for example, joints, elbows, flanges), of plastics",kg,497080.0,1282178.75
X,32,ARG,842,USA,3917,"Tubes, pipes and hoses and fittings thereof (for example, joints, elbows, flanges), of plastics",kg,1267336.13,3785406.77
X,32,ARG,858,URY,3917,"Tubes, pipes and hoses and fittings thereof (for example, joints, elbows, flanges), of plastics",kg,2063158.14,8066695.18
X,32,ARG,899,_X ,3917,"Tubes, pipes and hoses and fittings thereof (for example, joints, elbows, flanges), of plastics",kg,20701.71,80771.45
X,32,ARG,0,W00,3919,"Self-adhesive plates, sheets, film, foil, tape, strip and other flat shapes, of plastics, whether or not in rolls",kg,1265983.05,7053876.5
X,32,ARG,68,BOL,3919,"Self-adhesive plates, sheets, film, foil, tape, strip and other flat shapes, of plastics, whether or not in rolls",kg,7251.35,27268.88
X,32,ARG,76,BRA,3919,"Self-adhesive plates, sheets, film, foil, tape, strip and other flat shapes, of plastics, whether or not in rolls",kg,595566.15,3806022.97
X,32,ARG,152,CHL,3919,"Self-adhesive plates, sheets, film, foil, tape, strip and other flat shapes, of plastics, whether or not in rolls",kg,539652.35,2325137.04
X,32,ARG,170,COL,3919,"Self-adhesive plates, sheets, film, foil, tape, strip and other flat shapes, of plastics, whether or not in rolls",kg,585.84,10334.16
X,32,ARG,484,MEX,3919,"Self-adhesive plates, sheets, film, foil, tape, strip and other flat shapes, of plastics, whether or not in rolls",kg,987.78,21935.38
X,32,ARG,600,PRY,3919,"Self-adhesive plates, sheets, film, foil, tape, strip and other flat shapes, of plastics, whether or not in rolls",kg,16909.63,159043.62
X,32,ARG,604,PER,3919,"Self-adhesive plates, sheets, film, foil, tape, strip and other flat shapes, of plastics, whether or not in rolls",kg,3175.15,51000.66
X,32,ARG,842,USA,3919,"Self-adhesive plates, sheets, film, foil, tape, strip and other flat shapes, of plastics, whether or not in rolls",kg,38.11,8819.95
X,32,ARG,858,URY,3919,"Self-adhesive plates, sheets, film, foil, tape, strip and other flat shapes, of plastics, whether or not in rolls",kg,101267.0,642243.84
X,32,ARG,899,_X ,3919,"Self-adhesive plates, sheets, film, foil, tape, strip and other flat shapes, of plastics, whether or not in rolls",kg,549.69,2070.0
X,32,ARG,0,W00,3920,"Plastics; plates, sheets, film, foil and strip (not self-adhesive); non-cellular and not reinforced, laminated, supported or similarly combined with other materials, n.e.c. in chapter 39",kg,12585007.68,41959261.35
X,32,ARG,68,BOL,3920,"Plastics; plates, sheets, film, foil and strip (not self-adhesive); non-cellular and not reinforced, laminated, supported or similarly combined with other materials, n.e.c. in chapter 39",kg,328521.9,778467.43
X,32,ARG,76,BRA,3920,"Plastics; plates, sheets, film, foil and strip (not self-adhesive); non-cellular and not reinforced, laminated, supported or similarly combined with other materials, n.e.c. in chapter 39",kg,1586866.5,7288302.06
X,32,ARG,152,CHL,3920,"Plastics; plates, sheets, film, foil and strip (not self-adhesive); non-cellular and not reinforced, laminated, supported or similarly combined with other materials, n.e.c. in chapter 39",kg,5873123.33,18443656.25
X,32,ARG,170,COL,3920,"Plastics; plates, sheets, film, foil and strip (not self-adhesive); non-cellular and not reinforced, laminated, supported or similarly combined with other materials, n.e.c. in chapter 39",kg,60028.7,193614.28
X,32,ARG,600,PRY,3920,"Plastics; plates, sheets, film, foil and strip (not self-adhesive); non-cellular and not reinforced, laminated, supported or similarly combined with other materials, n.e.c. in chapter 39",kg,1422575.96,4854103.73
X,32,ARG,858,URY,3920,"Plastics; plates, sheets, film, foil and strip (not self-adhesive); non-cellular and not reinforced, laminated, supported or similarly combined with other materials, n.e.c. in chapter 39",kg,3313891.29,10401117.6
X,32,ARG,0,W00,3921,"Plastic plates, sheets, film, foil and strip n.e.c. in chapter 39",kg,701458.13,2955434.16
X,32,ARG,68,BOL,3921,"Plastic plates, sheets, film, foil and strip n.e.c. in chapter 39",kg,147579.52,766351.76
X,32,ARG,76,BRA,3921,"Plastic plates, sheets, film, foil and strip n.e.c. in chapter 39",kg,47464.0,171937.65
X,32,ARG,152,CHL,3921,"Plastic plates, sheets, film, foil and strip n.e.c. in chapter 39",kg,105605.24,353052.28
X,32,ARG,600,PRY,3921,"Plastic plates, sheets, film, foil and strip n.e.c. in chapter 39",kg,87997.16,285429.56
X,32,ARG,604,PER,3921,"Plastic plates, sheets, film, foil and strip n.e.c. in chapter 39",kg,2833.2,17849.5
X,32,ARG,842,USA,3921,"Plastic plates, sheets, film, foil and strip n.e.c. in chapter 39",kg,51056.6,163066.48
X,32,ARG,858,URY,3921,"Plastic plates, sheets, film, foil and strip n.e.c. in chapter 39",kg,258922.41,1197746.93
X,32,ARG,0,W00,3922,"Sanitary ware; baths, shower-baths, sinks, wash-basins, bidets, lavatory pans, seats and covers, flushing cisterns and sanitary ware, of plastics",kg,23823.97,164982.35
X,32,ARG,858,URY,3922,"Sanitary ware; baths, shower-baths, sinks, wash-basins, bidets, lavatory pans, seats and covers, flushing cisterns and sanitary ware, of plastics",kg,23823.97,164982.35
X,32,ARG,0,W00,3923,"Plastic articles for the conveyance or packing of goods; stoppers, lids, caps and other closures of plastics",kg,20608723.36,81934378.93
X,32,ARG,68,BOL,3923,"Plastic articles for the conveyance or packing of goods; stoppers, lids, caps and other closures of plastics",kg,522897.54,2762571.14
X,32,ARG,76,BRA,3923,"Plastic articles for the conveyance or packing of goods; stoppers, lids, caps and other closures of plastics",kg,6855276.97,24935110.18
X,32,ARG,152,CHL,3923,"Plastic articles for the conveyance or packing of goods; stoppers, lids, caps and other closures of plastics",kg,6062024.49,22091195.08
X,32,ARG,170,COL,3923,"Plastic articles for the conveyance or packing of goods; stoppers, lids, caps and other closures of plastics",kg,120823.64,872094.61
X,32,ARG,218,ECU,3923,"Plastic articles for the conveyance or packing of goods; stoppers, lids, caps and other closures of plastics",kg,5919.55,77023.95
X,32,ARG,484,MEX,3923,"Plastic articles for the conveyance or packing of goods; stoppers, lids, caps and other closures of plastics",kg,102499.89,482984.43
X,32,ARG,600,PRY,3923,"Plastic articles for the conveyance or packing of goods; stoppers, lids, caps and other closures of plastics",kg,2111166.78,8197444.69
X,32,ARG,604,PER,3923,"Plastic articles for the conveyance or packing of goods; stoppers, lids, caps and other closures of plastics",kg,60289.14,398738.53
X,32,ARG,724,ESP,3923,"Plastic articles for the conveyance or packing of goods; stoppers, lids, caps and other closures of plastics",kg,289.63,5180.33
X,32,ARG,842,USA,3923,"Plastic articles for the conveyance or packing of goods; stoppers, lids, caps and other closures of plastics",kg,151291.18,1774573.9
X,32,ARG,858,URY,3923,"Plastic articles for the conveyance or packing of goods; stoppers, lids, caps and other closures of plastics",kg,4601618.2,20270027.76
X,32,ARG,899,_X ,3923,"Plastic articles for the conveyance or packing of goods; stoppers, lids, caps and other closures of plastics",kg,14626.35,67434.33
X,32,ARG,0,W00,3924,"Tableware, kitchenware, other household articles and hygienic or toilet articles, of plastics",kg,458030.68,3284885.37
X,32,ARG,68,BOL,3924,"Tableware, kitchenware, other household articles and hygienic or toilet articles, of plastics",kg,7211.23,73031.3
X,32,ARG,152,CHL,3924,"Tableware, kitchenware, other household articles and hygienic or toilet articles, of plastics",kg,88579.43,964685.16
X,32,ARG,600,PRY,3924,"Tableware, kitchenware, other household articles and hygienic or toilet articles, of plastics",kg,88943.13,752172.22
X,32,ARG,604,PER,3924,"Tableware, kitchenware, other household articles and hygienic or toilet articles, of plastics",kg,509.06,4992.68
X,32,ARG,842,USA,3924,"Tableware, kitchenware, other household articles and hygienic or toilet articles, of plastics",kg,7409.26,42680.19
X,32,ARG,858,URY,3924,"Tableware, kitchenware, other household articles and hygienic or toilet articles, of plastics",kg,265341.07,1447268.82
X,32,ARG,899,_X ,3924,"Tableware, kitchenware, other household articles and hygienic or toilet articles, of plastics",kg,37.5,55.0
X,32,ARG,0,W00,3925,Plastics; builders' wares n.e.c. or included,kg,983487.24,5615840.12
X,32,ARG,68,BOL,3925,Plastics; builders' wares n.e.c. or included,kg,79955.63,366291.55
X,32,ARG,76,BRA,3925,Plastics; builders' wares n.e.c. or included,kg,99547.08,880768.59
X,32,ARG,152,CHL,3925,Plastics; builders' wares n.e.c. or included,kg,397080.1,2058812.28
X,32,ARG,170,COL,3925,Plastics; builders' wares n.e.c. or included,kg,6969.39,61417.32
X,32,ARG,484,MEX,3925,Plastics; builders' wares n.e.c. or included,kg,3145.89,16722.7
X,32,ARG,600,PRY,3925,Plastics; builders' wares n.e.c. or included,kg,161612.18,993692.25
X,32,ARG,604,PER,3925,Plastics; builders' wares n.e.c. or included,kg,679.96,14280.64
X,32,ARG,858,URY,3925,Plastics; builders' wares n.e.c. or included,kg,234485.21,1223033.79
X,32,ARG,899,_X ,3925,Plastics; builders' wares n.e.c. or included,kg,11.8,821.0
X,32,ARG,0,W00,3926,"Articles of plastics and articles of other materials of heading no. 3901 to 3914, n.e.c. in chapter 39",kg,2307210.77,18977224.26
X,32,ARG,36,AUS,3926,"Articles of plastics and articles of other materials of heading no. 3901 to 3914, n.e.c. in chapter 39",kg,829.68,18598.89
X,32,ARG,68,BOL,3926,"Articles of plastics and articles of other materials of heading no. 3901 to 3914, n.e.c. in chapter 39",kg,147085.48,1033403.98
X,32,ARG,76,BRA,3926,"Articles of plastics and articles of other materials of heading no. 3901 to 3914, n.e.c. in chapter 39",kg,325544.96,3775161.97
X,32,ARG,152,CHL,3926,"Articles of plastics and articles of other materials of heading no. 3901 to 3914, n.e.c. in chapter 39",kg,502356.05,3568950.71
X,32,ARG,156,CHN,3926,"Articles of plastics and articles of other materials of heading no. 3901 to 3914, n.e.c. in chapter 39",kg,504.44,8316.6
X,32,ARG,170,COL,3926,"Articles of plastics and articles of other materials of heading no. 3901 to 3914, n.e.c. in chapter 39",kg,65054.82,640971.54
X,32,ARG,188,CRI,3926,"Articles of plastics and articles of other materials of heading no. 3901 to 3914, n.e.c. in chapter 39",kg,18502.8,310863.79
X,32,ARG,214,DOM,3926,"Articles of plastics and articles of other materials of heading no. 3901 to 3914, n.e.c. in chapter 39",kg,1220.23,22589.09
X,32,ARG,218,ECU,3926,"Articles of plastics and articles of other materials of heading no. 3901 to 3914, n.e.c. in chapter 39",kg,31398.25,320966.74
X,32,ARG,251,FRA,3926,"Articles of plastics and articles of other materials of heading no. 3901 to 3914, n.e.c. in chapter 39",kg,4040.76,111289.7
X,32,ARG,276,DEU,3926,"Articles of plastics and articles of other materials of heading no. 3901 to 3914, n.e.c. in chapter 39",kg,3668.46,136537.42
X,32,ARG,320,GTM,3926,"Articles of plastics and articles of other materials of heading no. 3901 to 3914, n.e.c. in chapter 39",kg,2237.16,53233.96
X,32,ARG,340,HND,3926,"Articles of plastics and articles of other materials of heading no. 3901 to 3914, n.e.c. in chapter 39",kg,2521.82,19410.62
X,32,ARG,380,ITA,3926,"Articles of plastics and articles of other materials of heading no. 3901 to 3914, n.e.c. in chapter 39",kg,1729.07,44392.25
X,32,ARG,484,MEX,3926,"Articles of plastics and articles of other materials of heading no. 3901 to 3914, n.e.c. in chapter 39",kg,56756.77,857397.67
X,32,ARG,558,NIC,3926,"Articles of plastics and articles of other materials of heading no. 3901 to 3914, n.e.c. in chapter 39",kg,87.5,6552.42
X,32,ARG,591,PAN,3926,"Articles of plastics and articles of other materials of heading no. 3901 to 3914, n.e.c. in chapter 39",kg,1737.68,25104.29
X,32,ARG,600,PRY,3926,"Articles of plastics and articles of other materials of heading no. 3901 to 3914, n.e.c. in chapter 39",kg,336984.71,2633981.45
X,32,ARG,604,PER,3926,"Articles of plastics and articles of other materials of heading no. 3901 to 3914, n.e.c. in chapter 39",kg,48347.9,426337.32
X,32,ARG,616,POL,3926,"Articles of plastics and articles of other materials of heading no. 3901 to 3914, n.e.c. in chapter 39",kg,41.12,942.01
X,32,ARG,643,RUS,3926,"Articles of plastics and articles of other materials of heading no. 3901 to 3914, n.e.c. in chapter 39",kg,195.29,9211.59
X,32,ARG,724,ESP,3926,"Articles of plastics and articles of other materials of heading no. 3901 to 3914, n.e.c. in chapter 39",kg,2438.9,35759.06
X,32,ARG,842,USA,3926,"Articles of plastics and articles of other materials of heading no. 3901 to 3914, n.e.c. in chapter 39",kg,38332.48,514749.76
X,32,ARG,858,URY,3926,"Articles of plastics and articles of other materials of heading no. 3901 to 3914, n.e.c. in chapter 39",kg,714582.13,4394272.18
X,32,ARG,862,VEN,3926,"Articles of plastics and articles of other materials of heading no. 3901 to 3914, n.e.c. in chapter 39",kg,839.03,4005.96
X,32,ARG,899,_X ,3926,"Articles of plastics and articles of other materials of heading no. 3901 to 3914, n.e.c. in chapter 39",kg,173.28,4223.29
X,32,ARG,0,W00,4002,"Synthetic rubber and factice derived from oils, in primary forms or in plates, sheets or strip; mixtures of heading no. 4001 and 4002, in primary forms or in plates, sheets or strip",kg,16809517.0,29767293.25
X,32,ARG,76,BRA,4002,"Synthetic rubber and factice derived from oils, in primary forms or in plates, sheets or strip; mixtures of heading no. 4001 and 4002, in primary forms or in plates, sheets or strip",kg,16809517.0,29767293.25
X,32,ARG,0,W00,4005,"Compounded rubber, unvulcanised, in primary forms or in plates, sheets or strip",kg,287834.1,1217293.13
X,32,ARG,76,BRA,4005,"Compounded rubber, unvulcanised, in primary forms or in plates, sheets or strip",kg,237111.0,1071060.7
X,32,ARG,152,CHL,4005,"Compounded rubber, unvulcanised, in primary forms or in plates, sheets or strip",kg,50723.1,146232.43
X,32,ARG,0,W00,4008,"Plates, sheets, strip, rods and profile shapes, of vulcanised rubber other than hard rubber",kg,17841.34,140349.32
X,32,ARG,68,BOL,4008,"Plates, sheets, strip, rods and profile shapes, of vulcanised rubber other than hard rubber",kg,358.06,2034.42
X,32,ARG,152,CHL,4008,"Plates, sheets, strip, rods and profile shapes, of vulcanised rubber other than hard rubber",kg,2907.97,11384.04
X,32,ARG,858,URY,4008,"Plates, sheets, strip, rods and profile shapes, of vulcanised rubber other than hard rubber",kg,14575.31,126930.86
X,32,ARG,0,W00,4009,"Tubes, pipes and hoses, of vulcanised rubber (other than hard rubber), with or without their fittings (e.g. joints, elbows, flanges)",kg,680919.24,4849666.62
X,32,ARG,68,BOL,4009,"Tubes, pipes and hoses, of vulcanised rubber (other than hard rubber), with or without their fittings (e.g. joints, elbows, flanges)",kg,11954.5,124532.57
X,32,ARG,76,BRA,4009,"Tubes, pipes and hoses, of vulcanised rubber (other than hard rubber), with or without their fittings (e.g. joints, elbows, flanges)",kg,411998.17,2648381.37
X,32,ARG,152,CHL,4009,"Tubes, pipes and hoses, of vulcanised rubber (other than hard rubber), with or without their fittings (e.g. joints, elbows, flanges)",kg,20726.6,152435.36
X,32,ARG,170,COL,4009,"Tubes, pipes and hoses, of vulcanised rubber (other than hard rubber), with or without their fittings (e.g. joints, elbows, flanges)",kg,8347.63,63669.46
X,32,ARG,484,MEX,4009,"Tubes, pipes and hoses, of vulcanised rubber (other than hard rubber), with or without their fittings (e.g. joints, elbows, flanges)",kg,27954.66,216288.43
X,32,ARG,600,PRY,4009,"Tubes, pipes and hoses, of vulcanised rubber (other than hard rubber), with or without their fittings (e.g. joints, elbows, flanges)",kg,20602.68,192029.85
X,32,ARG,604,PER,4009,"Tubes, pipes and hoses, of vulcanised rubber (other than hard rubber), with or without their fittings (e.g. joints, elbows, flanges)",kg,33988.31,207982.54
X,32,ARG,842,USA,4009,"Tubes, pipes and hoses, of vulcanised rubber (other than hard rubber), with or without their fittings (e.g. joints, elbows, flanges)",kg,89676.01,784934.83
X,32,ARG,858,URY,4009,"Tubes, pipes and hoses, of vulcanised rubber (other than hard rubber), with or without their fittings (e.g. joints, elbows, flanges)",kg,55661.95,458890.25
X,32,ARG,899,_X ,4009,"Tubes, pipes and hoses, of vulcanised rubber (other than hard rubber), with or without their fittings (e.g. joints, elbows, flanges)",kg,8.73,521.96
X,32,ARG,0,W00,4010,"Conveyor or transmission belts or belting, of vulcanised rubber",kg,287520.33,4994098.56
X,32,ARG,68,BOL,4010,"Conveyor or transmission belts or belting, of vulcanised rubber",kg,4.04,748.24
X,32,ARG,76,BRA,4010,"Conveyor or transmission belts or belting, of vulcanised rubber",kg,233933.1,4101478.73
X,32,ARG,152,CHL,4010,"Conveyor or transmission belts or belting, of vulcanised rubber",kg,362.59,20948.29
X,32,ARG,484,MEX,4010,"Conveyor or transmission belts or belting, of vulcanised rubber",kg,10622.3,138337.55
X,32,ARG,600,PRY,4010,"Conveyor or transmission belts or belting, of vulcanised rubber",kg,2555.53,43701.69
X,32,ARG,604,PER,4010,"Conveyor or transmission belts or belting, of vulcanised rubber",kg,56.26,9991.4
X,32,ARG,842,USA,4010,"Conveyor or transmission belts or belting, of vulcanised rubber",kg,37578.36,614431.08
X,32,ARG,858,URY,4010,"Conveyor or transmission belts or belting, of vulcanised rubber",kg,2408.15,64461.58
X,32,ARG,0,W00,4011,"New pneumatic tyres, of rubber",u,699717.0,25632231.84
X,32,ARG,68,BOL,4011,"New pneumatic tyres, of rubber",u,4930.0,261463.16
X,32,ARG,76,BRA,4011,"New pneumatic tyres, of rubber",u,680630.0,25105145.56
X,32,ARG,858,URY,4011,"New pneumatic tyres, of rubber",u,13957.0,250113.12
X,32,ARG,899,_X ,4011,"New pneumatic tyres, of rubber",u,200.0,15510.0
X,32,ARG,0,W00,4012,"Retreaded or used pneumatic tyres of rubber; solid or cushion tyres, tyre treads and tyre flaps, of rubber",kg,26370.4,93616.2
X,32,ARG,600,PRY,4012,"Retreaded or used pneumatic tyres of rubber; solid or cushion tyres, tyre treads and tyre flaps, of rubber",kg,6596.0,23987.0
X,32,ARG,858,URY,4012,"Retreaded or used pneumatic tyres of rubber; solid or cushion tyres, tyre treads and tyre flaps, of rubber",kg,19774.4,69629.2
X,32,ARG,0,W00,4014,"Hygienic or pharmaceutical articles (including teats), of vulcanised rubber other than hard rubber, with or without fittings of hard rubber",kg,204.53,7421.59
X,32,ARG,858,URY,4014,"Hygienic or pharmaceutical articles (including teats), of vulcanised rubber other than hard rubber, with or without fittings of hard rubber",kg,204.53,7421.59
X,32,ARG,0,W00,4016,"Articles of vulcanised rubber other than hard rubber, n.e.c. in chapter 40",kg,828270.88,10014270.94
X,32,ARG,36,AUS,4016,"Articles of vulcanised rubber other than hard rubber, n.e.c. in chapter 40",kg,4.69,2891.99
X,32,ARG,56,BEL,4016,"Articles of vulcanised rubber other than hard rubber, n.e.c. in chapter 40",kg,632.05,16534.42
X,32,ARG,68,BOL,4016,"Articles of vulcanised rubber other than hard rubber, n.e.c. in chapter 40",kg,70647.33,433726.24
X,32,ARG,76,BRA,4016,"Articles of vulcanised rubber other than hard rubber, n.e.c. in chapter 40",kg,170929.13,2900826.03
X,32,ARG,152,CHL,4016,"Articles of vulcanised rubber other than hard rubber, n.e.c. in chapter 40",kg,27329.39,454626.72
X,32,ARG,170,COL,4016,"Articles of vulcanised rubber other than hard rubber, n.e.c. in chapter 40",kg,8810.46,355652.76
X,32,ARG,188,CRI,4016,"Articles of vulcanised rubber other than hard rubber, n.e.c. in chapter 40",kg,3.82,303.1
X,32,ARG,218,ECU,4016,"Articles of vulcanised rubber other than hard rubber, n.e.c. in chapter 40",kg,2278.37,83127.18
X,32,ARG,251,FRA,4016,"Articles of vulcanised rubber other than hard rubber, n.e.c. in chapter 40",kg,685.75,54438.81
X,32,ARG,276,DEU,4016,"Articles of vulcanised rubber other than hard rubber, n.e.c. in chapter 40",kg,14863.55,362283.39
X,32,ARG,320,GTM,4016,"Articles of vulcanised rubber other than hard rubber, n.e.c. in chapter 40",kg,2318.81,29717.75
X,32,ARG,380,ITA,4016,"Articles of vulcanised rubber other than hard rubber, n.e.c. in chapter 40",kg,544.69,14687.07
X,32,ARG,484,MEX,4016,"Articles of vulcanised rubber other than hard rubber, n.e.c. in chapter 40",kg,13624.04,531102.46
X,32,ARG,558,NIC,4016,"Articles of vulcanised rubber other than hard rubber, n.e.c. in chapter 40",kg,2.08,344.0
X,32,ARG,600,PRY,4016,"Articles of vulcanised rubber other than hard rubber, n.e.c. in chapter 40",kg,27978.46,790868.96
X,32,ARG,604,PER,4016,"Articles of vulcanised rubber other than hard rubber, n.e.c. in chapter 40",kg,4289.35,146772.02
X,32,ARG,643,RUS,4016,"Articles of vulcanised rubber other than hard rubber, n.e.c. in chapter 40",kg,514.58,5416.0
X,32,ARG,699,IND,4016,"Articles of vulcanised rubber other than hard rubber, n.e.c. in chapter 40",kg,1744.2,62207.62
X,32,ARG,724,ESP,4016,"Articles of vulcanised rubber other than hard rubber, n.e.c. in chapter 40",kg,1129.5,19887.55
X,32,ARG,842,USA,4016,"Articles of vulcanised rubber other than hard rubber, n.e.c. in chapter 40",kg,251178.95,1661267.88
X,32,ARG,858,URY,4016,"Articles of vulcanised rubber other than hard rubber, n.e.c. in chapter 40",kg,160654.14,1271090.07
X,32,ARG,899,_X ,4016,"Articles of vulcanised rubber other than hard rubber, n.e.c. in chapter 40",kg,68107.54,816498.92
X,32,ARG,0,W00,5101,"Wool, not carded or combed",kg,6611214.0,32964960.14
X,32,ARG,156,CHN,5101,"Wool, not carded or combed",kg,5713003.0,29823874.24
X,32,ARG,203,CZE,5101,"Wool, not carded or combed",kg,519185.0,1754964.49
X,32,ARG,276,DEU,5101,"Wool, not carded or combed",kg,44733.0,182401.12
X,32,ARG,380,ITA,5101,"Wool, not carded or combed",kg,83098.0,552074.72
X,32,ARG,858,URY,5101,"Wool, not carded or combed",kg,251195.0,651645.57
X,32,ARG,0,W00,5105,Wool and fine or coarse animal hair; carded or combed (including combed wool in fragments),kg,9036719.0,84620109.92
X,32,ARG,276,DEU,5105,Wool and fine or coarse animal hair; carded or combed (including combed wool in fragments),kg,6310224.0,63002386.34
X,32,ARG,380,ITA,5105,Wool and fine or coarse animal hair; carded or combed (including combed wool in fragments),kg,513900.0,4737510.05
X,32,ARG,484,MEX,5105,Wool and fine or coarse animal hair; carded or combed (including combed wool in fragments),kg,246913.0,3201319.97
X,32,ARG,604,PER,5105,Wool and fine or coarse animal hair; carded or combed (including combed wool in fragments),kg,917567.0,7864604.17
X,32,ARG,792,TUR,5105,Wool and fine or coarse animal hair; carded or combed (including combed wool in fragments),kg,1048115.0,5814289.39
X,32,ARG,0,W00,7006,"Glass of heading no. 7003, 7004 or 7005, bent, edge-worked, engraved, drilled, enamelled or otherwise worked, not framed or fitted with other materials",kg,7719.09,14920.16
X,32,ARG,858,URY,7006,"Glass of heading no. 7003, 7004 or 7005, bent, edge-worked, engraved, drilled, enamelled or otherwise worked, not framed or fitted with other materials",kg,7719.09,14920.16
X,32,ARG,0,W00,7007,"Safety glass, consisting of toughened (tempered) or laminated glass",N/A,0.0,1729225.65
X,32,ARG,68,BOL,7007,"Safety glass, consisting of toughened (tempered) or laminated glass",m²,14172.3,158461.79
X,32,ARG,76,BRA,7007,"Safety glass, consisting of toughened (tempered) or laminated glass",kg,337915.45,1035732.7
X,32,ARG,152,CHL,7007,"Safety glass, consisting of toughened (tempered) or laminated glass",kg,4252.26,23915.21
X,32,ARG,170,COL,7007,"Safety glass, consisting of toughened (tempered) or laminated glass",kg,3703.26,45541.96
X,32,ARG,600,PRY,7007,"Safety glass, consisting of toughened (tempered) or laminated glass",kg,13072.21,88675.9
X,32,ARG,604,PER,7007,"Safety glass, consisting of toughened (tempered) or laminated glass",kg,1171.81,9457.14
X,32,ARG,842,USA,7007,"Safety glass, consisting of toughened (tempered) or laminated glass",kg,275.78,3544.87
X,32,ARG,858,URY,7007,"Safety glass, consisting of toughened (tempered) or laminated glass",N/A,0.0,363896.08
X,32,ARG,0,W00,7009,"Glass mirrors; whether or not framed, including rear-view mirrors",kg,78067.05,808190.56
X,32,ARG,76,BRA,7009,"Glass mirrors; whether or not framed, including rear-view mirrors",kg,37858.14,705175.76
X,32,ARG,600,PRY,7009,"Glass mirrors; whether or not framed, including rear-view mirrors",kg,560.76,27095.95
X,32,ARG,842,USA,7009,"Glass mirrors; whether or not framed, including rear-view mirrors",kg,209.91,2017.22
X,32,ARG,858,URY,7009,"Glass mirrors; whether or not framed, including rear-view mirrors",kg,39438.24,73901.63
X,32,ARG,0,W00,7010,"Carboys, bottles, flasks, jars, pots, phials, ampoules, containers of glass of a kind used for the conveyance or packing of goods; preserving jars of glass; stoppers, lids and other closures of glass",kg,55372161.8,28889350.24
X,32,ARG,68,BOL,7010,"Carboys, bottles, flasks, jars, pots, phials, ampoules, containers of glass of a kind used for the conveyance or packing of goods; preserving jars of glass; stoppers, lids and other closures of glass",kg,58679.5,47358.32
X,32,ARG,76,BRA,7010,"Carboys, bottles, flasks, jars, pots, phials, ampoules, containers of glass of a kind used for the conveyance or packing of goods; preserving jars of glass; stoppers, lids and other closures of glass",kg,39395100.0,19197267.69
X,32,ARG,152,CHL,7010,"Carboys, bottles, flasks, jars, pots, phials, ampoules, containers of glass of a kind used for the conveyance or packing of goods; preserving jars of glass; stoppers, lids and other closures of glass",kg,67857.3,41567.64
X,32,ARG,170,COL,7010,"Carboys, bottles, flasks, jars, pots, phials, ampoules, containers of glass of a kind used for the conveyance or packing of goods; preserving jars of glass; stoppers, lids and other closures of glass",kg,11752.44,74400.93
X,32,ARG,600,PRY,7010,"Carboys, bottles, flasks, jars, pots, phials, ampoules, containers of glass of a kind used for the conveyance or packing of goods; preserving jars of glass; stoppers, lids and other closures of glass",kg,8831275.8,5659892.29
X,32,ARG,858,URY,7010,"Carboys, bottles, flasks, jars, pots, phials, ampoules, containers of glass of a kind used for the conveyance or packing of goods; preserving jars of glass; stoppers, lids and other closures of glass",kg,7007496.0,3868861.37
X,32,ARG,899,_X ,7010,"Carboys, bottles, flasks, jars, pots, phials, ampoules, containers of glass of a kind used for the conveyance or packing of goods; preserving jars of glass; stoppers, lids and other closures of glass",kg,0.76,2.0
X,32,ARG,0,W00,7013,"Glassware of a kind used for table, kitchen, toilet, office, indoor decoration or similar purposes (other than of heading no. 7010 or 7018)",kg,322067.88,388412.17
X,32,ARG,152,CHL,7013,"Glassware of a kind used for table, kitchen, toilet, office, indoor decoration or similar purposes (other than of heading no. 7010 or 7018)",kg,11565.47,58292.93
X,32,ARG,842,USA,7013,"Glassware of a kind used for table, kitchen, toilet, office, indoor decoration or similar purposes (other than of heading no. 7010 or 7018)",kg,434.25,2500.24
X,32,ARG,858,URY,7013,"Glassware of a kind used for table, kitchen, toilet, office, indoor decoration or similar purposes (other than of heading no. 7010 or 7018)",kg,310034.91,326939.45
X,32,ARG,899,_X ,7013,"Glassware of a kind used for table, kitchen, toilet, office, indoor decoration or similar purposes (other than of heading no. 7010 or 7018)",kg,33.25,679.55
X,32,ARG,0,W00,7018,"Glass beads, imitation pearls, precious or semi-precious stones and similar glass smallwares, statuettes and other ornaments of worked glass; glass microspheres not exceeding 1mm in diameter",kg,83113.0,45931.07
X,32,ARG,858,URY,7018,"Glass beads, imitation pearls, precious or semi-precious stones and similar glass smallwares, statuettes and other ornaments of worked glass; glass microspheres not exceeding 1mm in diameter",kg,83113.0,45931.07
X,32,ARG,0,W00,7019,"Glass fibres (including glass wool) and articles thereof (e.g. yarn, woven fabrics)",kg,5915.96,143485.65
X,32,ARG,68,BOL,7019,"Glass fibres (including glass wool) and articles thereof (e.g. yarn, woven fabrics)",kg,4560.23,15590.56
X,32,ARG,152,CHL,7019,"Glass fibres (including glass wool) and articles thereof (e.g. yarn, woven fabrics)",kg,1260.73,122321.54
X,32,ARG,899,_X ,7019,"Glass fibres (including glass wool) and articles thereof (e.g. yarn, woven fabrics)",kg,95.0,5573.55
X,32,ARG,0,W00,7020,Glass; articles n.e.c. in chapter 70,kg,3737.16,53473.13
X,32,ARG,842,USA,7020,Glass; articles n.e.c. in chapter 70,kg,87.36,1134.91
X,32,ARG,858,URY,7020,Glass; articles n.e.c. in chapter 70,kg,3649.8,52338.22
X,32,ARG,0,W00,7214,"Iron or non-alloy steel; bars and rods, not further worked than forged, hot-rolled, hot drawn or hot-extruded, but including those twisted after rolling",kg,663415.0,446219.84
X,32,ARG,858,URY,7214,"Iron or non-alloy steel; bars and rods, not further worked than forged, hot-rolled, hot drawn or hot-extruded, but including those twisted after rolling",kg,663415.0,446219.84
X,32,ARG,0,W00,7215,"Iron or non-alloy steel; bars and rods, n.e.c. in chapter 72",kg,255875.0,425996.25
X,32,ARG,76,BRA,7215,"Iron or non-alloy steel; bars and rods, n.e.c. in chapter 72",kg,255875.0,425996.25
X,32,ARG,0,W00,7217,Wire of iron or non-alloy steel,kg,568.4,790.18
X,32,ARG,858,URY,7217,Wire of iron or non-alloy steel,kg,568.4,790.18
X,32,ARG,0,W00,7228,"Alloy steel bars, rods, shapes and sections; hollow drill bars and rods, of alloy or non-alloy steel",kg,449031.0,423216.34
X,32,ARG,76,BRA,7228,"Alloy steel bars, rods, shapes and sections; hollow drill bars and rods, of alloy or non-alloy steel",kg,449031.0,423216.34
X,32,ARG,0,W00,8408,Compression-ignition internal combustion piston engines (diesel or semi-diesel engines),u,37827.0,264537082.68
X,32,ARG,76,BRA,8408,Compression-ignition internal combustion piston engines (diesel or semi-diesel engines),u,37827.0,264537082.68
X,32,ARG,0,W00,8409,Parts suitable for use solely or principally with the engines of heading no. 8407 or 8408,kg,4208481.66,93687159.91
X,32,ARG,40,AUT,8409,Parts suitable for use solely or principally with the engines of heading no. 8407 or 8408,kg,3354.54,149929.74
X,32,ARG,68,BOL,8409,Parts suitable for use solely or principally with the engines of heading no. 8407 or 8408,kg,6023.4,229637.15
X,32,ARG,76,BRA,8409,Parts suitable for use solely or principally with the engines of heading no. 8407 or 8408,kg,2114016.4,33406133.11
X,32,ARG,152,CHL,8409,Parts suitable for use solely or principally with the engines of heading no. 8407 or 8408,kg,19047.15,468463.91
X,32,ARG,156,CHN,8409,Parts suitable for use solely or principally with the engines of heading no. 8407 or 8408,kg,17426.24,183834.92
X,32,ARG,170,COL,8409,Parts suitable for use solely or principally with the engines of heading no. 8407 or 8408,kg,15346.84,608377.04
X,32,ARG,218,ECU,8409,Parts suitable for use solely or principally with the engines of heading no. 8407 or 8408,kg,2017.25,43422.97
X,32,ARG,251,FRA,8409,Parts suitable for use solely or principally with the engines of heading no. 8407 or 8408,kg,137904.72,1505739.99
X,32,ARG,276,DEU,8409,Parts suitable for use solely or principally with the engines of heading no. 8407 or 8408,kg,444938.57,12349326.73
X,32,ARG,380,ITA,8409,Parts suitable for use solely or principally with the engines of heading no. 8407 or 8408,kg,5184.04,663760.3
X,32,ARG,484,MEX,8409,Parts suitable for use solely or principally with the engines of heading no. 8407 or 8408,kg,518075.85,14549343.97
X,32,ARG,600,PRY,8409,Parts suitable for use solely or principally with the engines of heading no. 8407 or 8408,kg,10349.9,117021.63
X,32,ARG,604,PER,8409,Parts suitable for use solely or principally with the engines of heading no. 8407 or 8408,kg,4158.95,114597.04
X,32,ARG,699,IND,8409,Parts suitable for use solely or principally with the engines of heading no. 8407 or 8408,kg,7394.65,170538.5
X,32,ARG,826,GBR,8409,Parts suitable for use solely or principally with the engines of heading no. 8407 or 8408,kg,355.0,62259.56
X,32,ARG,842,USA,8409,Parts suitable for use solely or principally with the engines of heading no. 8407 or 8408,kg,879669.1,28730305.15
X,32,ARG,858,URY,8409,Parts suitable for use solely or principally with the engines of heading no. 8407 or 8408,kg,23219.06,334468.2
X,32,ARG,0,W00,8412,"Engines and motors; n.e.c. (e.g. reaction engines, hydraulic power engines, pneumatic power engines)",N/A,0.0,3272188.44
X,32,ARG,68,BOL,8412,"Engines and motors; n.e.c. (e.g. reaction engines, hydraulic power engines, pneumatic power engines)",N/A,0.0,14897.39
X,32,ARG,76,BRA,8412,"Engines and motors; n.e.c. (e.g. reaction engines, hydraulic power engines, pneumatic power engines)",N/A,0.0,1070446.63
X,32,ARG,152,CHL,8412,"Engines and motors; n.e.c. (e.g. reaction engines, hydraulic power engines, pneumatic power engines)",kg,1492.94,200139.54
X,32,ARG,170,COL,8412,"Engines and motors; n.e.c. (e.g. reaction engines, hydraulic power engines, pneumatic power engines)",kg,1457.76,67340.01
X,32,ARG,214,DOM,8412,"Engines and motors; n.e.c. (e.g. reaction engines, hydraulic power engines, pneumatic power engines)",u,6.0,2234.44
X,32,ARG,484,MEX,8412,"Engines and motors; n.e.c. (e.g. reaction engines, hydraulic power engines, pneumatic power engines)",N/A,0.0,111922.97
X,32,ARG,600,PRY,8412,"Engines and motors; n.e.c. (e.g. reaction engines, hydraulic power engines, pneumatic power engines)",N/A,0.0,12051.03
X,32,ARG,604,PER,8412,"Engines and motors; n.e.c. (e.g. reaction engines, hydraulic power engines, pneumatic power engines)",N/A,0.0,51408.59
X,32,ARG,643,RUS,8412,"Engines and motors; n.e.c. (e.g. reaction engines, hydraulic power engines, pneumatic power engines)",N/A,0.0,498040.17
X,32,ARG,842,USA,8412,"Engines and motors; n.e.c. (e.g. reaction engines, hydraulic power engines, pneumatic power engines)",N/A,0.0,1000189.86
X,32,ARG,858,URY,8412,"Engines and motors; n.e.c. (e.g. reaction engines, hydraulic power engines, pneumatic power engines)",N/A,0.0,241425.74
X,32,ARG,899,_X ,8412,"Engines and motors; n.e.c. (e.g. reaction engines, hydraulic power engines, pneumatic power engines)",u,18.0,2092.07
X,32,ARG,0,W00,8413,"Pumps; for liquids, whether or not fitted with measuring device, liquid elevators",N/A,0.0,44799130.62
X,32,ARG,68,BOL,8413,"Pumps; for liquids, whether or not fitted with measuring device, liquid elevators",N/A,0.0,1473127.9
X,32,ARG,76,BRA,8413,"Pumps; for liquids, whether or not fitted with measuring device, liquid elevators",N/A,0.0,15438501.25
X,32,ARG,124,CAN,8413,"Pumps; for liquids, whether or not fitted with measuring device, liquid elevators",kg,38376.6,98225.49
X,32,ARG,152,CHL,8413,"Pumps; for liquids, whether or not fitted with measuring device, liquid elevators",N/A,0.0,3880964.88
X,32,ARG,170,COL,8413,"Pumps; for liquids, whether or not fitted with measuring device, liquid elevators",N/A,0.0,5589137.89
X,32,ARG,218,ECU,8413,"Pumps; for liquids, whether or not fitted with measuring device, liquid elevators",kg,660.95,23324.97
X,32,ARG,251,FRA,8413,"Pumps; for liquids, whether or not fitted with measuring device, liquid elevators",u,1627.0,53528.26
X,32,ARG,484,MEX,8413,"Pumps; for liquids, whether or not fitted with measuring device, liquid elevators",N/A,0.0,2473981.83
X,32,ARG,528,NLD,8413,"Pumps; for liquids, whether or not fitted with measuring device, liquid elevators",u,1539.0,65936.84
X,32,ARG,600,PRY,8413,"Pumps; for liquids, whether or not fitted with measuring device, liquid elevators",N/A,0.0,1537399.41
X,32,ARG,604,PER,8413,"Pumps; for liquids, whether or not fitted with measuring device, liquid elevators",N/A,0.0,435188.36
X,32,ARG,842,USA,8413,"Pumps; for liquids, whether or not fitted with measuring device, liquid elevators",N/A,0.0,11930918.79
X,32,ARG,858,URY,8413,"Pumps; for liquids, whether or not fitted with measuring device, liquid elevators",N/A,0.0,1776538.0
X,32,ARG,899,_X ,8413,"Pumps; for liquids, whether or not fitted with measuring device, liquid elevators",N/A,0.0,22356.75
X,32,ARG,0,W00,8414,"Air or vacuum pumps, air or other gas compressors and fans; ventilating or recycling hoods incorporating a fan whether or not fitted with filters",N/A,0.0,13644712.98
X,32,ARG,68,BOL,8414,"Air or vacuum pumps, air or other gas compressors and fans; ventilating or recycling hoods incorporating a fan whether or not fitted with filters",N/A,0.0,1090261.66
X,32,ARG,76,BRA,8414,"Air or vacuum pumps, air or other gas compressors and fans; ventilating or recycling hoods incorporating a fan whether or not fitted with filters",N/A,0.0,7174478.13
X,32,ARG,152,CHL,8414,"Air or vacuum pumps, air or other gas compressors and fans; ventilating or recycling hoods incorporating a fan whether or not fitted with filters",N/A,0.0,690598.11
X,32,ARG,170,COL,8414,"Air or vacuum pumps, air or other gas compressors and fans; ventilating or recycling hoods incorporating a fan whether or not fitted with filters",N/A,0.0,140761.16
X,32,ARG,218,ECU,8414,"Air or vacuum pumps, air or other gas compressors and fans; ventilating or recycling hoods incorporating a fan whether or not fitted with filters",kg,95.35,6051.65
X,32,ARG,251,FRA,8414,"Air or vacuum pumps, air or other gas compressors and fans; ventilating or recycling hoods incorporating a fan whether or not fitted with filters",u,119.0,3956.45
X,32,ARG,484,MEX,8414,"Air or vacuum pumps, air or other gas compressors and fans; ventilating or recycling hoods incorporating a fan whether or not fitted with filters",N/A,0.0,7039.47
X,32,ARG,600,PRY,8414,"Air or vacuum pumps, air or other gas compressors and fans; ventilating or recycling hoods incorporating a fan whether or not fitted with filters",N/A,0.0,688030.29
X,32,ARG,604,PER,8414,"Air or vacuum pumps, air or other gas compressors and fans; ventilating or recycling hoods incorporating a fan whether or not fitted with filters",N/A,0.0,629004.28
X,32,ARG,842,USA,8414,"Air or vacuum pumps, air or other gas compressors and fans; ventilating or recycling hoods incorporating a fan whether or not fitted with filters",N/A,0.0,2048294.64
X,32,ARG,858,URY,8414,"Air or vacuum pumps, air or other gas compressors and fans; ventilating or recycling hoods incorporating a fan whether or not fitted with filters",N/A,0.0,836609.08
X,32,ARG,899,_X ,8414,"Air or vacuum pumps, air or other gas compressors and fans; ventilating or recycling hoods incorporating a fan whether or not fitted with filters",N/A,0.0,329628.06
X,32,ARG,0,W00,8415,"Air conditioning machines; comprising a motor driven fan and elements for changing the temperature and humidity, including those machines in which the humidity cannot be separately regulated",N/A,0.0,1310346.58
X,32,ARG,76,BRA,8415,"Air conditioning machines; comprising a motor driven fan and elements for changing the temperature and humidity, including those machines in which the humidity cannot be separately regulated",N/A,0.0,1220486.11
X,32,ARG,152,CHL,8415,"Air conditioning machines; comprising a motor driven fan and elements for changing the temperature and humidity, including those machines in which the humidity cannot be separately regulated",kg,320.58,5656.91
X,32,ARG,842,USA,8415,"Air conditioning machines; comprising a motor driven fan and elements for changing the temperature and humidity, including those machines in which the humidity cannot be separately regulated",kg,42.1,1223.25
X,32,ARG,858,URY,8415,"Air conditioning machines; comprising a motor driven fan and elements for changing the temperature and humidity, including those machines in which the humidity cannot be separately regulated",kg,2008.8,82980.31
X,32,ARG,0,W00,8416,"Furnace burners for liquid fuel, for pulverised solid fuel or for gas; mechanical grates, mechanical ash dischargers and similar appliances",kg,892.32,17813.88
X,32,ARG,152,CHL,8416,"Furnace burners for liquid fuel, for pulverised solid fuel or for gas; mechanical grates, mechanical ash dischargers and similar appliances",kg,892.32,17813.88
X,32,ARG,0,W00,8417,"Furnaces and ovens; industrial or laboratory, including incinerators, non-electric",N/A,0.0,92366.4
X,32,ARG,858,URY,8417,"Furnaces and ovens; industrial or laboratory, including incinerators, non-electric",N/A,0.0,23566.4
X,32,ARG,899,_X ,8417,"Furnaces and ovens; industrial or laboratory, including incinerators, non-electric",N/A,0.0,68800.0
X,32,ARG,0,W00,8418,"Refrigerators, freezers and other refrigerating or freezing equipment, electric or other; heat pumps other than air conditioning machines of heading no. 8415",N/A,0.0,12582712.2
X,32,ARG,68,BOL,8418,"Refrigerators, freezers and other refrigerating or freezing equipment, electric or other; heat pumps other than air conditioning machines of heading no. 8415",u,134.0,51238.0
X,32,ARG,76,BRA,8418,"Refrigerators, freezers and other refrigerating or freezing equipment, electric or other; heat pumps other than air conditioning machines of heading no. 8415",kg,334807.3,5026649.74
X,32,ARG,152,CHL,8418,"Refrigerators, freezers and other refrigerating or freezing equipment, electric or other; heat pumps other than air conditioning machines of heading no. 8415",N/A,0.0,1005736.96
X,32,ARG,170,COL,8418,"Refrigerators, freezers and other refrigerating or freezing equipment, electric or other; heat pumps other than air conditioning machines of heading no. 8415",kg,8725.9,57827.06
X,32,ARG,600,PRY,8418,"Refrigerators, freezers and other refrigerating or freezing equipment, electric or other; heat pumps other than air conditioning machines of heading no. 8415",N/A,0.0,4962278.84
X,32,ARG,604,PER,8418,"Refrigerators, freezers and other refrigerating or freezing equipment, electric or other; heat pumps other than air conditioning machines of heading no. 8415",kg,1432.67,13330.81
X,32,ARG,842,USA,8418,"Refrigerators, freezers and other refrigerating or freezing equipment, electric or other; heat pumps other than air conditioning machines of heading no. 8415",kg,6941.87,143083.41
X,32,ARG,858,URY,8418,"Refrigerators, freezers and other refrigerating or freezing equipment, electric or other; heat pumps other than air conditioning machines of heading no. 8415",N/A,0.0,1291210.73
X,32,ARG,899,_X ,8418,"Refrigerators, freezers and other refrigerating or freezing equipment, electric or other; heat pumps other than air conditioning machines of heading no. 8415",u,5.0,31356.65
X,32,ARG,0,W00,8419,"Machinery, plant (not domestic), or laboratory equipment; electrically heated or not, (excluding items in 85.14) for the treatment of materials by a process involving change of temperature; including instantaneous or non electric storage water heaters",N/A,0.0,15401939.84
X,32,ARG,68,BOL,8419,"Machinery, plant (not domestic), or laboratory equipment; electrically heated or not, (excluding items in 85.14) for the treatment of materials by a process involving change of temperature; including instantaneous or non electric storage water heaters",N/A,0.0,865811.79
X,32,ARG,76,BRA,8419,"Machinery, plant (not domestic), or laboratory equipment; electrically heated or not, (excluding items in 85.14) for the treatment of materials by a process involving change of temperature; including instantaneous or non electric storage water heaters",N/A,0.0,4198086.43
X,32,ARG,152,CHL,8419,"Machinery, plant (not domestic), or laboratory equipment; electrically heated or not, (excluding items in 85.14) for the treatment of materials by a process involving change of temperature; including instantaneous or non electric storage water heaters",N/A,0.0,2953603.17
X,32,ARG,170,COL,8419,"Machinery, plant (not domestic), or laboratory equipment; electrically heated or not, (excluding items in 85.14) for the treatment of materials by a process involving change of temperature; including instantaneous or non electric storage water heaters",u,45.0,195378.95
X,32,ARG,276,DEU,8419,"Machinery, plant (not domestic), or laboratory equipment; electrically heated or not, (excluding items in 85.14) for the treatment of materials by a process involving change of temperature; including instantaneous or non electric storage water heaters",u,52.0,64394.77
X,32,ARG,484,MEX,8419,"Machinery, plant (not domestic), or laboratory equipment; electrically heated or not, (excluding items in 85.14) for the treatment of materials by a process involving change of temperature; including instantaneous or non electric storage water heaters",u,38.0,4469.58
X,32,ARG,600,PRY,8419,"Machinery, plant (not domestic), or laboratory equipment; electrically heated or not, (excluding items in 85.14) for the treatment of materials by a process involving change of temperature; including instantaneous or non electric storage water heaters",N/A,0.0,4135772.35
X,32,ARG,604,PER,8419,"Machinery, plant (not domestic), or laboratory equipment; electrically heated or not, (excluding items in 85.14) for the treatment of materials by a process involving change of temperature; including instantaneous or non electric storage water heaters",u,80.0,314591.32
X,32,ARG,842,USA,8419,"Machinery, plant (not domestic), or laboratory equipment; electrically heated or not, (excluding items in 85.14) for the treatment of materials by a process involving change of temperature; including instantaneous or non electric storage water heaters",N/A,0.0,1069022.63
X,32,ARG,858,URY,8419,"Machinery, plant (not domestic), or laboratory equipment; electrically heated or not, (excluding items in 85.14) for the treatment of materials by a process involving change of temperature; including instantaneous or non electric storage water heaters",N/A,0.0,1552846.24
X,32,ARG,899,_X ,8419,"Machinery, plant (not domestic), or laboratory equipment; electrically heated or not, (excluding items in 85.14) for the treatment of materials by a process involving change of temperature; including instantaneous or non electric storage water heaters",u,11.0,47962.61
X,32,ARG,0,W00,8421,"Centrifuges, including centrifugal dryers; filtering or purifying machinery and apparatus for liquids or gases",N/A,0.0,16998559.88
X,32,ARG,68,BOL,8421,"Centrifuges, including centrifugal dryers; filtering or purifying machinery and apparatus for liquids or gases",N/A,0.0,777033.89
X,32,ARG,76,BRA,8421,"Centrifuges, including centrifugal dryers; filtering or purifying machinery and apparatus for liquids or gases",N/A,0.0,5251746.4
X,32,ARG,152,CHL,8421,"Centrifuges, including centrifugal dryers; filtering or purifying machinery and apparatus for liquids or gases",N/A,0.0,2423835.61
X,32,ARG,170,COL,8421,"Centrifuges, including centrifugal dryers; filtering or purifying machinery and apparatus for liquids or gases",N/A,0.0,806771.01
X,32,ARG,218,ECU,8421,"Centrifuges, including centrifugal dryers; filtering or purifying machinery and apparatus for liquids or gases",N/A,0.0,157796.3
X,32,ARG,251,FRA,8421,"Centrifuges, including centrifugal dryers; filtering or purifying machinery and apparatus for liquids or gases",N/A,0.0,22550.8
X,32,ARG,276,DEU,8421,"Centrifuges, including centrifugal dryers; filtering or purifying machinery and apparatus for liquids or gases",kg,15522.61,197111.68
X,32,ARG,484,MEX,8421,"Centrifuges, including centrifugal dryers; filtering or purifying machinery and apparatus for liquids or gases",N/A,0.0,242153.63
X,32,ARG,600,PRY,8421,"Centrifuges, including centrifugal dryers; filtering or purifying machinery and apparatus for liquids or gases",N/A,0.0,1906082.58
X,32,ARG,604,PER,8421,"Centrifuges, including centrifugal dryers; filtering or purifying machinery and apparatus for liquids or gases",N/A,0.0,1428635.8
X,32,ARG,643,RUS,8421,"Centrifuges, including centrifugal dryers; filtering or purifying machinery and apparatus for liquids or gases",N/A,0.0,15208.37
X,32,ARG,842,USA,8421,"Centrifuges, including centrifugal dryers; filtering or purifying machinery and apparatus for liquids or gases",N/A,0.0,957146.71
X,32,ARG,858,URY,8421,"Centrifuges, including centrifugal dryers; filtering or purifying machinery and apparatus for liquids or gases",N/A,0.0,2811910.57
X,32,ARG,899,_X ,8421,"Centrifuges, including centrifugal dryers; filtering or purifying machinery and apparatus for liquids or gases",N/A,0.0,576.53
X,32,ARG,0,W00,8422,"Dish washing machines; machinery for cleaning, drying, filling, closing, sealing, capsuling or labelling bottles, cans, boxes, bags, etc, machinery for aerating beverages",N/A,0.0,7572900.35
X,32,ARG,68,BOL,8422,"Dish washing machines; machinery for cleaning, drying, filling, closing, sealing, capsuling or labelling bottles, cans, boxes, bags, etc, machinery for aerating beverages",N/A,0.0,999149.87
X,32,ARG,76,BRA,8422,"Dish washing machines; machinery for cleaning, drying, filling, closing, sealing, capsuling or labelling bottles, cans, boxes, bags, etc, machinery for aerating beverages",kg,3611.54,179621.95
X,32,ARG,152,CHL,8422,"Dish washing machines; machinery for cleaning, drying, filling, closing, sealing, capsuling or labelling bottles, cans, boxes, bags, etc, machinery for aerating beverages",N/A,0.0,1832795.78
X,32,ARG,170,COL,8422,"Dish washing machines; machinery for cleaning, drying, filling, closing, sealing, capsuling or labelling bottles, cans, boxes, bags, etc, machinery for aerating beverages",kg,27832.78,661173.62
X,32,ARG,188,CRI,8422,"Dish washing machines; machinery for cleaning, drying, filling, closing, sealing, capsuling or labelling bottles, cans, boxes, bags, etc, machinery for aerating beverages",kg,220.6,49932.47
X,32,ARG,214,DOM,8422,"Dish washing machines; machinery for cleaning, drying, filling, closing, sealing, capsuling or labelling bottles, cans, boxes, bags, etc, machinery for aerating beverages",kg,1130.27,53555.4
X,32,ARG,218,ECU,8422,"Dish washing machines; machinery for cleaning, drying, filling, closing, sealing, capsuling or labelling bottles, cans, boxes, bags, etc, machinery for aerating beverages",kg,22171.47,819586.51
X,32,ARG,320,GTM,8422,"Dish washing machines; machinery for cleaning, drying, filling, closing, sealing, capsuling or labelling bottles, cans, boxes, bags, etc, machinery for aerating beverages",kg,384.23,118360.33
X,32,ARG,484,MEX,8422,"Dish washing machines; machinery for cleaning, drying, filling, closing, sealing, capsuling or labelling bottles, cans, boxes, bags, etc, machinery for aerating beverages",kg,68880.63,1086206.16
X,32,ARG,600,PRY,8422,"Dish washing machines; machinery for cleaning, drying, filling, closing, sealing, capsuling or labelling bottles, cans, boxes, bags, etc, machinery for aerating beverages",N/A,0.0,796778.42
X,32,ARG,604,PER,8422,"Dish washing machines; machinery for cleaning, drying, filling, closing, sealing, capsuling or labelling bottles, cans, boxes, bags, etc, machinery for aerating beverages",N/A,0.0,367793.72
X,32,ARG,842,USA,8422,"Dish washing machines; machinery for cleaning, drying, filling, closing, sealing, capsuling or labelling bottles, cans, boxes, bags, etc, machinery for aerating beverages",kg,2931.72,79902.37
X,32,ARG,858,URY,8422,"Dish washing machines; machinery for cleaning, drying, filling, closing, sealing, capsuling or labelling bottles, cans, boxes, bags, etc, machinery for aerating beverages",N/A,0.0,496433.14
X,32,ARG,899,_X ,8422,"Dish washing machines; machinery for cleaning, drying, filling, closing, sealing, capsuling or labelling bottles, cans, boxes, bags, etc, machinery for aerating beverages",kg,370.72,31610.61
X,32,ARG,0,W00,8423,"Weighing machines; excluding balances of a sensitivity of 5cg or better, including weight operated counting or checking machines and weights of all kinds",N/A,0.0,403769.26
X,32,ARG,76,BRA,8423,"Weighing machines; excluding balances of a sensitivity of 5cg or better, including weight operated counting or checking machines and weights of all kinds",kg,1067.18,178432.31
X,32,ARG,152,CHL,8423,"Weighing machines; excluding balances of a sensitivity of 5cg or better, including weight operated counting or checking machines and weights of all kinds",u,4.0,119888.0
X,32,ARG,600,PRY,8423,"Weighing machines; excluding balances of a sensitivity of 5cg or better, including weight operated counting or checking machines and weights of all kinds",kg,271.29,43864.96
X,32,ARG,858,URY,8423,"Weighing machines; excluding balances of a sensitivity of 5cg or better, including weight operated counting or checking machines and weights of all kinds",kg,846.63,58623.99
X,32,ARG,899,_X ,8423,"Weighing machines; excluding balances of a sensitivity of 5cg or better, including weight operated counting or checking machines and weights of all kinds",u,1.0,2960.0
X,32,ARG,0,W00,8424,"Mechanical appliances for projecting, dispersing or spraying liquids or powders; fire extinguishers, spray guns, steam, sand blasting machines",N/A,0.0,47837982.23
X,32,ARG,36,AUS,8424,"Mechanical appliances for projecting, dispersing or spraying liquids or powders; fire extinguishers, spray guns, steam, sand blasting machines",kg,4884.79,34614.82
X,32,ARG,68,BOL,8424,"Mechanical appliances for projecting, dispersing or spraying liquids or powders; fire extinguishers, spray guns, steam, sand blasting machines",kg,4185.59,57104.25
X,32,ARG,76,BRA,8424,"Mechanical appliances for projecting, dispersing or spraying liquids or powders; fire extinguishers, spray guns, steam, sand blasting machines",N/A,0.0,37775766.67
X,32,ARG,152,CHL,8424,"Mechanical appliances for projecting, dispersing or spraying liquids or powders; fire extinguishers, spray guns, steam, sand blasting machines",N/A,0.0,768421.45
X,32,ARG,170,COL,8424,"Mechanical appliances for projecting, dispersing or spraying liquids or powders; fire extinguishers, spray guns, steam, sand blasting machines",N/A,0.0,2194598.9
X,32,ARG,218,ECU,8424,"Mechanical appliances for projecting, dispersing or spraying liquids or powders; fire extinguishers, spray guns, steam, sand blasting machines",u,227076.0,83482.39
X,32,ARG,251,FRA,8424,"Mechanical appliances for projecting, dispersing or spraying liquids or powders; fire extinguishers, spray guns, steam, sand blasting machines",kg,533.05,6377.32
X,32,ARG,484,MEX,8424,"Mechanical appliances for projecting, dispersing or spraying liquids or powders; fire extinguishers, spray guns, steam, sand blasting machines",kg,505652.6,3411693.86
X,32,ARG,600,PRY,8424,"Mechanical appliances for projecting, dispersing or spraying liquids or powders; fire extinguishers, spray guns, steam, sand blasting machines",N/A,0.0,831311.5
X,32,ARG,604,PER,8424,"Mechanical appliances for projecting, dispersing or spraying liquids or powders; fire extinguishers, spray guns, steam, sand blasting machines",N/A,0.0,496266.61
X,32,ARG,842,USA,8424,"Mechanical appliances for projecting, dispersing or spraying liquids or powders; fire extinguishers, spray guns, steam, sand blasting machines",kg,85884.17,1062968.8
X,32,ARG,858,URY,8424,"Mechanical appliances for projecting, dispersing or spraying liquids or powders; fire extinguishers, spray guns, steam, sand blasting machines",N/A,0.0,1010366.98
X,32,ARG,899,_X ,8424,"Mechanical appliances for projecting, dispersing or spraying liquids or powders; fire extinguishers, spray guns, steam, sand blasting machines",kg,4588.23,105008.68
X,32,ARG,0,W00,8425,Pulley tackle and hoists other than skip hoists; winches and capstans; jacks,u,55398.0,572834.14
X,32,ARG,76,BRA,8425,Pulley tackle and hoists other than skip hoists; winches and capstans; jacks,u,51515.0,499948.21
X,32,ARG,170,COL,8425,Pulley tackle and hoists other than skip hoists; winches and capstans; jacks,u,226.0,23881.9
X,32,ARG,858,URY,8425,Pulley tackle and hoists other than skip hoists; winches and capstans; jacks,u,3657.0,49004.03
X,32,ARG,0,W00,8428,"Lifting, handling, loading or unloading machinery; n.e.c. in heading no. 8425, 8426 or 8427 (e.g. lifts, escalators, conveyors, teleferics)",u,682.0,2262428.25
X,32,ARG,76,BRA,8428,"Lifting, handling, loading or unloading machinery; n.e.c. in heading no. 8425, 8426 or 8427 (e.g. lifts, escalators, conveyors, teleferics)",u,5.0,150284.4
X,32,ARG,152,CHL,8428,"Lifting, handling, loading or unloading machinery; n.e.c. in heading no. 8425, 8426 or 8427 (e.g. lifts, escalators, conveyors, teleferics)",u,100.0,859485.63
X,32,ARG,600,PRY,8428,"Lifting, handling, loading or unloading machinery; n.e.c. in heading no. 8425, 8426 or 8427 (e.g. lifts, escalators, conveyors, teleferics)",u,42.0,279139.43
X,32,ARG,858,URY,8428,"Lifting, handling, loading or unloading machinery; n.e.c. in heading no. 8425, 8426 or 8427 (e.g. lifts, escalators, conveyors, teleferics)",u,535.0,973518.79
X,32,ARG,0,W00,8431,Machinery parts; used solely or principally with the machinery of heading no. 8425 to 8430,kg,650910.4,5164887.33
X,32,ARG,68,BOL,8431,Machinery parts; used solely or principally with the machinery of heading no. 8425 to 8430,kg,3278.16,83652.88
X,32,ARG,76,BRA,8431,Machinery parts; used solely or principally with the machinery of heading no. 8425 to 8430,kg,138402.52,1010646.74
X,32,ARG,152,CHL,8431,Machinery parts; used solely or principally with the machinery of heading no. 8425 to 8430,kg,31103.01,365290.63
X,32,ARG,170,COL,8431,Machinery parts; used solely or principally with the machinery of heading no. 8425 to 8430,kg,437703.6,3101532.19
X,32,ARG,484,MEX,8431,Machinery parts; used solely or principally with the machinery of heading no. 8425 to 8430,kg,490.41,20959.22
X,32,ARG,600,PRY,8431,Machinery parts; used solely or principally with the machinery of heading no. 8425 to 8430,kg,14361.35,147304.76
X,32,ARG,842,USA,8431,Machinery parts; used solely or principally with the machinery of heading no. 8425 to 8430,kg,5657.07,306380.11
X,32,ARG,858,URY,8431,Machinery parts; used solely or principally with the machinery of heading no. 8425 to 8430,kg,19837.58,126565.05
X,32,ARG,899,_X ,8431,Machinery parts; used solely or principally with the machinery of heading no. 8425 to 8430,kg,76.7,2555.75
X,32,ARG,0,W00,8432,"Agricultural, horticultural or forestry machinery for soil preparation or cultivation; lawn or sports-ground rollers",N/A,0.0,8637077.71
X,32,ARG,36,AUS,8432,"Agricultural, horticultural or forestry machinery for soil preparation or cultivation; lawn or sports-ground rollers",kg,116021.8,338033.18
X,32,ARG,68,BOL,8432,"Agricultural, horticultural or forestry machinery for soil preparation or cultivation; lawn or sports-ground rollers",N/A,0.0,4049415.31
X,32,ARG,76,BRA,8432,"Agricultural, horticultural or forestry machinery for soil preparation or cultivation; lawn or sports-ground rollers",kg,166012.46,652567.86
X,32,ARG,600,PRY,8432,"Agricultural, horticultural or forestry machinery for soil preparation or cultivation; lawn or sports-ground rollers",N/A,0.0,99395.36
X,32,ARG,643,RUS,8432,"Agricultural, horticultural or forestry machinery for soil preparation or cultivation; lawn or sports-ground rollers",kg,77325.9,478840.18
X,32,ARG,710,ZAF,8432,"Agricultural, horticultural or forestry machinery for soil preparation or cultivation; lawn or sports-ground rollers",kg,100909.9,394506.65
X,32,ARG,724,ESP,8432,"Agricultural, horticultural or forestry machinery for soil preparation or cultivation; lawn or sports-ground rollers",kg,12436.9,54672.55
X,32,ARG,804,UKR,8432,"Agricultural, horticultural or forestry machinery for soil preparation or cultivation; lawn or sports-ground rollers",kg,5429.99,40922.74
X,32,ARG,842,USA,8432,"Agricultural, horticultural or forestry machinery for soil preparation or cultivation; lawn or sports-ground rollers",kg,135154.5,422494.86
X,32,ARG,858,URY,8432,"Agricultural, horticultural or forestry machinery for soil preparation or cultivation; lawn or sports-ground rollers",N/A,0.0,2106229.02
X,32,ARG,0,W00,8433,"Harvesting and threshing machinery, straw and fodder balers, grass or hay mowers; machines for cleaning, sorting or grading eggs, fruit or other agricultural produce, other than machinery of heading no 8437",N/A,0.0,7817700.19
X,32,ARG,36,AUS,8433,"Harvesting and threshing machinery, straw and fodder balers, grass or hay mowers; machines for cleaning, sorting or grading eggs, fruit or other agricultural produce, other than machinery of heading no 8437",kg,8178.33,77884.95
X,32,ARG,68,BOL,8433,"Harvesting and threshing machinery, straw and fodder balers, grass or hay mowers; machines for cleaning, sorting or grading eggs, fruit or other agricultural produce, other than machinery of heading no 8437",kg,748.82,10063.52
X,32,ARG,76,BRA,8433,"Harvesting and threshing machinery, straw and fodder balers, grass or hay mowers; machines for cleaning, sorting or grading eggs, fruit or other agricultural produce, other than machinery of heading no 8437",kg,1810507.3,4652557.41
X,32,ARG,152,CHL,8433,"Harvesting and threshing machinery, straw and fodder balers, grass or hay mowers; machines for cleaning, sorting or grading eggs, fruit or other agricultural produce, other than machinery of heading no 8437",N/A,0.0,361420.52
X,32,ARG,484,MEX,8433,"Harvesting and threshing machinery, straw and fodder balers, grass or hay mowers; machines for cleaning, sorting or grading eggs, fruit or other agricultural produce, other than machinery of heading no 8437",kg,1703.14,33743.89
X,32,ARG,600,PRY,8433,"Harvesting and threshing machinery, straw and fodder balers, grass or hay mowers; machines for cleaning, sorting or grading eggs, fruit or other agricultural produce, other than machinery of heading no 8437",kg,4866.24,123330.75
X,32,ARG,643,RUS,8433,"Harvesting and threshing machinery, straw and fodder balers, grass or hay mowers; machines for cleaning, sorting or grading eggs, fruit or other agricultural produce, other than machinery of heading no 8437",kg,7555.22,77626.93
X,32,ARG,710,ZAF,8433,"Harvesting and threshing machinery, straw and fodder balers, grass or hay mowers; machines for cleaning, sorting or grading eggs, fruit or other agricultural produce, other than machinery of heading no 8437",kg,10695.65,132422.02
X,32,ARG,804,UKR,8433,"Harvesting and threshing machinery, straw and fodder balers, grass or hay mowers; machines for cleaning, sorting or grading eggs, fruit or other agricultural produce, other than machinery of heading no 8437",kg,3601.19,35146.32
X,32,ARG,842,USA,8433,"Harvesting and threshing machinery, straw and fodder balers, grass or hay mowers; machines for cleaning, sorting or grading eggs, fruit or other agricultural produce, other than machinery of heading no 8437",kg,128961.93,1350856.22
X,32,ARG,858,URY,8433,"Harvesting and threshing machinery, straw and fodder balers, grass or hay mowers; machines for cleaning, sorting or grading eggs, fruit or other agricultural produce, other than machinery of heading no 8437",kg,49001.44,514357.75
X,32,ARG,899,_X ,8433,"Harvesting and threshing machinery, straw and fodder balers, grass or hay mowers; machines for cleaning, sorting or grading eggs, fruit or other agricultural produce, other than machinery of heading no 8437",u,4.0,448289.91
X,32,ARG,0,W00,8434,Milking machines and dairy machinery,kg,95.19,10619.91
X,32,ARG,858,URY,8434,Milking machines and dairy machinery,kg,95.19,10619.91
X,32,ARG,0,W00,8436,"Agricultural, horticultural, forestry, poultry-keeping, bee-keeping machinery; including germination plant fitted with mechanical or thermal equipment; poultry incubators and brooders",N/A,0.0,553698.3
X,32,ARG,68,BOL,8436,"Agricultural, horticultural, forestry, poultry-keeping, bee-keeping machinery; including germination plant fitted with mechanical or thermal equipment; poultry incubators and brooders",kg,880.6,21105.92
X,32,ARG,600,PRY,8436,"Agricultural, horticultural, forestry, poultry-keeping, bee-keeping machinery; including germination plant fitted with mechanical or thermal equipment; poultry incubators and brooders",kg,778.25,10936.0
X,32,ARG,842,USA,8436,"Agricultural, horticultural, forestry, poultry-keeping, bee-keeping machinery; including germination plant fitted with mechanical or thermal equipment; poultry incubators and brooders",kg,748.45,15758.78
X,32,ARG,858,URY,8436,"Agricultural, horticultural, forestry, poultry-keeping, bee-keeping machinery; including germination plant fitted with mechanical or thermal equipment; poultry incubators and brooders",N/A,0.0,490031.6
X,32,ARG,899,_X ,8436,"Agricultural, horticultural, forestry, poultry-keeping, bee-keeping machinery; including germination plant fitted with mechanical or thermal equipment; poultry incubators and brooders",N/A,0.0,15866.0
X,32,ARG,0,W00,8437,"Machines for cleaning, sorting, grading seed, grain, dried leguminous vegetables; machinery used in the milling industry for the working of cereals or dried leguminous vegetables, not farm type machinery",N/A,0.0,383143.26
X,32,ARG,76,BRA,8437,"Machines for cleaning, sorting, grading seed, grain, dried leguminous vegetables; machinery used in the milling industry for the working of cereals or dried leguminous vegetables, not farm type machinery",kg,23336.99,313648.45
X,32,ARG,152,CHL,8437,"Machines for cleaning, sorting, grading seed, grain, dried leguminous vegetables; machinery used in the milling industry for the working of cereals or dried leguminous vegetables, not farm type machinery",kg,569.56,12853.56
X,32,ARG,858,URY,8437,"Machines for cleaning, sorting, grading seed, grain, dried leguminous vegetables; machinery used in the milling industry for the working of cereals or dried leguminous vegetables, not farm type machinery",u,343.0,56641.25
X,32,ARG,0,W00,8438,"Machinery n.e.c. in this chapter, for the industrial preparation or manufacture of food or drink; other than machinery for extraction or preparation of animal or fixed vegetable fats or oils",N/A,0.0,2474732.22
X,32,ARG,152,CHL,8438,"Machinery n.e.c. in this chapter, for the industrial preparation or manufacture of food or drink; other than machinery for extraction or preparation of animal or fixed vegetable fats or oils",N/A,0.0,1168613.02
X,32,ARG,600,PRY,8438,"Machinery n.e.c. in this chapter, for the industrial preparation or manufacture of food or drink; other than machinery for extraction or preparation of animal or fixed vegetable fats or oils",N/A,0.0,485118.94
X,32,ARG,842,USA,8438,"Machinery n.e.c. in this chapter, for the industrial preparation or manufacture of food or drink; other than machinery for extraction or preparation of animal or fixed vegetable fats or oils",u,244.0,413152.55
X,32,ARG,858,URY,8438,"Machinery n.e.c. in this chapter, for the industrial preparation or manufacture of food or drink; other than machinery for extraction or preparation of animal or fixed vegetable fats or oils",N/A,0.0,385847.71
X,32,ARG,899,_X ,8438,"Machinery n.e.c. in this chapter, for the industrial preparation or manufacture of food or drink; other than machinery for extraction or preparation of animal or fixed vegetable fats or oils",u,1.0,22000.0
X,32,ARG,0,W00,8443,"Printing machinery; used for printing by means of plates, cylinders and other printing components of heading 84.42; other printers, copying machines and facsimile machines, whether or not combined; parts and accessories thereof",N/A,0.0,334269.53
X,32,ARG,152,CHL,8443,"Printing machinery; used for printing by means of plates, cylinders and other printing components of heading 84.42; other printers, copying machines and facsimile machines, whether or not combined; parts and accessories thereof",kg,6.52,2861.77
X,32,ARG,600,PRY,8443,"Printing machinery; used for printing by means of plates, cylinders and other printing components of heading 84.42; other printers, copying machines and facsimile machines, whether or not combined; parts and accessories thereof",N/A,0.0,176971.43
X,32,ARG,842,USA,8443,"Printing machinery; used for printing by means of plates, cylinders and other printing components of heading 84.42; other printers, copying machines and facsimile machines, whether or not combined; parts and accessories thereof",u,22.0,66364.69
X,32,ARG,858,URY,8443,"Printing machinery; used for printing by means of plates, cylinders and other printing components of heading 84.42; other printers, copying machines and facsimile machines, whether or not combined; parts and accessories thereof",N/A,0.0,88071.64
X,32,ARG,0,W00,8450,Household or laundry-type washing machines; including machines which both wash and dry,kg,1204.54,4142.64
X,32,ARG,858,URY,8450,Household or laundry-type washing machines; including machines which both wash and dry,kg,1204.54,4142.64
X,32,ARG,0,W00,8467,"Tools; for working in the hand, pneumatic, hydraulic or with self-contained electric or non-electric motor",N/A,0.0,60755.66
X,32,ARG,152,CHL,8467,"Tools; for working in the hand, pneumatic, hydraulic or with self-contained electric or non-electric motor",u,30.0,9203.87
X,32,ARG,600,PRY,8467,"Tools; for working in the hand, pneumatic, hydraulic or with self-contained electric or non-electric motor",kg,92.16,2382.18
X,32,ARG,858,URY,8467,"Tools; for working in the hand, pneumatic, hydraulic or with self-contained electric or non-electric motor",N/A,0.0,49169.61
X,32,ARG,0,W00,8471,"Automatic data processing machines and units thereof, magnetic or optical readers, machines for transcribing data onto data media in coded form and machines for processing such data, not elsewhere specified or included",u,18850.74,3889693.47
X,32,ARG,76,BRA,8471,"Automatic data processing machines and units thereof, magnetic or optical readers, machines for transcribing data onto data media in coded form and machines for processing such data, not elsewhere specified or included",u,5.0,7741.54
X,32,ARG,218,ECU,8471,"Automatic data processing machines and units thereof, magnetic or optical readers, machines for transcribing data onto data media in coded form and machines for processing such data, not elsewhere specified or included",u,3.0,3456.28
X,32,ARG,842,USA,8471,"Automatic data processing machines and units thereof, magnetic or optical readers, machines for transcribing data onto data media in coded form and machines for processing such data, not elsewhere specified or included",u,18813.74,3856605.65
X,32,ARG,858,URY,8471,"Automatic data processing machines and units thereof, magnetic or optical readers, machines for transcribing data onto data media in coded form and machines for processing such data, not elsewhere specified or included",u,9.0,15890.0
X,32,ARG,899,_X ,8471,"Automatic data processing machines and units thereof, magnetic or optical readers, machines for transcribing data onto data media in coded form and machines for processing such data, not elsewhere specified or included",u,20.0,6000.0
X,32,ARG,0,W00,8473,"Machinery; parts and accessories (other than covers, carrying cases and the like) suitable for use solely or principally with machines of headings 84.70 to 84.72",kg,7699.76,1715530.84
X,32,ARG,76,BRA,8473,"Machinery; parts and accessories (other than covers, carrying cases and the like) suitable for use solely or principally with machines of headings 84.70 to 84.72",kg,195.1,73862.71
X,32,ARG,484,MEX,8473,"Machinery; parts and accessories (other than covers, carrying cases and the like) suitable for use solely or principally with machines of headings 84.70 to 84.72",kg,120.66,12094.92
X,32,ARG,842,USA,8473,"Machinery; parts and accessories (other than covers, carrying cases and the like) suitable for use solely or principally with machines of headings 84.70 to 84.72",kg,7345.6,1623470.05
X,32,ARG,899,_X ,8473,"Machinery; parts and accessories (other than covers, carrying cases and the like) suitable for use solely or principally with machines of headings 84.70 to 84.72",kg,38.4,6103.16
X,32,ARG,0,W00,8474,"Machinery for sorting, screening, separating, washing, crushing, grinding, mixing or kneading earth, stone, ores in solid form, shaping, moulding machinery for solid mineral fuels",N/A,0.0,2022790.68
X,32,ARG,68,BOL,8474,"Machinery for sorting, screening, separating, washing, crushing, grinding, mixing or kneading earth, stone, ores in solid form, shaping, moulding machinery for solid mineral fuels",kg,3532.5,64255.97
X,32,ARG,152,CHL,8474,"Machinery for sorting, screening, separating, washing, crushing, grinding, mixing or kneading earth, stone, ores in solid form, shaping, moulding machinery for solid mineral fuels",kg,374901.0,967995.33
X,32,ARG,600,PRY,8474,"Machinery for sorting, screening, separating, washing, crushing, grinding, mixing or kneading earth, stone, ores in solid form, shaping, moulding machinery for solid mineral fuels",u,2613.0,436818.19
X,32,ARG,604,PER,8474,"Machinery for sorting, screening, separating, washing, crushing, grinding, mixing or kneading earth, stone, ores in solid form, shaping, moulding machinery for solid mineral fuels",kg,18805.6,53084.71
X,32,ARG,858,URY,8474,"Machinery for sorting, screening, separating, washing, crushing, grinding, mixing or kneading earth, stone, ores in solid form, shaping, moulding machinery for solid mineral fuels",N/A,0.0,500636.48
X,32,ARG,0,W00,8479,"Machinery and mechanical appliances; having individual functions, n.e.c. in this chapter",N/A,0.0,19135400.33
X,32,ARG,68,BOL,8479,"Machinery and mechanical appliances; having individual functions, n.e.c. in this chapter",N/A,0.0,297500.32
X,32,ARG,76,BRA,8479,"Machinery and mechanical appliances; having individual functions, n.e.c. in this chapter",N/A,0.0,6619416.95
X,32,ARG,152,CHL,8479,"Machinery and mechanical appliances; having individual functions, n.e.c. in this chapter",N/A,0.0,2657308.01
X,32,ARG,170,COL,8479,"Machinery and mechanical appliances; having individual functions, n.e.c. in this chapter",N/A,0.0,2838833.14
X,32,ARG,218,ECU,8479,"Machinery and mechanical appliances; having individual functions, n.e.c. in this chapter",kg,66.3,17323.92
X,32,ARG,484,MEX,8479,"Machinery and mechanical appliances; having individual functions, n.e.c. in this chapter",N/A,0.0,588699.71
X,32,ARG,600,PRY,8479,"Machinery and mechanical appliances; having individual functions, n.e.c. in this chapter",N/A,0.0,763234.42
X,32,ARG,604,PER,8479,"Machinery and mechanical appliances; having individual functions, n.e.c. in this chapter",u,683.0,773763.33
X,32,ARG,842,USA,8479,"Machinery and mechanical appliances; having individual functions, n.e.c. in this chapter",N/A,0.0,1116112.85
X,32,ARG,858,URY,8479,"Machinery and mechanical appliances; having individual functions, n.e.c. in this chapter",N/A,0.0,3456886.66
X,32,ARG,899,_X ,8479,"Machinery and mechanical appliances; having individual functions, n.e.c. in this chapter",N/A,0.0,6321.02
X,32,ARG,0,W00,8480,"Moulding boxes for metal foundry, moulding patterns, moulds for metals (excluding ingot moulds), metal carbides, glass, mineral materials, rubber or plastics",kg,1470.1,22487.72
X,32,ARG,152,CHL,8480,"Moulding boxes for metal foundry, moulding patterns, moulds for metals (excluding ingot moulds), metal carbides, glass, mineral materials, rubber or plastics",kg,1470.1,22487.72
X,32,ARG,0,W00,8481,"Taps, cocks, valves and similar appliances for pipes, boiler shells, tanks, vats or the like, including pressure-reducing valves and thermostatically controlled valves",kg,6280631.01,72286768.28
X,32,ARG,36,AUS,8481,"Taps, cocks, valves and similar appliances for pipes, boiler shells, tanks, vats or the like, including pressure-reducing valves and thermostatically controlled valves",kg,198.31,7135.91
X,32,ARG,56,BEL,8481,"Taps, cocks, valves and similar appliances for pipes, boiler shells, tanks, vats or the like, including pressure-reducing valves and thermostatically controlled valves",kg,2435.96,41429.09
X,32,ARG,68,BOL,8481,"Taps, cocks, valves and similar appliances for pipes, boiler shells, tanks, vats or the like, including pressure-reducing valves and thermostatically controlled valves",kg,255062.53,4686094.39
X,32,ARG,76,BRA,8481,"Taps, cocks, valves and similar appliances for pipes, boiler shells, tanks, vats or the like, including pressure-reducing valves and thermostatically controlled valves",kg,3982295.19,33251887.0
X,32,ARG,152,CHL,8481,"Taps, cocks, valves and similar appliances for pipes, boiler shells, tanks, vats or the like, including pressure-reducing valves and thermostatically controlled valves",kg,226710.03,2935419.66
X,32,ARG,170,COL,8481,"Taps, cocks, valves and similar appliances for pipes, boiler shells, tanks, vats or the like, including pressure-reducing valves and thermostatically controlled valves",kg,123642.31,3954786.58
X,32,ARG,188,CRI,8481,"Taps, cocks, valves and similar appliances for pipes, boiler shells, tanks, vats or the like, including pressure-reducing valves and thermostatically controlled valves",kg,156.39,10958.71
X,32,ARG,203,CZE,8481,"Taps, cocks, valves and similar appliances for pipes, boiler shells, tanks, vats or the like, including pressure-reducing valves and thermostatically controlled valves",kg,279.62,9264.87
X,32,ARG,218,ECU,8481,"Taps, cocks, valves and similar appliances for pipes, boiler shells, tanks, vats or the like, including pressure-reducing valves and thermostatically controlled valves",kg,35649.43,339524.86
X,32,ARG,251,FRA,8481,"Taps, cocks, valves and similar appliances for pipes, boiler shells, tanks, vats or the like, including pressure-reducing valves and thermostatically controlled valves",kg,7752.74,258958.33
X,32,ARG,276,DEU,8481,"Taps, cocks, valves and similar appliances for pipes, boiler shells, tanks, vats or the like, including pressure-reducing valves and thermostatically controlled valves",kg,721.11,12125.89
X,32,ARG,340,HND,8481,"Taps, cocks, valves and similar appliances for pipes, boiler shells, tanks, vats or the like, including pressure-reducing valves and thermostatically controlled valves",kg,154.86,8564.13
X,32,ARG,380,ITA,8481,"Taps, cocks, valves and similar appliances for pipes, boiler shells, tanks, vats or the like, including pressure-reducing valves and thermostatically controlled valves",kg,14527.56,192131.68
X,32,ARG,484,MEX,8481,"Taps, cocks, valves and similar appliances for pipes, boiler shells, tanks, vats or the like, including pressure-reducing valves and thermostatically controlled valves",kg,459572.53,4783870.61
X,32,ARG,591,PAN,8481,"Taps, cocks, valves and similar appliances for pipes, boiler shells, tanks, vats or the like, including pressure-reducing valves and thermostatically controlled valves",kg,493.85,22042.59
X,32,ARG,600,PRY,8481,"Taps, cocks, valves and similar appliances for pipes, boiler shells, tanks, vats or the like, including pressure-reducing valves and thermostatically controlled valves",kg,308885.59,5164197.51
X,32,ARG,604,PER,8481,"Taps, cocks, valves and similar appliances for pipes, boiler shells, tanks, vats or the like, including pressure-reducing valves and thermostatically controlled valves",kg,340493.77,3357806.29
X,32,ARG,643,RUS,8481,"Taps, cocks, valves and similar appliances for pipes, boiler shells, tanks, vats or the like, including pressure-reducing valves and thermostatically controlled valves",kg,1269.79,164243.0
X,32,ARG,699,IND,8481,"Taps, cocks, valves and similar appliances for pipes, boiler shells, tanks, vats or the like, including pressure-reducing valves and thermostatically controlled valves",kg,20787.49,421858.55
X,32,ARG,724,ESP,8481,"Taps, cocks, valves and similar appliances for pipes, boiler shells, tanks, vats or the like, including pressure-reducing valves and thermostatically controlled valves",kg,71548.31,712074.13
X,32,ARG,780,TTO,8481,"Taps, cocks, valves and similar appliances for pipes, boiler shells, tanks, vats or the like, including pressure-reducing valves and thermostatically controlled valves",kg,3753.78,22791.67
X,32,ARG,842,USA,8481,"Taps, cocks, valves and similar appliances for pipes, boiler shells, tanks, vats or the like, including pressure-reducing valves and thermostatically controlled valves",kg,301315.19,9475290.6
X,32,ARG,858,URY,8481,"Taps, cocks, valves and similar appliances for pipes, boiler shells, tanks, vats or the like, including pressure-reducing valves and thermostatically controlled valves",kg,122307.96,2420423.6
X,32,ARG,899,_X ,8481,"Taps, cocks, valves and similar appliances for pipes, boiler shells, tanks, vats or the like, including pressure-reducing valves and thermostatically controlled valves",kg,616.71,33888.63
X,32,ARG,0,W00,8482,Ball or roller bearings,N/A,0.0,17758905.53
X,32,ARG,68,BOL,8482,Ball or roller bearings,u,239.0,1218.84
X,32,ARG,76,BRA,8482,Ball or roller bearings,N/A,0.0,12508580.71
X,32,ARG,152,CHL,8482,Ball or roller bearings,u,40137.0,107441.51
X,32,ARG,170,COL,8482,Ball or roller bearings,u,158.0,17476.79
X,32,ARG,218,ECU,8482,Ball or roller bearings,u,75.0,6265.08
X,32,ARG,251,FRA,8482,Ball or roller bearings,u,7487.0,85807.3
X,32,ARG,484,MEX,8482,Ball or roller bearings,N/A,0.0,532752.56
X,32,ARG,600,PRY,8482,Ball or roller bearings,u,55707.0,533639.36
X,32,ARG,604,PER,8482,Ball or roller bearings,N/A,0.0,405975.16
X,32,ARG,643,RUS,8482,Ball or roller bearings,u,62.0,7051.42
X,32,ARG,842,USA,8482,Ball or roller bearings,N/A,0.0,3332835.85
X,32,ARG,858,URY,8482,Ball or roller bearings,u,71208.0,219353.09
X,32,ARG,899,_X ,8482,Ball or roller bearings,u,6.0,507.86
X,32,ARG,0,W00,8483,Transmission shafts (including cam and crank) and cranks; bearing housings and plain shaft bearings; gears and gearing; ball or roller screws; gear boxes and other speed changers; flywheels and pulleys; clutches and shaft couplings,N/A,0.0,27834909.85
X,32,ARG,68,BOL,8483,Transmission shafts (including cam and crank) and cranks; bearing housings and plain shaft bearings; gears and gearing; ball or roller screws; gear boxes and other speed changers; flywheels and pulleys; clutches and shaft couplings,N/A,0.0,444238.99
X,32,ARG,76,BRA,8483,Transmission shafts (including cam and crank) and cranks; bearing housings and plain shaft bearings; gears and gearing; ball or roller screws; gear boxes and other speed changers; flywheels and pulleys; clutches and shaft couplings,N/A,0.0,20724466.17
X,32,ARG,152,CHL,8483,Transmission shafts (including cam and crank) and cranks; bearing housings and plain shaft bearings; gears and gearing; ball or roller screws; gear boxes and other speed changers; flywheels and pulleys; clutches and shaft couplings,N/A,0.0,1473477.88
X,32,ARG,170,COL,8483,Transmission shafts (including cam and crank) and cranks; bearing housings and plain shaft bearings; gears and gearing; ball or roller screws; gear boxes and other speed changers; flywheels and pulleys; clutches and shaft couplings,N/A,0.0,151590.26
X,32,ARG,218,ECU,8483,Transmission shafts (including cam and crank) and cranks; bearing housings and plain shaft bearings; gears and gearing; ball or roller screws; gear boxes and other speed changers; flywheels and pulleys; clutches and shaft couplings,N/A,0.0,48177.05
X,32,ARG,251,FRA,8483,Transmission shafts (including cam and crank) and cranks; bearing housings and plain shaft bearings; gears and gearing; ball or roller screws; gear boxes and other speed changers; flywheels and pulleys; clutches and shaft couplings,N/A,0.0,2100.29
X,32,ARG,484,MEX,8483,Transmission shafts (including cam and crank) and cranks; bearing housings and plain shaft bearings; gears and gearing; ball or roller screws; gear boxes and other speed changers; flywheels and pulleys; clutches and shaft couplings,N/A,0.0,176769.21
X,32,ARG,528,NLD,8483,Transmission shafts (including cam and crank) and cranks; bearing housings and plain shaft bearings; gears and gearing; ball or roller screws; gear boxes and other speed changers; flywheels and pulleys; clutches and shaft couplings,u,16.0,47449.87
X,32,ARG,600,PRY,8483,Transmission shafts (including cam and crank) and cranks; bearing housings and plain shaft bearings; gears and gearing; ball or roller screws; gear boxes and other speed changers; flywheels and pulleys; clutches and shaft couplings,N/A,0.0,928067.82
X,32,ARG,604,PER,8483,Transmission shafts (including cam and crank) and cranks; bearing housings and plain shaft bearings; gears and gearing; ball or roller screws; gear boxes and other speed changers; flywheels and pulleys; clutches and shaft couplings,u,29065.0,133978.57
X,32,ARG,643,RUS,8483,Transmission shafts (including cam and crank) and cranks; bearing housings and plain shaft bearings; gears and gearing; ball or roller screws; gear boxes and other speed changers; flywheels and pulleys; clutches and shaft couplings,N/A,0.0,30169.38
X,32,ARG,699,IND,8483,Transmission shafts (including cam and crank) and cranks; bearing housings and plain shaft bearings; gears and gearing; ball or roller screws; gear boxes and other speed changers; flywheels and pulleys; clutches and shaft couplings,u,57.0,5328.2
X,32,ARG,724,ESP,8483,Transmission shafts (including cam and crank) and cranks; bearing housings and plain shaft bearings; gears and gearing; ball or roller screws; gear boxes and other speed changers; flywheels and pulleys; clutches and shaft couplings,u,171.0,78115.66
X,32,ARG,842,USA,8483,Transmission shafts (including cam and crank) and cranks; bearing housings and plain shaft bearings; gears and gearing; ball or roller screws; gear boxes and other speed changers; flywheels and pulleys; clutches and shaft couplings,N/A,0.0,2716890.0
X,32,ARG,858,URY,8483,Transmission shafts (including cam and crank) and cranks; bearing housings and plain shaft bearings; gears and gearing; ball or roller screws; gear boxes and other speed changers; flywheels and pulleys; clutches and shaft couplings,N/A,0.0,865322.89
X,32,ARG,899,_X ,8483,Transmission shafts (including cam and crank) and cranks; bearing housings and plain shaft bearings; gears and gearing; ball or roller screws; gear boxes and other speed changers; flywheels and pulleys; clutches and shaft couplings,u,29.0,8767.61
X,32,ARG,0,W00,8484,"Gaskets and similar joints of metal sheeting combined with other material or of two or more layers of metal; sets or assortments of gaskets and similar joints, dissimilar in composition, put up in pouches, envelopes or similar packings; mechanical seals",kg,361853.74,7025054.2
X,32,ARG,68,BOL,8484,"Gaskets and similar joints of metal sheeting combined with other material or of two or more layers of metal; sets or assortments of gaskets and similar joints, dissimilar in composition, put up in pouches, envelopes or similar packings; mechanical seals",kg,1877.71,328159.1
X,32,ARG,76,BRA,8484,"Gaskets and similar joints of metal sheeting combined with other material or of two or more layers of metal; sets or assortments of gaskets and similar joints, dissimilar in composition, put up in pouches, envelopes or similar packings; mechanical seals",kg,325414.99,5174139.24
X,32,ARG,152,CHL,8484,"Gaskets and similar joints of metal sheeting combined with other material or of two or more layers of metal; sets or assortments of gaskets and similar joints, dissimilar in composition, put up in pouches, envelopes or similar packings; mechanical seals",kg,14087.79,465224.11
X,32,ARG,170,COL,8484,"Gaskets and similar joints of metal sheeting combined with other material or of two or more layers of metal; sets or assortments of gaskets and similar joints, dissimilar in composition, put up in pouches, envelopes or similar packings; mechanical seals",kg,3371.55,182372.27
X,32,ARG,484,MEX,8484,"Gaskets and similar joints of metal sheeting combined with other material or of two or more layers of metal; sets or assortments of gaskets and similar joints, dissimilar in composition, put up in pouches, envelopes or similar packings; mechanical seals",kg,3507.86,106477.5
X,32,ARG,600,PRY,8484,"Gaskets and similar joints of metal sheeting combined with other material or of two or more layers of metal; sets or assortments of gaskets and similar joints, dissimilar in composition, put up in pouches, envelopes or similar packings; mechanical seals",kg,2152.62,85455.49
X,32,ARG,604,PER,8484,"Gaskets and similar joints of metal sheeting combined with other material or of two or more layers of metal; sets or assortments of gaskets and similar joints, dissimilar in composition, put up in pouches, envelopes or similar packings; mechanical seals",kg,912.11,34896.31
X,32,ARG,842,USA,8484,"Gaskets and similar joints of metal sheeting combined with other material or of two or more layers of metal; sets or assortments of gaskets and similar joints, dissimilar in composition, put up in pouches, envelopes or similar packings; mechanical seals",kg,2028.11,102330.86
X,32,ARG,858,URY,8484,"Gaskets and similar joints of metal sheeting combined with other material or of two or more layers of metal; sets or assortments of gaskets and similar joints, dissimilar in composition, put up in pouches, envelopes or similar packings; mechanical seals",kg,8501.0,545999.32
X,32,ARG,0,W00,8487,"Machinery parts; not containing electrical connectors, insulators, coils, contacts or other electrical features, n.e.c. in this chapter",kg,113998.59,2960207.35
X,32,ARG,68,BOL,8487,"Machinery parts; not containing electrical connectors, insulators, coils, contacts or other electrical features, n.e.c. in this chapter",kg,7151.69,217167.97
X,32,ARG,76,BRA,8487,"Machinery parts; not containing electrical connectors, insulators, coils, contacts or other electrical features, n.e.c. in this chapter",kg,74514.02,1816633.06
X,32,ARG,152,CHL,8487,"Machinery parts; not containing electrical connectors, insulators, coils, contacts or other electrical features, n.e.c. in this chapter",kg,15242.93,356010.33
X,32,ARG,170,COL,8487,"Machinery parts; not containing electrical connectors, insulators, coils, contacts or other electrical features, n.e.c. in this chapter",kg,140.63,34603.77
X,32,ARG,218,ECU,8487,"Machinery parts; not containing electrical connectors, insulators, coils, contacts or other electrical features, n.e.c. in this chapter",kg,212.03,9005.99
X,32,ARG,484,MEX,8487,"Machinery parts; not containing electrical connectors, insulators, coils, contacts or other electrical features, n.e.c. in this chapter",kg,533.08,26000.44
X,32,ARG,600,PRY,8487,"Machinery parts; not containing electrical connectors, insulators, coils, contacts or other electrical features, n.e.c. in this chapter",kg,7258.91,170596.05
X,32,ARG,604,PER,8487,"Machinery parts; not containing electrical connectors, insulators, coils, contacts or other electrical features, n.e.c. in this chapter",kg,234.52,20768.5
X,32,ARG,643,RUS,8487,"Machinery parts; not containing electrical connectors, insulators, coils, contacts or other electrical features, n.e.c. in this chapter",kg,97.06,3542.58
X,32,ARG,842,USA,8487,"Machinery parts; not containing electrical connectors, insulators, coils, contacts or other electrical features, n.e.c. in this chapter",kg,1883.11,86459.71
X,32,ARG,858,URY,8487,"Machinery parts; not containing electrical connectors, insulators, coils, contacts or other electrical features, n.e.c. in this chapter",kg,6730.08,219386.63
X,32,ARG,899,_X ,8487,"Machinery parts; not containing electrical connectors, insulators, coils, contacts or other electrical features, n.e.c. in this chapter",kg,0.53,32.32
X,32,ARG,0,W00,8501,Electric motors and generators (excluding generating sets),u,28879.0,916704.87
X,32,ARG,76,BRA,8501,Electric motors and generators (excluding generating sets),u,17859.0,563502.31
X,32,ARG,152,CHL,8501,Electric motors and generators (excluding generating sets),u,303.0,18739.75
X,32,ARG,591,PAN,8501,Electric motors and generators (excluding generating sets),u,6.0,1703.2
X,32,ARG,600,PRY,8501,Electric motors and generators (excluding generating sets),u,3715.0,165361.71
X,32,ARG,604,PER,8501,Electric motors and generators (excluding generating sets),u,13.0,5003.83
X,32,ARG,842,USA,8501,Electric motors and generators (excluding generating sets),u,90.0,44950.02
X,32,ARG,858,URY,8501,Electric motors and generators (excluding generating sets),u,6893.0,117444.05
X,32,ARG,0,W00,8503,Electric motors and generators; parts suitable for use solely or principally with the machines of heading no. 8501 or 8502,kg,79232.11,290200.76
X,32,ARG,76,BRA,8503,Electric motors and generators; parts suitable for use solely or principally with the machines of heading no. 8501 or 8502,kg,74054.69,242217.74
X,32,ARG,600,PRY,8503,Electric motors and generators; parts suitable for use solely or principally with the machines of heading no. 8501 or 8502,kg,202.26,7692.72
X,32,ARG,842,USA,8503,Electric motors and generators; parts suitable for use solely or principally with the machines of heading no. 8501 or 8502,kg,4548.34,26004.23
X,32,ARG,858,URY,8503,Electric motors and generators; parts suitable for use solely or principally with the machines of heading no. 8501 or 8502,kg,426.82,14286.07
X,32,ARG,0,W00,8504,"Electric transformers, static converters (e.g. rectifiers) and inductors",N/A,0.0,2629864.86
X,32,ARG,68,BOL,8504,"Electric transformers, static converters (e.g. rectifiers) and inductors",u,2684.0,135941.46
X,32,ARG,76,BRA,8504,"Electric transformers, static converters (e.g. rectifiers) and inductors",N/A,0.0,215329.37
X,32,ARG,152,CHL,8504,"Electric transformers, static converters (e.g. rectifiers) and inductors",N/A,0.0,649433.11
X,32,ARG,170,COL,8504,"Electric transformers, static converters (e.g. rectifiers) and inductors",u,2008.0,94009.24
X,32,ARG,276,DEU,8504,"Electric transformers, static converters (e.g. rectifiers) and inductors",u,12.0,11870.81
X,32,ARG,484,MEX,8504,"Electric transformers, static converters (e.g. rectifiers) and inductors",u,135.0,76211.61
X,32,ARG,600,PRY,8504,"Electric transformers, static converters (e.g. rectifiers) and inductors",u,2355.0,84459.19
X,32,ARG,604,PER,8504,"Electric transformers, static converters (e.g. rectifiers) and inductors",u,60.0,53971.68
X,32,ARG,842,USA,8504,"Electric transformers, static converters (e.g. rectifiers) and inductors",u,8752.61,800185.12
X,32,ARG,858,URY,8504,"Electric transformers, static converters (e.g. rectifiers) and inductors",u,7372.0,154533.25
X,32,ARG,899,_X ,8504,"Electric transformers, static converters (e.g. rectifiers) and inductors",N/A,0.0,353920.02
X,32,ARG,0,W00,8505,"Electro-magnets; permanent magnets, intended permanent magnets; electro-magnetic, permanent magnet chucks, clamps, similar; electromagnetic couplings, clutches, brakes; electro-magnetic lifting heads",kg,21167.91,229541.32
X,32,ARG,76,BRA,8505,"Electro-magnets; permanent magnets, intended permanent magnets; electro-magnetic, permanent magnet chucks, clamps, similar; electromagnetic couplings, clutches, brakes; electro-magnetic lifting heads",kg,19939.31,176589.18
X,32,ARG,484,MEX,8505,"Electro-magnets; permanent magnets, intended permanent magnets; electro-magnetic, permanent magnet chucks, clamps, similar; electromagnetic couplings, clutches, brakes; electro-magnetic lifting heads",kg,50.04,1970.82
X,32,ARG,600,PRY,8505,"Electro-magnets; permanent magnets, intended permanent magnets; electro-magnetic, permanent magnet chucks, clamps, similar; electromagnetic couplings, clutches, brakes; electro-magnetic lifting heads",kg,163.42,12187.17
X,32,ARG,842,USA,8505,"Electro-magnets; permanent magnets, intended permanent magnets; electro-magnetic, permanent magnet chucks, clamps, similar; electromagnetic couplings, clutches, brakes; electro-magnetic lifting heads",kg,69.08,8296.13
X,32,ARG,858,URY,8505,"Electro-magnets; permanent magnets, intended permanent magnets; electro-magnetic, permanent magnet chucks, clamps, similar; electromagnetic couplings, clutches, brakes; electro-magnetic lifting heads",kg,946.06,30498.02
X,32,ARG,0,W00,8507,"Electric accumulators, including separators therefor; whether or not rectangular (including square)",u,5192.0,340310.67
X,32,ARG,842,USA,8507,"Electric accumulators, including separators therefor; whether or not rectangular (including square)",u,5192.0,340310.67
X,32,ARG,0,W00,8509,"Electro-mechanical domestic appliances; with self-contained electric motor, other than vacuum cleaners of heading 85.08.",u,877.0,6432.05
X,32,ARG,858,URY,8509,"Electro-mechanical domestic appliances; with self-contained electric motor, other than vacuum cleaners of heading 85.08.",u,877.0,6432.05
X,32,ARG,0,W00,8511,Ignition or starting equipment; used for spark-ignition or compression-ignition internal combustion engines; generators and cut outs used in conjunction with such engines,N/A,0.0,379757.62
X,32,ARG,76,BRA,8511,Ignition or starting equipment; used for spark-ignition or compression-ignition internal combustion engines; generators and cut outs used in conjunction with such engines,u,17055.0,11813.29
X,32,ARG,152,CHL,8511,Ignition or starting equipment; used for spark-ignition or compression-ignition internal combustion engines; generators and cut outs used in conjunction with such engines,u,10215.0,50414.92
X,32,ARG,600,PRY,8511,Ignition or starting equipment; used for spark-ignition or compression-ignition internal combustion engines; generators and cut outs used in conjunction with such engines,u,20690.0,45563.48
X,32,ARG,724,ESP,8511,Ignition or starting equipment; used for spark-ignition or compression-ignition internal combustion engines; generators and cut outs used in conjunction with such engines,u,759.0,8878.19
X,32,ARG,842,USA,8511,Ignition or starting equipment; used for spark-ignition or compression-ignition internal combustion engines; generators and cut outs used in conjunction with such engines,u,10367.0,166741.77
X,32,ARG,858,URY,8511,Ignition or starting equipment; used for spark-ignition or compression-ignition internal combustion engines; generators and cut outs used in conjunction with such engines,N/A,0.0,96345.97
X,32,ARG,0,W00,8512,"Lighting or visual signalling equipment (excluding articles of heading no. 8539), windscreen wipers, defrosters and demisters; electrical, of a kind used for cycles or motor vehicles",N/A,0.0,3396077.11
X,32,ARG,76,BRA,8512,"Lighting or visual signalling equipment (excluding articles of heading no. 8539), windscreen wipers, defrosters and demisters; electrical, of a kind used for cycles or motor vehicles",N/A,0.0,2624837.38
X,32,ARG,152,CHL,8512,"Lighting or visual signalling equipment (excluding articles of heading no. 8539), windscreen wipers, defrosters and demisters; electrical, of a kind used for cycles or motor vehicles",u,26743.0,90109.76
X,32,ARG,170,COL,8512,"Lighting or visual signalling equipment (excluding articles of heading no. 8539), windscreen wipers, defrosters and demisters; electrical, of a kind used for cycles or motor vehicles",u,2714.0,28364.15
X,32,ARG,251,FRA,8512,"Lighting or visual signalling equipment (excluding articles of heading no. 8539), windscreen wipers, defrosters and demisters; electrical, of a kind used for cycles or motor vehicles",u,5929.0,49166.83
X,32,ARG,276,DEU,8512,"Lighting or visual signalling equipment (excluding articles of heading no. 8539), windscreen wipers, defrosters and demisters; electrical, of a kind used for cycles or motor vehicles",u,1303.0,22498.84
X,32,ARG,484,MEX,8512,"Lighting or visual signalling equipment (excluding articles of heading no. 8539), windscreen wipers, defrosters and demisters; electrical, of a kind used for cycles or motor vehicles",u,970.0,3140.69
X,32,ARG,600,PRY,8512,"Lighting or visual signalling equipment (excluding articles of heading no. 8539), windscreen wipers, defrosters and demisters; electrical, of a kind used for cycles or motor vehicles",u,26915.0,87394.71
X,32,ARG,604,PER,8512,"Lighting or visual signalling equipment (excluding articles of heading no. 8539), windscreen wipers, defrosters and demisters; electrical, of a kind used for cycles or motor vehicles",u,40.0,918.48
X,32,ARG,842,USA,8512,"Lighting or visual signalling equipment (excluding articles of heading no. 8539), windscreen wipers, defrosters and demisters; electrical, of a kind used for cycles or motor vehicles",N/A,0.0,47039.4
X,32,ARG,858,URY,8512,"Lighting or visual signalling equipment (excluding articles of heading no. 8539), windscreen wipers, defrosters and demisters; electrical, of a kind used for cycles or motor vehicles",N/A,0.0,442606.87
X,32,ARG,0,W00,8515,"Electric (electrically heated gas) soldering, brazing, welding machines and apparatus, capable or not of cutting, electric machines and apparatus for hot spraying of metals or sintered carbides",N/A,0.0,130617.92
X,32,ARG,68,BOL,8515,"Electric (electrically heated gas) soldering, brazing, welding machines and apparatus, capable or not of cutting, electric machines and apparatus for hot spraying of metals or sintered carbides",N/A,0.0,96197.64
X,32,ARG,76,BRA,8515,"Electric (electrically heated gas) soldering, brazing, welding machines and apparatus, capable or not of cutting, electric machines and apparatus for hot spraying of metals or sintered carbides",kg,257.78,17011.85
X,32,ARG,600,PRY,8515,"Electric (electrically heated gas) soldering, brazing, welding machines and apparatus, capable or not of cutting, electric machines and apparatus for hot spraying of metals or sintered carbides",kg,447.05,3504.46
X,32,ARG,858,URY,8515,"Electric (electrically heated gas) soldering, brazing, welding machines and apparatus, capable or not of cutting, electric machines and apparatus for hot spraying of metals or sintered carbides",kg,1226.97,13903.97
X,32,ARG,0,W00,8516,"Electric water, space, soil heaters; electro-thermic hair-dressing apparatus; hand dryers, irons; electro-thermic appliances for domestic purposes; electro heating resistors, not of heading no. 8545",N/A,0.0,192405.7
X,32,ARG,68,BOL,8516,"Electric water, space, soil heaters; electro-thermic hair-dressing apparatus; hand dryers, irons; electro-thermic appliances for domestic purposes; electro heating resistors, not of heading no. 8545",u,369.0,41047.57
X,32,ARG,76,BRA,8516,"Electric water, space, soil heaters; electro-thermic hair-dressing apparatus; hand dryers, irons; electro-thermic appliances for domestic purposes; electro heating resistors, not of heading no. 8545",u,3621.0,32401.76
X,32,ARG,152,CHL,8516,"Electric water, space, soil heaters; electro-thermic hair-dressing apparatus; hand dryers, irons; electro-thermic appliances for domestic purposes; electro heating resistors, not of heading no. 8545",u,208.0,22584.23
X,32,ARG,170,COL,8516,"Electric water, space, soil heaters; electro-thermic hair-dressing apparatus; hand dryers, irons; electro-thermic appliances for domestic purposes; electro heating resistors, not of heading no. 8545",u,26.0,3838.34
X,32,ARG,188,CRI,8516,"Electric water, space, soil heaters; electro-thermic hair-dressing apparatus; hand dryers, irons; electro-thermic appliances for domestic purposes; electro heating resistors, not of heading no. 8545",u,8.0,1674.79
X,32,ARG,484,MEX,8516,"Electric water, space, soil heaters; electro-thermic hair-dressing apparatus; hand dryers, irons; electro-thermic appliances for domestic purposes; electro heating resistors, not of heading no. 8545",u,74.0,11457.78
X,32,ARG,600,PRY,8516,"Electric water, space, soil heaters; electro-thermic hair-dressing apparatus; hand dryers, irons; electro-thermic appliances for domestic purposes; electro heating resistors, not of heading no. 8545",u,313.0,21580.63
X,32,ARG,842,USA,8516,"Electric water, space, soil heaters; electro-thermic hair-dressing apparatus; hand dryers, irons; electro-thermic appliances for domestic purposes; electro heating resistors, not of heading no. 8545",u,48.0,23675.89
X,32,ARG,858,URY,8516,"Electric water, space, soil heaters; electro-thermic hair-dressing apparatus; hand dryers, irons; electro-thermic appliances for domestic purposes; electro heating resistors, not of heading no. 8545",N/A,0.0,33055.11
X,32,ARG,899,_X ,8516,"Electric water, space, soil heaters; electro-thermic hair-dressing apparatus; hand dryers, irons; electro-thermic appliances for domestic purposes; electro heating resistors, not of heading no. 8545",u,12.0,1089.6
X,32,ARG,0,W00,8517,"Telephone sets, including telephones for cellular networks or for other wireless networks; other apparatus for the transmission or reception of voice, images or other data (including wired/wireless networks), excluding items of 8443, 8525, 8527, or 8528",N/A,0.0,9405840.63
X,32,ARG,76,BRA,8517,"Telephone sets, including telephones for cellular networks or for other wireless networks; other apparatus for the transmission or reception of voice, images or other data (including wired/wireless networks), excluding items of 8443, 8525, 8527, or 8528",u,251.0,170936.15
X,32,ARG,152,CHL,8517,"Telephone sets, including telephones for cellular networks or for other wireless networks; other apparatus for the transmission or reception of voice, images or other data (including wired/wireless networks), excluding items of 8443, 8525, 8527, or 8528",u,7704.0,636497.94
X,32,ARG,170,COL,8517,"Telephone sets, including telephones for cellular networks or for other wireless networks; other apparatus for the transmission or reception of voice, images or other data (including wired/wireless networks), excluding items of 8443, 8525, 8527, or 8528",u,4805.0,343122.92
X,32,ARG,484,MEX,8517,"Telephone sets, including telephones for cellular networks or for other wireless networks; other apparatus for the transmission or reception of voice, images or other data (including wired/wireless networks), excluding items of 8443, 8525, 8527, or 8528",u,1121.0,241621.56
X,32,ARG,600,PRY,8517,"Telephone sets, including telephones for cellular networks or for other wireless networks; other apparatus for the transmission or reception of voice, images or other data (including wired/wireless networks), excluding items of 8443, 8525, 8527, or 8528",u,4142.0,507291.59
X,32,ARG,604,PER,8517,"Telephone sets, including telephones for cellular networks or for other wireless networks; other apparatus for the transmission or reception of voice, images or other data (including wired/wireless networks), excluding items of 8443, 8525, 8527, or 8528",u,68.0,44921.52
X,32,ARG,842,USA,8517,"Telephone sets, including telephones for cellular networks or for other wireless networks; other apparatus for the transmission or reception of voice, images or other data (including wired/wireless networks), excluding items of 8443, 8525, 8527, or 8528",N/A,0.0,7096357.95
X,32,ARG,858,URY,8517,"Telephone sets, including telephones for cellular networks or for other wireless networks; other apparatus for the transmission or reception of voice, images or other data (including wired/wireless networks), excluding items of 8443, 8525, 8527, or 8528",u,5317.0,365091.0
X,32,ARG,0,W00,8518,"Microphones and their stands; loudspeakers, mounted or not in their enclosures; headphones and earphones, combined or not with a microphone, and sets of a microphone and one or more loudspeakers; audio frequency and electric sound amplifiers and sets",u,734.0,6184.63
X,32,ARG,842,USA,8518,"Microphones and their stands; loudspeakers, mounted or not in their enclosures; headphones and earphones, combined or not with a microphone, and sets of a microphone and one or more loudspeakers; audio frequency and electric sound amplifiers and sets",u,124.0,3101.65
X,32,ARG,858,URY,8518,"Microphones and their stands; loudspeakers, mounted or not in their enclosures; headphones and earphones, combined or not with a microphone, and sets of a microphone and one or more loudspeakers; audio frequency and electric sound amplifiers and sets",u,610.0,3082.98
X,32,ARG,0,W00,8523,"Discs, tapes, solid-state non-volatile storage devices, smart cards and other media for the recording of sound or of other phenomena, whether or not recorded, including matrices and masters for the production of discs, excluding products of Chapter 37",u,7266658.0,3561729.38
X,32,ARG,76,BRA,8523,"Discs, tapes, solid-state non-volatile storage devices, smart cards and other media for the recording of sound or of other phenomena, whether or not recorded, including matrices and masters for the production of discs, excluding products of Chapter 37",u,61.0,12020.27
X,32,ARG,152,CHL,8523,"Discs, tapes, solid-state non-volatile storage devices, smart cards and other media for the recording of sound or of other phenomena, whether or not recorded, including matrices and masters for the production of discs, excluding products of Chapter 37",u,12210.0,72144.67
X,32,ARG,600,PRY,8523,"Discs, tapes, solid-state non-volatile storage devices, smart cards and other media for the recording of sound or of other phenomena, whether or not recorded, including matrices and masters for the production of discs, excluding products of Chapter 37",u,7104258.0,2659638.42
X,32,ARG,842,USA,8523,"Discs, tapes, solid-state non-volatile storage devices, smart cards and other media for the recording of sound or of other phenomena, whether or not recorded, including matrices and masters for the production of discs, excluding products of Chapter 37",u,117511.0,791491.21
X,32,ARG,858,URY,8523,"Discs, tapes, solid-state non-volatile storage devices, smart cards and other media for the recording of sound or of other phenomena, whether or not recorded, including matrices and masters for the production of discs, excluding products of Chapter 37",u,2618.0,20434.81
X,32,ARG,899,_X ,8523,"Discs, tapes, solid-state non-volatile storage devices, smart cards and other media for the recording of sound or of other phenomena, whether or not recorded, including matrices and masters for the production of discs, excluding products of Chapter 37",u,30000.0,6000.0
X,32,ARG,0,W00,8525,"Transmission apparatus for radio-broadcasting or television, whether or not incorporating reception apparatus or sound recording or reproducing apparatus; television cameras, digital cameras and video camera recorders",u,2451.0,143312.88
X,32,ARG,152,CHL,8525,"Transmission apparatus for radio-broadcasting or television, whether or not incorporating reception apparatus or sound recording or reproducing apparatus; television cameras, digital cameras and video camera recorders",u,1503.0,73368.0
X,32,ARG,842,USA,8525,"Transmission apparatus for radio-broadcasting or television, whether or not incorporating reception apparatus or sound recording or reproducing apparatus; television cameras, digital cameras and video camera recorders",u,334.0,57393.86
X,32,ARG,858,URY,8525,"Transmission apparatus for radio-broadcasting or television, whether or not incorporating reception apparatus or sound recording or reproducing apparatus; television cameras, digital cameras and video camera recorders",u,614.0,12551.02
X,32,ARG,0,W00,8526,"Radar apparatus, radio navigational aid apparatus and radio remote control apparatus",u,1697.0,42315.93
X,32,ARG,68,BOL,8526,"Radar apparatus, radio navigational aid apparatus and radio remote control apparatus",u,186.0,17818.0
X,32,ARG,858,URY,8526,"Radar apparatus, radio navigational aid apparatus and radio remote control apparatus",u,1510.0,20344.93
X,32,ARG,899,_X ,8526,"Radar apparatus, radio navigational aid apparatus and radio remote control apparatus",u,1.0,4153.0
X,32,ARG,0,W00,8527,"Reception apparatus for radio-broadcasting, whether or not combined, in the same housing, with sound recording or reproducing apparatus or a clock.",u,22559.0,3384714.52
X,32,ARG,76,BRA,8527,"Reception apparatus for radio-broadcasting, whether or not combined, in the same housing, with sound recording or reproducing apparatus or a clock.",u,22559.0,3384714.52
X,32,ARG,0,W00,8528,"Monitors and projectors, not incorporating television reception apparatus; reception apparatus for television, whether or not incorporating radio-broadcast receivers or sound or video recording or reproducing apparatus",u,45.0,30751.1
X,32,ARG,842,USA,8528,"Monitors and projectors, not incorporating television reception apparatus; reception apparatus for television, whether or not incorporating radio-broadcast receivers or sound or video recording or reproducing apparatus",u,45.0,30751.1
X,32,ARG,0,W00,8529,Transmission apparatus; parts suitable for use solely or principally with the apparatus of heading no. 8525 to 8528,kg,16632.14,140394.27
X,32,ARG,76,BRA,8529,Transmission apparatus; parts suitable for use solely or principally with the apparatus of heading no. 8525 to 8528,kg,27.98,1356.84
X,32,ARG,600,PRY,8529,Transmission apparatus; parts suitable for use solely or principally with the apparatus of heading no. 8525 to 8528,kg,16125.58,102118.58
X,32,ARG,842,USA,8529,Transmission apparatus; parts suitable for use solely or principally with the apparatus of heading no. 8525 to 8528,kg,347.94,22822.78
X,32,ARG,858,URY,8529,Transmission apparatus; parts suitable for use solely or principally with the apparatus of heading no. 8525 to 8528,kg,129.88,13296.07
X,32,ARG,899,_X ,8529,Transmission apparatus; parts suitable for use solely or principally with the apparatus of heading no. 8525 to 8528,kg,0.76,800.0
X,32,ARG,0,W00,8531,"Signalling apparatus; electric sound or visual (e.g. bells, sirens, indicator panels, burglar or fire alarms), excluding those of heading no. 8512 or 8530",u,66.0,848.34
X,32,ARG,76,BRA,8531,"Signalling apparatus; electric sound or visual (e.g. bells, sirens, indicator panels, burglar or fire alarms), excluding those of heading no. 8512 or 8530",u,66.0,848.34
X,32,ARG,0,W00,8533,"Electrical resistors (including rheostats and potentiometers), excluding heating resistors",kg,3436.11,33783.99
X,32,ARG,76,BRA,8533,"Electrical resistors (including rheostats and potentiometers), excluding heating resistors",kg,21.26,3264.26
X,32,ARG,858,URY,8533,"Electrical resistors (including rheostats and potentiometers), excluding heating resistors",kg,3414.85,30519.73
X,32,ARG,0,W00,8535,"Electrical apparatus for switching, protecting electrical circuits, for making connections to or in electrical circuits; for a voltage exceeding 1000 volts",kg,32010.04,138064.4
X,32,ARG,76,BRA,8535,"Electrical apparatus for switching, protecting electrical circuits, for making connections to or in electrical circuits; for a voltage exceeding 1000 volts",kg,3547.18,80117.55
X,32,ARG,152,CHL,8535,"Electrical apparatus for switching, protecting electrical circuits, for making connections to or in electrical circuits; for a voltage exceeding 1000 volts",kg,28462.86,57946.85
X,32,ARG,0,W00,8536,"Electrical apparatus for switching, protecting electrical circuits, for making connections to or in electrical circuits, for a voltage not exceeding 1000 volts; connectors for optical fibres, optical fibre bundles or cables",kg,483865.4,10072091.22
X,32,ARG,68,BOL,8536,"Electrical apparatus for switching, protecting electrical circuits, for making connections to or in electrical circuits, for a voltage not exceeding 1000 volts; connectors for optical fibres, optical fibre bundles or cables",kg,41276.69,723600.07
X,32,ARG,76,BRA,8536,"Electrical apparatus for switching, protecting electrical circuits, for making connections to or in electrical circuits, for a voltage not exceeding 1000 volts; connectors for optical fibres, optical fibre bundles or cables",kg,45547.72,1165450.55
X,32,ARG,152,CHL,8536,"Electrical apparatus for switching, protecting electrical circuits, for making connections to or in electrical circuits, for a voltage not exceeding 1000 volts; connectors for optical fibres, optical fibre bundles or cables",kg,130306.49,2272944.74
X,32,ARG,170,COL,8536,"Electrical apparatus for switching, protecting electrical circuits, for making connections to or in electrical circuits, for a voltage not exceeding 1000 volts; connectors for optical fibres, optical fibre bundles or cables",kg,19855.19,537489.59
X,32,ARG,188,CRI,8536,"Electrical apparatus for switching, protecting electrical circuits, for making connections to or in electrical circuits, for a voltage not exceeding 1000 volts; connectors for optical fibres, optical fibre bundles or cables",kg,31.25,1292.57
X,32,ARG,218,ECU,8536,"Electrical apparatus for switching, protecting electrical circuits, for making connections to or in electrical circuits, for a voltage not exceeding 1000 volts; connectors for optical fibres, optical fibre bundles or cables",kg,1901.39,36698.66
X,32,ARG,251,FRA,8536,"Electrical apparatus for switching, protecting electrical circuits, for making connections to or in electrical circuits, for a voltage not exceeding 1000 volts; connectors for optical fibres, optical fibre bundles or cables",kg,2558.88,71728.53
X,32,ARG,320,GTM,8536,"Electrical apparatus for switching, protecting electrical circuits, for making connections to or in electrical circuits, for a voltage not exceeding 1000 volts; connectors for optical fibres, optical fibre bundles or cables",kg,457.45,9468.58
X,32,ARG,484,MEX,8536,"Electrical apparatus for switching, protecting electrical circuits, for making connections to or in electrical circuits, for a voltage not exceeding 1000 volts; connectors for optical fibres, optical fibre bundles or cables",kg,677.88,48661.44
X,32,ARG,600,PRY,8536,"Electrical apparatus for switching, protecting electrical circuits, for making connections to or in electrical circuits, for a voltage not exceeding 1000 volts; connectors for optical fibres, optical fibre bundles or cables",kg,88088.28,1584390.07
X,32,ARG,604,PER,8536,"Electrical apparatus for switching, protecting electrical circuits, for making connections to or in electrical circuits, for a voltage not exceeding 1000 volts; connectors for optical fibres, optical fibre bundles or cables",kg,54955.35,910296.87
X,32,ARG,842,USA,8536,"Electrical apparatus for switching, protecting electrical circuits, for making connections to or in electrical circuits, for a voltage not exceeding 1000 volts; connectors for optical fibres, optical fibre bundles or cables",kg,25281.81,1437747.51
X,32,ARG,858,URY,8536,"Electrical apparatus for switching, protecting electrical circuits, for making connections to or in electrical circuits, for a voltage not exceeding 1000 volts; connectors for optical fibres, optical fibre bundles or cables",kg,72925.06,1270286.74
X,32,ARG,899,_X ,8536,"Electrical apparatus for switching, protecting electrical circuits, for making connections to or in electrical circuits, for a voltage not exceeding 1000 volts; connectors for optical fibres, optical fibre bundles or cables",kg,1.96,2035.3
X,32,ARG,0,W00,8537,"Boards, panels, consoles, desks, cabinets, bases with apparatus of heading no. 8535, 8536 for electricity control and distribution, (other than switching apparatus of heading no. 8517)",kg,94844.28,6312298.39
X,32,ARG,68,BOL,8537,"Boards, panels, consoles, desks, cabinets, bases with apparatus of heading no. 8535, 8536 for electricity control and distribution, (other than switching apparatus of heading no. 8517)",kg,4934.11,128410.92
X,32,ARG,76,BRA,8537,"Boards, panels, consoles, desks, cabinets, bases with apparatus of heading no. 8535, 8536 for electricity control and distribution, (other than switching apparatus of heading no. 8517)",kg,13069.05,1928044.26
X,32,ARG,152,CHL,8537,"Boards, panels, consoles, desks, cabinets, bases with apparatus of heading no. 8535, 8536 for electricity control and distribution, (other than switching apparatus of heading no. 8517)",kg,44742.87,1426944.53
X,32,ARG,218,ECU,8537,"Boards, panels, consoles, desks, cabinets, bases with apparatus of heading no. 8535, 8536 for electricity control and distribution, (other than switching apparatus of heading no. 8517)",kg,205.44,92201.66
X,32,ARG,484,MEX,8537,"Boards, panels, consoles, desks, cabinets, bases with apparatus of heading no. 8535, 8536 for electricity control and distribution, (other than switching apparatus of heading no. 8517)",kg,1501.63,152103.42
X,32,ARG,600,PRY,8537,"Boards, panels, consoles, desks, cabinets, bases with apparatus of heading no. 8535, 8536 for electricity control and distribution, (other than switching apparatus of heading no. 8517)",kg,5036.46,552688.45
X,32,ARG,604,PER,8537,"Boards, panels, consoles, desks, cabinets, bases with apparatus of heading no. 8535, 8536 for electricity control and distribution, (other than switching apparatus of heading no. 8517)",kg,1278.86,265604.11
X,32,ARG,842,USA,8537,"Boards, panels, consoles, desks, cabinets, bases with apparatus of heading no. 8535, 8536 for electricity control and distribution, (other than switching apparatus of heading no. 8517)",kg,10840.23,874233.57
X,32,ARG,858,URY,8537,"Boards, panels, consoles, desks, cabinets, bases with apparatus of heading no. 8535, 8536 for electricity control and distribution, (other than switching apparatus of heading no. 8517)",kg,13235.63,892067.47
X,32,ARG,0,W00,8538,"Electrical apparatus; parts suitable for use solely or principally with the apparatus of heading no. 8535, 8536 and 8537",kg,40810.83,849679.4
X,32,ARG,68,BOL,8538,"Electrical apparatus; parts suitable for use solely or principally with the apparatus of heading no. 8535, 8536 and 8537",kg,479.93,12066.17
X,32,ARG,76,BRA,8538,"Electrical apparatus; parts suitable for use solely or principally with the apparatus of heading no. 8535, 8536 and 8537",kg,4189.41,130163.33
X,32,ARG,152,CHL,8538,"Electrical apparatus; parts suitable for use solely or principally with the apparatus of heading no. 8535, 8536 and 8537",kg,4351.51,93055.02
X,32,ARG,170,COL,8538,"Electrical apparatus; parts suitable for use solely or principally with the apparatus of heading no. 8535, 8536 and 8537",kg,114.07,6741.87
X,32,ARG,218,ECU,8538,"Electrical apparatus; parts suitable for use solely or principally with the apparatus of heading no. 8535, 8536 and 8537",kg,12.12,3061.8
X,32,ARG,600,PRY,8538,"Electrical apparatus; parts suitable for use solely or principally with the apparatus of heading no. 8535, 8536 and 8537",kg,13132.61,94585.19
X,32,ARG,604,PER,8538,"Electrical apparatus; parts suitable for use solely or principally with the apparatus of heading no. 8535, 8536 and 8537",kg,2477.69,51885.36
X,32,ARG,842,USA,8538,"Electrical apparatus; parts suitable for use solely or principally with the apparatus of heading no. 8535, 8536 and 8537",kg,307.3,244762.46
X,32,ARG,858,URY,8538,"Electrical apparatus; parts suitable for use solely or principally with the apparatus of heading no. 8535, 8536 and 8537",kg,15746.12,213283.2
X,32,ARG,899,_X ,8538,"Electrical apparatus; parts suitable for use solely or principally with the apparatus of heading no. 8535, 8536 and 8537",kg,0.07,75.0
X,32,ARG,0,W00,8539,"Lamps; electric filament or discharge lamps, including sealed beam lamp units and ultra-violet or infra-red lamps, arc lamps, light-emitting diode (LED) lamps",u,149089.0,118711.62
X,32,ARG,76,BRA,8539,"Lamps; electric filament or discharge lamps, including sealed beam lamp units and ultra-violet or infra-red lamps, arc lamps, light-emitting diode (LED) lamps",u,57.0,5558.41
X,32,ARG,858,URY,8539,"Lamps; electric filament or discharge lamps, including sealed beam lamp units and ultra-violet or infra-red lamps, arc lamps, light-emitting diode (LED) lamps",u,149032.0,113153.21
X,32,ARG,0,W00,8541,"Diodes, transistors, similar semiconductor devices; including photovoltaic cells assembled or not in modules or panels, light-emitting diodes (LED), mounted piezo-electric crystals",u,2444.0,21035.43
X,32,ARG,600,PRY,8541,"Diodes, transistors, similar semiconductor devices; including photovoltaic cells assembled or not in modules or panels, light-emitting diodes (LED), mounted piezo-electric crystals",u,2006.0,5223.5
X,32,ARG,858,URY,8541,"Diodes, transistors, similar semiconductor devices; including photovoltaic cells assembled or not in modules or panels, light-emitting diodes (LED), mounted piezo-electric crystals",u,438.0,15811.93
X,32,ARG,0,W00,8542,Electronic integrated circuits,u,580.0,163272.01
X,32,ARG,842,USA,8542,Electronic integrated circuits,u,580.0,163272.01
X,32,ARG,0,W00,8543,"Electrical machines and apparatus; having individual functions, not specified or included elsewhere in this chapter",N/A,0.0,1776553.25
X,32,ARG,68,BOL,8543,"Electrical machines and apparatus; having individual functions, not specified or included elsewhere in this chapter",u,403.0,55373.84
X,32,ARG,76,BRA,8543,"Electrical machines and apparatus; having individual functions, not specified or included elsewhere in this chapter",u,17578.0,341378.43
X,32,ARG,152,CHL,8543,"Electrical machines and apparatus; having individual functions, not specified or included elsewhere in this chapter",u,779.0,107793.8
X,32,ARG,484,MEX,8543,"Electrical machines and apparatus; having individual functions, not specified or included elsewhere in this chapter",u,341.0,59752.91
X,32,ARG,600,PRY,8543,"Electrical machines and apparatus; having individual functions, not specified or included elsewhere in this chapter",u,21821.0,282908.12
X,32,ARG,604,PER,8543,"Electrical machines and apparatus; having individual functions, not specified or included elsewhere in this chapter",u,217.0,19860.95
X,32,ARG,842,USA,8543,"Electrical machines and apparatus; having individual functions, not specified or included elsewhere in this chapter",N/A,0.0,414622.99
X,32,ARG,858,URY,8543,"Electrical machines and apparatus; having individual functions, not specified or included elsewhere in this chapter",u,7487.0,490142.21
X,32,ARG,899,_X ,8543,"Electrical machines and apparatus; having individual functions, not specified or included elsewhere in this chapter",u,2.0,4720.0
X,32,ARG,0,W00,8544,"Insulated wire, cable and other electric conductors, connector fitted or not; optical fibre cables of individually sheathed fibres, whether or not assembled with electric conductors or fitted with connectors",kg,2330235.91,24575493.36
X,32,ARG,68,BOL,8544,"Insulated wire, cable and other electric conductors, connector fitted or not; optical fibre cables of individually sheathed fibres, whether or not assembled with electric conductors or fitted with connectors",kg,108699.88,935225.83
X,32,ARG,76,BRA,8544,"Insulated wire, cable and other electric conductors, connector fitted or not; optical fibre cables of individually sheathed fibres, whether or not assembled with electric conductors or fitted with connectors",kg,544196.55,9367313.25
X,32,ARG,152,CHL,8544,"Insulated wire, cable and other electric conductors, connector fitted or not; optical fibre cables of individually sheathed fibres, whether or not assembled with electric conductors or fitted with connectors",kg,803116.98,5471459.54
X,32,ARG,170,COL,8544,"Insulated wire, cable and other electric conductors, connector fitted or not; optical fibre cables of individually sheathed fibres, whether or not assembled with electric conductors or fitted with connectors",kg,12492.89,138993.03
X,32,ARG,218,ECU,8544,"Insulated wire, cable and other electric conductors, connector fitted or not; optical fibre cables of individually sheathed fibres, whether or not assembled with electric conductors or fitted with connectors",kg,92.14,4421.12
X,32,ARG,484,MEX,8544,"Insulated wire, cable and other electric conductors, connector fitted or not; optical fibre cables of individually sheathed fibres, whether or not assembled with electric conductors or fitted with connectors",kg,3308.29,65887.13
X,32,ARG,600,PRY,8544,"Insulated wire, cable and other electric conductors, connector fitted or not; optical fibre cables of individually sheathed fibres, whether or not assembled with electric conductors or fitted with connectors",kg,187982.69,1698810.21
X,32,ARG,604,PER,8544,"Insulated wire, cable and other electric conductors, connector fitted or not; optical fibre cables of individually sheathed fibres, whether or not assembled with electric conductors or fitted with connectors",kg,26325.69,253085.57
X,32,ARG,842,USA,8544,"Insulated wire, cable and other electric conductors, connector fitted or not; optical fibre cables of individually sheathed fibres, whether or not assembled with electric conductors or fitted with connectors",kg,2936.16,221371.52
X,32,ARG,858,URY,8544,"Insulated wire, cable and other electric conductors, connector fitted or not; optical fibre cables of individually sheathed fibres, whether or not assembled with electric conductors or fitted with connectors",kg,641068.14,6418750.42
X,32,ARG,899,_X ,8544,"Insulated wire, cable and other electric conductors, connector fitted or not; optical fibre cables of individually sheathed fibres, whether or not assembled with electric conductors or fitted with connectors",kg,16.5,175.74
X,32,ARG,0,W00,8545,"Carbon electrodes, carbon brushes, lamp carbons, battery carbons and other articles of graphite or other carbon; with or without metal, of a kind used for electrical purposes",kg,395.16,9699.89
X,32,ARG,858,URY,8545,"Carbon electrodes, carbon brushes, lamp carbons, battery carbons and other articles of graphite or other carbon; with or without metal, of a kind used for electrical purposes",kg,395.16,9699.89
X,32,ARG,0,W00,8546,Electrical insulators of any material,kg,22164.38,117758.0
X,32,ARG,858,URY,8546,Electrical insulators of any material,kg,22164.38,117758.0
X,32,ARG,0,W00,8547,"Insulating fittings; for electrical machines, appliances, equipment, excluding insulators of heading no. 8546, electrical conduit tubing and joints therefore",kg,4684.4,63349.05
X,32,ARG,76,BRA,8547,"Insulating fittings; for electrical machines, appliances, equipment, excluding insulators of heading no. 8546, electrical conduit tubing and joints therefore",kg,1019.86,21469.21
X,32,ARG,170,COL,8547,"Insulating fittings; for electrical machines, appliances, equipment, excluding insulators of heading no. 8546, electrical conduit tubing and joints therefore",kg,506.61,14166.78
X,32,ARG,842,USA,8547,"Insulating fittings; for electrical machines, appliances, equipment, excluding insulators of heading no. 8546, electrical conduit tubing and joints therefore",kg,1052.35,17212.72
X,32,ARG,858,URY,8547,"Insulating fittings; for electrical machines, appliances, equipment, excluding insulators of heading no. 8546, electrical conduit tubing and joints therefore",kg,2105.58,10500.34
X,32,ARG,0,W00,8703,"Motor cars and other motor vehicles; principally designed for the transport of persons (other than those of heading no. 8702), including station wagons and racing cars",u,64282.0,1009155049.49
X,32,ARG,76,BRA,8703,"Motor cars and other motor vehicles; principally designed for the transport of persons (other than those of heading no. 8702), including station wagons and racing cars",u,63636.0,1000765049.43
X,32,ARG,858,URY,8703,"Motor cars and other motor vehicles; principally designed for the transport of persons (other than those of heading no. 8702), including station wagons and racing cars",u,646.0,8390000.06
X,32,ARG,0,W00,8704,Vehicles; for the transport of goods,u,136375.0,3203754534.72
X,32,ARG,76,BRA,8704,Vehicles; for the transport of goods,u,95723.0,2347920486.43
X,32,ARG,152,CHL,8704,Vehicles; for the transport of goods,u,15498.0,305478215.43
X,32,ARG,170,COL,8704,Vehicles; for the transport of goods,u,7724.0,160387536.73
X,32,ARG,218,ECU,8704,Vehicles; for the transport of goods,u,22.0,400072.22
X,32,ARG,484,MEX,8704,Vehicles; for the transport of goods,u,636.0,13763672.2
X,32,ARG,600,PRY,8704,Vehicles; for the transport of goods,u,2204.0,55497600.72
X,32,ARG,604,PER,8704,Vehicles; for the transport of goods,u,12292.0,275950779.89
X,32,ARG,858,URY,8704,Vehicles; for the transport of goods,u,2251.0,43811230.1
X,32,ARG,899,_X ,8704,Vehicles; for the transport of goods,u,25.0,544941.0
X,32,ARG,0,W00,8708,"Motor vehicles; parts and accessories, of heading no. 8701 to 8705",kg,40242391.14,410584657.42
X,32,ARG,36,AUS,8708,"Motor vehicles; parts and accessories, of heading no. 8701 to 8705",kg,145158.25,232608.49
X,32,ARG,68,BOL,8708,"Motor vehicles; parts and accessories, of heading no. 8701 to 8705",kg,39298.79,396784.4
X,32,ARG,76,BRA,8708,"Motor vehicles; parts and accessories, of heading no. 8701 to 8705",kg,35603318.94,373825239.8
X,32,ARG,152,CHL,8708,"Motor vehicles; parts and accessories, of heading no. 8701 to 8705",kg,1483094.47,8537257.5
X,32,ARG,156,CHN,8708,"Motor vehicles; parts and accessories, of heading no. 8701 to 8705",kg,184.23,173024.08
X,32,ARG,170,COL,8708,"Motor vehicles; parts and accessories, of heading no. 8701 to 8705",kg,280179.24,2235526.52
X,32,ARG,218,ECU,8708,"Motor vehicles; parts and accessories, of heading no. 8701 to 8705",kg,74725.33,441119.06
X,32,ARG,251,FRA,8708,"Motor vehicles; parts and accessories, of heading no. 8701 to 8705",kg,28315.39,230821.85
X,32,ARG,276,DEU,8708,"Motor vehicles; parts and accessories, of heading no. 8701 to 8705",kg,458784.86,5526030.07
X,32,ARG,380,ITA,8708,"Motor vehicles; parts and accessories, of heading no. 8701 to 8705",kg,10454.26,62780.65
X,32,ARG,392,JPN,8708,"Motor vehicles; parts and accessories, of heading no. 8701 to 8705",kg,37.4,2826.7
X,32,ARG,484,MEX,8708,"Motor vehicles; parts and accessories, of heading no. 8701 to 8705",kg,482791.61,3879102.82
X,32,ARG,600,PRY,8708,"Motor vehicles; parts and accessories, of heading no. 8701 to 8705",kg,145731.87,1758842.04
X,32,ARG,604,PER,8708,"Motor vehicles; parts and accessories, of heading no. 8701 to 8705",kg,101358.8,1161466.47
X,32,ARG,643,RUS,8708,"Motor vehicles; parts and accessories, of heading no. 8701 to 8705",kg,1965.82,24481.61
X,32,ARG,710,ZAF,8708,"Motor vehicles; parts and accessories, of heading no. 8701 to 8705",kg,123412.04,590682.45
X,32,ARG,724,ESP,8708,"Motor vehicles; parts and accessories, of heading no. 8701 to 8705",kg,15152.51,95929.19
X,32,ARG,842,USA,8708,"Motor vehicles; parts and accessories, of heading no. 8701 to 8705",kg,576931.89,4906231.75
X,32,ARG,858,URY,8708,"Motor vehicles; parts and accessories, of heading no. 8701 to 8705",kg,662647.39,6290615.52
X,32,ARG,899,_X ,8708,"Motor vehicles; parts and accessories, of heading no. 8701 to 8705",kg,8848.05,213286.45
X,32,ARG,0,W00,8711,"Motorcycles (including mopeds) and cycles; fitted with an auxiliary motor, with or without side-cars; side-cars",u,1.0,988.59
X,32,ARG,899,_X ,8711,"Motorcycles (including mopeds) and cycles; fitted with an auxiliary motor, with or without side-cars; side-cars",u,1.0,988.59
X,32,ARG,0,W00,8714,Vehicles; parts and accessories of heading no. 8711 to 8713,kg,19.22,244.5
X,32,ARG,899,_X ,8714,Vehicles; parts and accessories of heading no. 8711 to 8713,kg,19.22,244.5
X,32,ARG,0,W00,8716,"Trailers and semi-trailers; other vehicles, not mechanically propelled; parts thereof",N/A,0.0,4062612.33
X,32,ARG,68,BOL,8716,"Trailers and semi-trailers; other vehicles, not mechanically propelled; parts thereof",N/A,0.0,369767.02
X,32,ARG,152,CHL,8716,"Trailers and semi-trailers; other vehicles, not mechanically propelled; parts thereof",N/A,0.0,943663.31
X,32,ARG,600,PRY,8716,"Trailers and semi-trailers; other vehicles, not mechanically propelled; parts thereof",u,50.0,779197.28
X,32,ARG,858,URY,8716,"Trailers and semi-trailers; other vehicles, not mechanically propelled; parts thereof",N/A,0.0,1969984.72
X,32,ARG,0,W00,9004,"Spectacles, goggles and the like; corrective, protective or other",u,6766.0,11702.2
X,32,ARG,858,URY,9004,"Spectacles, goggles and the like; corrective, protective or other",u,6766.0,11702.2
X,32,ARG,0,W00,9013,"Liquid crystal devices not constituting articles provided for more specifically in other headings; lasers, not laser diodes; other optical appliances and instruments n.e.c. in this chapter",u,2539.0,21211.1
X,32,ARG,152,CHL,9013,"Liquid crystal devices not constituting articles provided for more specifically in other headings; lasers, not laser diodes; other optical appliances and instruments n.e.c. in this chapter",u,2240.0,16883.6
X,32,ARG,858,URY,9013,"Liquid crystal devices not constituting articles provided for more specifically in other headings; lasers, not laser diodes; other optical appliances and instruments n.e.c. in this chapter",u,299.0,4327.5
X,32,ARG,0,W00,9015,"Surveying (including photogrammetrical surveying), hydrographic, oceanographic, hydrological, meteorological or geophysical instruments and appliances, excluding compasses, rangefinders",N/A,0.0,7475.22
X,32,ARG,858,URY,9015,"Surveying (including photogrammetrical surveying), hydrographic, oceanographic, hydrological, meteorological or geophysical instruments and appliances, excluding compasses, rangefinders",u,216.0,1077.0
X,32,ARG,899,_X ,9015,"Surveying (including photogrammetrical surveying), hydrographic, oceanographic, hydrological, meteorological or geophysical instruments and appliances, excluding compasses, rangefinders",kg,9.17,6398.22
X,32,ARG,0,W00,9017,"Drawing, marking-out, mathematical calculating instruments (drafting machines, protractors, drawing sets etc); instruments for measuring length (e.g. measuring rods, tapes, micrometers, callipers) n.e.c.",u,18635.0,19082.64
X,32,ARG,600,PRY,9017,"Drawing, marking-out, mathematical calculating instruments (drafting machines, protractors, drawing sets etc); instruments for measuring length (e.g. measuring rods, tapes, micrometers, callipers) n.e.c.",u,10023.0,8255.48
X,32,ARG,858,URY,9017,"Drawing, marking-out, mathematical calculating instruments (drafting machines, protractors, drawing sets etc); instruments for measuring length (e.g. measuring rods, tapes, micrometers, callipers) n.e.c.",u,8612.0,10827.16
X,32,ARG,0,W00,9018,"Instruments and appliances used in medical, surgical, dental or veterinary sciences, including scintigraphic apparatus, other electro-medical apparatus and sight testing instruments",N/A,0.0,9667530.4
X,32,ARG,68,BOL,9018,"Instruments and appliances used in medical, surgical, dental or veterinary sciences, including scintigraphic apparatus, other electro-medical apparatus and sight testing instruments",u,70985.0,369204.25
X,32,ARG,76,BRA,9018,"Instruments and appliances used in medical, surgical, dental or veterinary sciences, including scintigraphic apparatus, other electro-medical apparatus and sight testing instruments",N/A,0.0,4231356.66
X,32,ARG,152,CHL,9018,"Instruments and appliances used in medical, surgical, dental or veterinary sciences, including scintigraphic apparatus, other electro-medical apparatus and sight testing instruments",u,12421.0,538145.68
X,32,ARG,170,COL,9018,"Instruments and appliances used in medical, surgical, dental or veterinary sciences, including scintigraphic apparatus, other electro-medical apparatus and sight testing instruments",N/A,0.0,311691.52
X,32,ARG,188,CRI,9018,"Instruments and appliances used in medical, surgical, dental or veterinary sciences, including scintigraphic apparatus, other electro-medical apparatus and sight testing instruments",u,1893.12,35553.84
X,32,ARG,218,ECU,9018,"Instruments and appliances used in medical, surgical, dental or veterinary sciences, including scintigraphic apparatus, other electro-medical apparatus and sight testing instruments",u,16526.0,71694.09
X,32,ARG,276,DEU,9018,"Instruments and appliances used in medical, surgical, dental or veterinary sciences, including scintigraphic apparatus, other electro-medical apparatus and sight testing instruments",u,604.0,352498.1
X,32,ARG,484,MEX,9018,"Instruments and appliances used in medical, surgical, dental or veterinary sciences, including scintigraphic apparatus, other electro-medical apparatus and sight testing instruments",u,2659.0,570449.22
X,32,ARG,591,PAN,9018,"Instruments and appliances used in medical, surgical, dental or veterinary sciences, including scintigraphic apparatus, other electro-medical apparatus and sight testing instruments",u,12546.0,46759.5
X,32,ARG,600,PRY,9018,"Instruments and appliances used in medical, surgical, dental or veterinary sciences, including scintigraphic apparatus, other electro-medical apparatus and sight testing instruments",u,2384410.0,597887.8
X,32,ARG,604,PER,9018,"Instruments and appliances used in medical, surgical, dental or veterinary sciences, including scintigraphic apparatus, other electro-medical apparatus and sight testing instruments",u,53606.0,569508.04
X,32,ARG,842,USA,9018,"Instruments and appliances used in medical, surgical, dental or veterinary sciences, including scintigraphic apparatus, other electro-medical apparatus and sight testing instruments",u,9397.0,1545988.53
X,32,ARG,858,URY,9018,"Instruments and appliances used in medical, surgical, dental or veterinary sciences, including scintigraphic apparatus, other electro-medical apparatus and sight testing instruments",N/A,0.0,426118.17
X,32,ARG,899,_X ,9018,"Instruments and appliances used in medical, surgical, dental or veterinary sciences, including scintigraphic apparatus, other electro-medical apparatus and sight testing instruments",u,10.0,675.0
X,32,ARG,0,W00,9019,"Mechano-therapy, massage appliances; psychological aptitude testing apparatus; ozone, oxygen, aerosol therapy, artificial respiration or other therapeutic respiration apparatus",kg,35490.22,3248311.8
X,32,ARG,68,BOL,9019,"Mechano-therapy, massage appliances; psychological aptitude testing apparatus; ozone, oxygen, aerosol therapy, artificial respiration or other therapeutic respiration apparatus",kg,2571.54,150727.95
X,32,ARG,152,CHL,9019,"Mechano-therapy, massage appliances; psychological aptitude testing apparatus; ozone, oxygen, aerosol therapy, artificial respiration or other therapeutic respiration apparatus",kg,2099.15,69601.9
X,32,ARG,484,MEX,9019,"Mechano-therapy, massage appliances; psychological aptitude testing apparatus; ozone, oxygen, aerosol therapy, artificial respiration or other therapeutic respiration apparatus",kg,5215.72,440416.95
X,32,ARG,600,PRY,9019,"Mechano-therapy, massage appliances; psychological aptitude testing apparatus; ozone, oxygen, aerosol therapy, artificial respiration or other therapeutic respiration apparatus",kg,13974.56,969082.82
X,32,ARG,604,PER,9019,"Mechano-therapy, massage appliances; psychological aptitude testing apparatus; ozone, oxygen, aerosol therapy, artificial respiration or other therapeutic respiration apparatus",kg,894.9,24948.93
X,32,ARG,858,URY,9019,"Mechano-therapy, massage appliances; psychological aptitude testing apparatus; ozone, oxygen, aerosol therapy, artificial respiration or other therapeutic respiration apparatus",kg,10431.95,1486722.55
X,32,ARG,899,_X ,9019,"Mechano-therapy, massage appliances; psychological aptitude testing apparatus; ozone, oxygen, aerosol therapy, artificial respiration or other therapeutic respiration apparatus",kg,302.4,106810.7
X,32,ARG,0,W00,9021,"Orthopaedic appliances; including crutches, surgical belts and trusses; splints and other fracture appliances; artificial parts of the body; hearing aids and other which are worn, carried or implanted in the body to compensate for a defect or disability",kg,10255.26,1156878.04
X,32,ARG,68,BOL,9021,"Orthopaedic appliances; including crutches, surgical belts and trusses; splints and other fracture appliances; artificial parts of the body; hearing aids and other which are worn, carried or implanted in the body to compensate for a defect or disability",kg,1190.78,59583.4
X,32,ARG,76,BRA,9021,"Orthopaedic appliances; including crutches, surgical belts and trusses; splints and other fracture appliances; artificial parts of the body; hearing aids and other which are worn, carried or implanted in the body to compensate for a defect or disability",kg,386.02,196989.7
X,32,ARG,152,CHL,9021,"Orthopaedic appliances; including crutches, surgical belts and trusses; splints and other fracture appliances; artificial parts of the body; hearing aids and other which are worn, carried or implanted in the body to compensate for a defect or disability",kg,1107.21,238090.02
X,32,ARG,170,COL,9021,"Orthopaedic appliances; including crutches, surgical belts and trusses; splints and other fracture appliances; artificial parts of the body; hearing aids and other which are worn, carried or implanted in the body to compensate for a defect or disability",kg,23.03,63304.9
X,32,ARG,214,DOM,9021,"Orthopaedic appliances; including crutches, surgical belts and trusses; splints and other fracture appliances; artificial parts of the body; hearing aids and other which are worn, carried or implanted in the body to compensate for a defect or disability",kg,123.37,10991.89
X,32,ARG,600,PRY,9021,"Orthopaedic appliances; including crutches, surgical belts and trusses; splints and other fracture appliances; artificial parts of the body; hearing aids and other which are worn, carried or implanted in the body to compensate for a defect or disability",kg,706.26,17985.55
X,32,ARG,604,PER,9021,"Orthopaedic appliances; including crutches, surgical belts and trusses; splints and other fracture appliances; artificial parts of the body; hearing aids and other which are worn, carried or implanted in the body to compensate for a defect or disability",kg,12.49,22214.0
X,32,ARG,858,URY,9021,"Orthopaedic appliances; including crutches, surgical belts and trusses; splints and other fracture appliances; artificial parts of the body; hearing aids and other which are worn, carried or implanted in the body to compensate for a defect or disability",kg,6698.42,545664.38
X,32,ARG,899,_X ,9021,"Orthopaedic appliances; including crutches, surgical belts and trusses; splints and other fracture appliances; artificial parts of the body; hearing aids and other which are worn, carried or implanted in the body to compensate for a defect or disability",kg,7.68,2054.2
X,32,ARG,0,W00,9022,"X-ray, alpha, beta, gamma radiation apparatus; x-ray tubes, x-ray generators, high tension generators, control panels and desks, screens, examination or treatment tables, chairs and the like",u,47.0,204975.58
X,32,ARG,842,USA,9022,"X-ray, alpha, beta, gamma radiation apparatus; x-ray tubes, x-ray generators, high tension generators, control panels and desks, screens, examination or treatment tables, chairs and the like",u,47.0,204975.58
X,32,ARG,0,W00,9023,"Instruments, apparatus and models, designed for demonstrational purposes (in education or exhibitions), unsuitable for other uses",kg,364.2,7835.68
X,32,ARG,68,BOL,9023,"Instruments, apparatus and models, designed for demonstrational purposes (in education or exhibitions), unsuitable for other uses",kg,185.3,1108.68
X,32,ARG,152,CHL,9023,"Instruments, apparatus and models, designed for demonstrational purposes (in education or exhibitions), unsuitable for other uses",kg,29.4,2567.0
X,32,ARG,899,_X ,9023,"Instruments, apparatus and models, designed for demonstrational purposes (in education or exhibitions), unsuitable for other uses",kg,149.5,4160.0
X,32,ARG,0,W00,9025,"Hydrometers and similar floating instruments, thermometers, pyrometers, barometers, hygrometers and psychrometers, recording or not",N/A,0.0,542541.08
X,32,ARG,68,BOL,9025,"Hydrometers and similar floating instruments, thermometers, pyrometers, barometers, hygrometers and psychrometers, recording or not",N/A,0.0,24394.9
X,32,ARG,76,BRA,9025,"Hydrometers and similar floating instruments, thermometers, pyrometers, barometers, hygrometers and psychrometers, recording or not",N/A,0.0,253741.35
X,32,ARG,152,CHL,9025,"Hydrometers and similar floating instruments, thermometers, pyrometers, barometers, hygrometers and psychrometers, recording or not",N/A,0.0,86412.68
X,32,ARG,170,COL,9025,"Hydrometers and similar floating instruments, thermometers, pyrometers, barometers, hygrometers and psychrometers, recording or not",kg,188.28,24103.75
X,32,ARG,600,PRY,9025,"Hydrometers and similar floating instruments, thermometers, pyrometers, barometers, hygrometers and psychrometers, recording or not",kg,194.74,21730.4
X,32,ARG,604,PER,9025,"Hydrometers and similar floating instruments, thermometers, pyrometers, barometers, hygrometers and psychrometers, recording or not",u,7.0,1391.16
X,32,ARG,842,USA,9025,"Hydrometers and similar floating instruments, thermometers, pyrometers, barometers, hygrometers and psychrometers, recording or not",N/A,0.0,62796.84
X,32,ARG,858,URY,9025,"Hydrometers and similar floating instruments, thermometers, pyrometers, barometers, hygrometers and psychrometers, recording or not",N/A,0.0,66851.53
X,32,ARG,899,_X ,9025,"Hydrometers and similar floating instruments, thermometers, pyrometers, barometers, hygrometers and psychrometers, recording or not",u,9.0,1118.47
X,32,ARG,0,W00,9026,"Instruments, apparatus for measuring or checking the flow, level, pressure of liquids, gases (e.g. flow meters, heat meters etc), not instruments and apparatus of heading no. 9014, 9015, 9028 or 9032",N/A,0.0,1377455.31
X,32,ARG,68,BOL,9026,"Instruments, apparatus for measuring or checking the flow, level, pressure of liquids, gases (e.g. flow meters, heat meters etc), not instruments and apparatus of heading no. 9014, 9015, 9028 or 9032",N/A,0.0,167417.33
X,32,ARG,76,BRA,9026,"Instruments, apparatus for measuring or checking the flow, level, pressure of liquids, gases (e.g. flow meters, heat meters etc), not instruments and apparatus of heading no. 9014, 9015, 9028 or 9032",N/A,0.0,342315.27
X,32,ARG,152,CHL,9026,"Instruments, apparatus for measuring or checking the flow, level, pressure of liquids, gases (e.g. flow meters, heat meters etc), not instruments and apparatus of heading no. 9014, 9015, 9028 or 9032",u,7197.0,264539.78
X,32,ARG,170,COL,9026,"Instruments, apparatus for measuring or checking the flow, level, pressure of liquids, gases (e.g. flow meters, heat meters etc), not instruments and apparatus of heading no. 9014, 9015, 9028 or 9032",N/A,0.0,124066.47
X,32,ARG,218,ECU,9026,"Instruments, apparatus for measuring or checking the flow, level, pressure of liquids, gases (e.g. flow meters, heat meters etc), not instruments and apparatus of heading no. 9014, 9015, 9028 or 9032",u,234.0,10064.45
X,32,ARG,251,FRA,9026,"Instruments, apparatus for measuring or checking the flow, level, pressure of liquids, gases (e.g. flow meters, heat meters etc), not instruments and apparatus of heading no. 9014, 9015, 9028 or 9032",u,83.0,571.1
X,32,ARG,484,MEX,9026,"Instruments, apparatus for measuring or checking the flow, level, pressure of liquids, gases (e.g. flow meters, heat meters etc), not instruments and apparatus of heading no. 9014, 9015, 9028 or 9032",N/A,0.0,20126.78
X,32,ARG,600,PRY,9026,"Instruments, apparatus for measuring or checking the flow, level, pressure of liquids, gases (e.g. flow meters, heat meters etc), not instruments and apparatus of heading no. 9014, 9015, 9028 or 9032",N/A,0.0,67783.24
X,32,ARG,604,PER,9026,"Instruments, apparatus for measuring or checking the flow, level, pressure of liquids, gases (e.g. flow meters, heat meters etc), not instruments and apparatus of heading no. 9014, 9015, 9028 or 9032",N/A,0.0,36470.71
X,32,ARG,842,USA,9026,"Instruments, apparatus for measuring or checking the flow, level, pressure of liquids, gases (e.g. flow meters, heat meters etc), not instruments and apparatus of heading no. 9014, 9015, 9028 or 9032",N/A,0.0,168482.91
X,32,ARG,858,URY,9026,"Instruments, apparatus for measuring or checking the flow, level, pressure of liquids, gases (e.g. flow meters, heat meters etc), not instruments and apparatus of heading no. 9014, 9015, 9028 or 9032",N/A,0.0,175126.33
X,32,ARG,899,_X ,9026,"Instruments, apparatus for measuring or checking the flow, level, pressure of liquids, gases (e.g. flow meters, heat meters etc), not instruments and apparatus of heading no. 9014, 9015, 9028 or 9032",u,7.0,490.94
X,32,ARG,0,W00,9027,"Instruments and apparatus; for physical or chemical analysis (e.g. polarimeters, spectrometers), for measuring or checking viscosity, porosity, etc, for measuring quantities of heat, sound or light",N/A,0.0,753324.43
X,32,ARG,76,BRA,9027,"Instruments and apparatus; for physical or chemical analysis (e.g. polarimeters, spectrometers), for measuring or checking viscosity, porosity, etc, for measuring quantities of heat, sound or light",N/A,0.0,137474.62
X,32,ARG,152,CHL,9027,"Instruments and apparatus; for physical or chemical analysis (e.g. polarimeters, spectrometers), for measuring or checking viscosity, porosity, etc, for measuring quantities of heat, sound or light",N/A,0.0,108532.72
X,32,ARG,170,COL,9027,"Instruments and apparatus; for physical or chemical analysis (e.g. polarimeters, spectrometers), for measuring or checking viscosity, porosity, etc, for measuring quantities of heat, sound or light",kg,124.82,8576.42
X,32,ARG,360,IDN,9027,"Instruments and apparatus; for physical or chemical analysis (e.g. polarimeters, spectrometers), for measuring or checking viscosity, porosity, etc, for measuring quantities of heat, sound or light",kg,31.49,4754.38
X,32,ARG,484,MEX,9027,"Instruments and apparatus; for physical or chemical analysis (e.g. polarimeters, spectrometers), for measuring or checking viscosity, porosity, etc, for measuring quantities of heat, sound or light",kg,272.1,116034.74
X,32,ARG,600,PRY,9027,"Instruments and apparatus; for physical or chemical analysis (e.g. polarimeters, spectrometers), for measuring or checking viscosity, porosity, etc, for measuring quantities of heat, sound or light",N/A,0.0,39825.15
X,32,ARG,842,USA,9027,"Instruments and apparatus; for physical or chemical analysis (e.g. polarimeters, spectrometers), for measuring or checking viscosity, porosity, etc, for measuring quantities of heat, sound or light",N/A,0.0,248399.68
X,32,ARG,858,URY,9027,"Instruments and apparatus; for physical or chemical analysis (e.g. polarimeters, spectrometers), for measuring or checking viscosity, porosity, etc, for measuring quantities of heat, sound or light",N/A,0.0,81298.82
X,32,ARG,899,_X ,9027,"Instruments and apparatus; for physical or chemical analysis (e.g. polarimeters, spectrometers), for measuring or checking viscosity, porosity, etc, for measuring quantities of heat, sound or light",N/A,0.0,8427.9
X,32,ARG,0,W00,9028,"Gas, liquid or electricity supply or production meters, including calibrating meters therefor",N/A,0.0,104584.54
X,32,ARG,152,CHL,9028,"Gas, liquid or electricity supply or production meters, including calibrating meters therefor",u,3713.0,90739.54
X,32,ARG,899,_X ,9028,"Gas, liquid or electricity supply or production meters, including calibrating meters therefor",N/A,0.0,13845.0
X,32,ARG,0,W00,9029,"Revolution counter, production counters, taximeters, mileometers, pedometers and the like, speed indicators and tachometers, other than those of heading no. 9015, stroboscopes",N/A,0.0,126958.3
X,32,ARG,76,BRA,9029,"Revolution counter, production counters, taximeters, mileometers, pedometers and the like, speed indicators and tachometers, other than those of heading no. 9015, stroboscopes",u,506.0,109517.27
X,32,ARG,604,PER,9029,"Revolution counter, production counters, taximeters, mileometers, pedometers and the like, speed indicators and tachometers, other than those of heading no. 9015, stroboscopes",kg,197.3,16820.55
X,32,ARG,858,URY,9029,"Revolution counter, production counters, taximeters, mileometers, pedometers and the like, speed indicators and tachometers, other than those of heading no. 9015, stroboscopes",u,8.0,620.48
X,32,ARG,0,W00,9030,"Instruments, apparatus for measuring, checking electrical quantities not meters of heading no. 9028; instruments, apparatus for measuring or detecting alpha, beta, gamma, x-ray, cosmic and other radiations",u,2092.0,64246.02
X,32,ARG,842,USA,9030,"Instruments, apparatus for measuring, checking electrical quantities not meters of heading no. 9028; instruments, apparatus for measuring or detecting alpha, beta, gamma, x-ray, cosmic and other radiations",u,169.0,11502.72
X,32,ARG,858,URY,9030,"Instruments, apparatus for measuring, checking electrical quantities not meters of heading no. 9028; instruments, apparatus for measuring or detecting alpha, beta, gamma, x-ray, cosmic and other radiations",u,1923.0,52743.3
X,32,ARG,0,W00,9031,"Measuring or checking instruments, appliances and machines, n.e.c. or included in this chapter; profile projectors",N/A,0.0,5620078.08
X,32,ARG,68,BOL,9031,"Measuring or checking instruments, appliances and machines, n.e.c. or included in this chapter; profile projectors",u,91.0,81000.92
X,32,ARG,76,BRA,9031,"Measuring or checking instruments, appliances and machines, n.e.c. or included in this chapter; profile projectors",N/A,0.0,2662382.82
X,32,ARG,152,CHL,9031,"Measuring or checking instruments, appliances and machines, n.e.c. or included in this chapter; profile projectors",u,321.0,236406.97
X,32,ARG,156,CHN,9031,"Measuring or checking instruments, appliances and machines, n.e.c. or included in this chapter; profile projectors",u,15.0,224617.94
X,32,ARG,170,COL,9031,"Measuring or checking instruments, appliances and machines, n.e.c. or included in this chapter; profile projectors",N/A,0.0,133816.12
X,32,ARG,214,DOM,9031,"Measuring or checking instruments, appliances and machines, n.e.c. or included in this chapter; profile projectors",u,9.0,3445.83
X,32,ARG,218,ECU,9031,"Measuring or checking instruments, appliances and machines, n.e.c. or included in this chapter; profile projectors",u,35.0,1753.37
X,32,ARG,484,MEX,9031,"Measuring or checking instruments, appliances and machines, n.e.c. or included in this chapter; profile projectors",N/A,0.0,627192.73
X,32,ARG,600,PRY,9031,"Measuring or checking instruments, appliances and machines, n.e.c. or included in this chapter; profile projectors",u,846.0,146662.16
X,32,ARG,604,PER,9031,"Measuring or checking instruments, appliances and machines, n.e.c. or included in this chapter; profile projectors",u,54.0,38580.5
X,32,ARG,784,ARE,9031,"Measuring or checking instruments, appliances and machines, n.e.c. or included in this chapter; profile projectors",u,7.0,7447.25
X,32,ARG,842,USA,9031,"Measuring or checking instruments, appliances and machines, n.e.c. or included in this chapter; profile projectors",N/A,0.0,1024104.31
X,32,ARG,858,URY,9031,"Measuring or checking instruments, appliances and machines, n.e.c. or included in this chapter; profile projectors",u,839.0,432667.16
X,32,ARG,0,W00,9032,Regulating or controlling instruments and apparatus; automatic type,N/A,0.0,6978621.34
X,32,ARG,68,BOL,9032,Regulating or controlling instruments and apparatus; automatic type,u,17810.0,234767.29
X,32,ARG,76,BRA,9032,Regulating or controlling instruments and apparatus; automatic type,N/A,0.0,3662255.7
X,32,ARG,152,CHL,9032,Regulating or controlling instruments and apparatus; automatic type,N/A,0.0,420418.72
X,32,ARG,170,COL,9032,Regulating or controlling instruments and apparatus; automatic type,u,7706.0,49811.69
X,32,ARG,218,ECU,9032,Regulating or controlling instruments and apparatus; automatic type,u,11.0,1191.29
X,32,ARG,251,FRA,9032,Regulating or controlling instruments and apparatus; automatic type,u,721.0,23356.36
X,32,ARG,276,DEU,9032,Regulating or controlling instruments and apparatus; automatic type,N/A,0.0,98760.56
X,32,ARG,380,ITA,9032,Regulating or controlling instruments and apparatus; automatic type,u,2283.0,61927.0
X,32,ARG,484,MEX,9032,Regulating or controlling instruments and apparatus; automatic type,u,2737.0,430068.13
X,32,ARG,600,PRY,9032,Regulating or controlling instruments and apparatus; automatic type,N/A,0.0,226277.13
X,32,ARG,604,PER,9032,Regulating or controlling instruments and apparatus; automatic type,u,56648.0,292558.96
X,32,ARG,724,ESP,9032,Regulating or controlling instruments and apparatus; automatic type,u,7200.0,255727.13
X,32,ARG,842,USA,9032,Regulating or controlling instruments and apparatus; automatic type,N/A,0.0,775716.34
X,32,ARG,858,URY,9032,Regulating or controlling instruments and apparatus; automatic type,N/A,0.0,445785.04
X,32,ARG,0,W00,9107,"Time switches; with clock, watch movement or synchronous motor",u,6450.0,96575.24
X,32,ARG,600,PRY,9107,"Time switches; with clock, watch movement or synchronous motor",u,1542.0,20896.83
X,32,ARG,858,URY,9107,"Time switches; with clock, watch movement or synchronous motor",u,4908.0,75678.41
X,32,ARG,0,W00,9503,"Tricycles, scooters, pedal cars and similar wheeled toys; dolls' carriages; dolls; other toys; reduced-size (scale) models and similar recreational models, working or not; puzzles of all kinds",kg,26177.71,307479.8
X,32,ARG,152,CHL,9503,"Tricycles, scooters, pedal cars and similar wheeled toys; dolls' carriages; dolls; other toys; reduced-size (scale) models and similar recreational models, working or not; puzzles of all kinds",kg,5872.69,82787.31
X,32,ARG,600,PRY,9503,"Tricycles, scooters, pedal cars and similar wheeled toys; dolls' carriages; dolls; other toys; reduced-size (scale) models and similar recreational models, working or not; puzzles of all kinds",kg,2432.85,41442.44
X,32,ARG,842,USA,9503,"Tricycles, scooters, pedal cars and similar wheeled toys; dolls' carriages; dolls; other toys; reduced-size (scale) models and similar recreational models, working or not; puzzles of all kinds",kg,569.92,7281.83
X,32,ARG,858,URY,9503,"Tricycles, scooters, pedal cars and similar wheeled toys; dolls' carriages; dolls; other toys; reduced-size (scale) models and similar recreational models, working or not; puzzles of all kinds",kg,17302.25,175968.22
X,32,ARG,0,W00,9504,"Video game consoles and machines, articles for funfair, table or parlour games, including pintables, billiards, special tables for casino games and automatic bowling alley equipment",u,198234.686,338511.59
X,32,ARG,152,CHL,9504,"Video game consoles and machines, articles for funfair, table or parlour games, including pintables, billiards, special tables for casino games and automatic bowling alley equipment",u,86981.0,211265.3
X,32,ARG,858,URY,9504,"Video game consoles and machines, articles for funfair, table or parlour games, including pintables, billiards, special tables for casino games and automatic bowling alley equipment",u,111253.686,127246.29
X,32,ARG,0,W00,9506,"Gymnastics, athletics, other sports (including table tennis) or outdoor games equipment, n.e.c. in this chapter, swimming pools and paddling pools",N/A,0.0,683347.22
X,32,ARG,68,BOL,9506,"Gymnastics, athletics, other sports (including table tennis) or outdoor games equipment, n.e.c. in this chapter, swimming pools and paddling pools",kg,1157.13,7089.77
X,32,ARG,152,CHL,9506,"Gymnastics, athletics, other sports (including table tennis) or outdoor games equipment, n.e.c. in this chapter, swimming pools and paddling pools",u,314.0,171249.67
X,32,ARG,724,ESP,9506,"Gymnastics, athletics, other sports (including table tennis) or outdoor games equipment, n.e.c. in this chapter, swimming pools and paddling pools",u,1080.0,25481.97
X,32,ARG,842,USA,9506,"Gymnastics, athletics, other sports (including table tennis) or outdoor games equipment, n.e.c. in this chapter, swimming pools and paddling pools",u,361.0,67890.27
X,32,ARG,858,URY,9506,"Gymnastics, athletics, other sports (including table tennis) or outdoor games equipment, n.e.c. in this chapter, swimming pools and paddling pools",N/A,0.0,411635.54
