flowCode,reporterCode,reporterISO,partnerCode,partnerISO,cmdCode,cmdDesc,qtyUnitAbbr,qty,fobvalue
X,484,MEX,0,W00,1001,Wheat and meslin,N/A,0.0,106155936.0
X,484,MEX,12,DZA,1001,Wheat and meslin,N/A,0.0,101046227.0
X,484,MEX,566,NGA,1001,Wheat and meslin,N/A,0.0,4945335.0
X,484,MEX,842,USA,1001,Wheat and meslin,N/A,0.0,164374.0
X,484,MEX,0,W00,1005,Maize (corn),N/A,0.0,60925398.0
X,484,MEX,84,BLZ,1005,Maize (corn),kg,38381.0,238679.0
X,484,MEX,170,COL,1005,Maize (corn),kg,58066.0,162018.0
X,484,MEX,188,CRI,1005,Maize (corn),N/A,0.0,3344740.0
X,484,MEX,192,CUB,1005,Maize (corn),N/A,0.0,38953.0
X,484,MEX,218,ECU,1005,Maize (corn),kg,307057.0,2482879.0
X,484,MEX,222,SLV,1005,Maize (corn),kg,50605.0,297757.0
X,484,MEX,251,FRA,1005,Maize (corn),N/A,0.0,545626.0
X,484,MEX,276,DEU,1005,Maize (corn),N/A,0.0,20245.0
X,484,MEX,320,GTM,1005,Maize (corn),N/A,0.0,8326263.0
X,484,MEX,348,HUN,1005,Maize (corn),kg,2933.0,8799.0
X,484,MEX,604,PER,1005,Maize (corn),kg,256367.0,1296818.0
X,484,MEX,842,USA,1005,Maize (corn),N/A,0.0,9816109.0
X,484,MEX,862,VEN,1005,Maize (corn),N/A,0.0,34346512.0
X,484,MEX,0,W00,1006,Rice,N/A,0.0,2332496.0
X,484,MEX,192,CUB,1006,Rice,N/A,0.0,97253.0
X,484,MEX,591,PAN,1006,Rice,N/A,0.0,174193.0
X,484,MEX,842,USA,1006,Rice,N/A,0.0,2061050.0
X,484,MEX,0,W00,1008,"Buckwheat, millet and canary seeds; other cereals",N/A,0.0,74609.0
X,484,MEX,842,USA,1008,"Buckwheat, millet and canary seeds; other cereals",N/A,0.0,74609.0
X,484,MEX,0,W00,1401,"Vegetable materials of a kind used primarily for plaiting; (e.g. bamboos, rattans, reeds, rushes, osier, raffia, cleaned, bleached or dyed cereal straw and lime bark)",N/A,0.0,203338.0
X,484,MEX,842,USA,1401,"Vegetable materials of a kind used primarily for plaiting; (e.g. bamboos, rattans, reeds, rushes, osier, raffia, cleaned, bleached or dyed cereal straw and lime bark)",N/A,0.0,203338.0
X,484,MEX,0,W00,1404,Vegetable products not elsewhere specified or included,kg,13203535.0,41969347.0
X,484,MEX,156,CHN,1404,Vegetable products not elsewhere specified or included,kg,222846.0,1235225.0
X,484,MEX,276,DEU,1404,Vegetable products not elsewhere specified or included,kg,28251.0,161108.0
X,484,MEX,842,USA,1404,Vegetable products not elsewhere specified or included,kg,12952438.0,40573014.0
X,484,MEX,0,W00,2001,"Vegetables, fruit, nuts and other edible parts of plants; prepared or preserved by vinegar or acetic acid",N/A,0.0,206477919.0
X,484,MEX,36,AUS,2001,"Vegetables, fruit, nuts and other edible parts of plants; prepared or preserved by vinegar or acetic acid",N/A,0.0,1239330.0
X,484,MEX,40,AUT,2001,"Vegetables, fruit, nuts and other edible parts of plants; prepared or preserved by vinegar or acetic acid",kg,11463.0,18150.0
X,484,MEX,84,BLZ,2001,"Vegetables, fruit, nuts and other edible parts of plants; prepared or preserved by vinegar or acetic acid",N/A,0.0,481781.0
X,484,MEX,124,CAN,2001,"Vegetables, fruit, nuts and other edible parts of plants; prepared or preserved by vinegar or acetic acid",N/A,0.0,2312074.0
X,484,MEX,152,CHL,2001,"Vegetables, fruit, nuts and other edible parts of plants; prepared or preserved by vinegar or acetic acid",kg,37126.0,65819.0
X,484,MEX,156,CHN,2001,"Vegetables, fruit, nuts and other edible parts of plants; prepared or preserved by vinegar or acetic acid",N/A,0.0,72384.0
X,484,MEX,188,CRI,2001,"Vegetables, fruit, nuts and other edible parts of plants; prepared or preserved by vinegar or acetic acid",N/A,0.0,1342527.0
X,484,MEX,203,CZE,2001,"Vegetables, fruit, nuts and other edible parts of plants; prepared or preserved by vinegar or acetic acid",N/A,0.0,75265.0
X,484,MEX,208,DNK,2001,"Vegetables, fruit, nuts and other edible parts of plants; prepared or preserved by vinegar or acetic acid",N/A,0.0,131337.0
X,484,MEX,214,DOM,2001,"Vegetables, fruit, nuts and other edible parts of plants; prepared or preserved by vinegar or acetic acid",kg,21298.0,19145.0
X,484,MEX,222,SLV,2001,"Vegetables, fruit, nuts and other edible parts of plants; prepared or preserved by vinegar or acetic acid",N/A,0.0,1526266.0
X,484,MEX,246,FIN,2001,"Vegetables, fruit, nuts and other edible parts of plants; prepared or preserved by vinegar or acetic acid",N/A,0.0,149265.0
X,484,MEX,251,FRA,2001,"Vegetables, fruit, nuts and other edible parts of plants; prepared or preserved by vinegar or acetic acid",N/A,0.0,59775.0
X,484,MEX,276,DEU,2001,"Vegetables, fruit, nuts and other edible parts of plants; prepared or preserved by vinegar or acetic acid",N/A,0.0,5861616.0
X,484,MEX,320,GTM,2001,"Vegetables, fruit, nuts and other edible parts of plants; prepared or preserved by vinegar or acetic acid",N/A,0.0,203396.0
X,484,MEX,340,HND,2001,"Vegetables, fruit, nuts and other edible parts of plants; prepared or preserved by vinegar or acetic acid",N/A,0.0,2728517.0
X,484,MEX,344,HKG,2001,"Vegetables, fruit, nuts and other edible parts of plants; prepared or preserved by vinegar or acetic acid",N/A,0.0,5877.0
X,484,MEX,372,IRL,2001,"Vegetables, fruit, nuts and other edible parts of plants; prepared or preserved by vinegar or acetic acid",N/A,0.0,65385.0
X,484,MEX,392,JPN,2001,"Vegetables, fruit, nuts and other edible parts of plants; prepared or preserved by vinegar or acetic acid",N/A,0.0,1201989.0
X,484,MEX,410,KOR,2001,"Vegetables, fruit, nuts and other edible parts of plants; prepared or preserved by vinegar or acetic acid",N/A,0.0,1012643.0
X,484,MEX,528,NLD,2001,"Vegetables, fruit, nuts and other edible parts of plants; prepared or preserved by vinegar or acetic acid",N/A,0.0,1548185.0
X,484,MEX,554,NZL,2001,"Vegetables, fruit, nuts and other edible parts of plants; prepared or preserved by vinegar or acetic acid",N/A,0.0,122021.0
X,484,MEX,558,NIC,2001,"Vegetables, fruit, nuts and other edible parts of plants; prepared or preserved by vinegar or acetic acid",kg,5551.0,9220.0
X,484,MEX,591,PAN,2001,"Vegetables, fruit, nuts and other edible parts of plants; prepared or preserved by vinegar or acetic acid",N/A,0.0,38609.0
X,484,MEX,616,POL,2001,"Vegetables, fruit, nuts and other edible parts of plants; prepared or preserved by vinegar or acetic acid",N/A,0.0,97990.0
X,484,MEX,702,SGP,2001,"Vegetables, fruit, nuts and other edible parts of plants; prepared or preserved by vinegar or acetic acid",N/A,0.0,39140.0
X,484,MEX,724,ESP,2001,"Vegetables, fruit, nuts and other edible parts of plants; prepared or preserved by vinegar or acetic acid",N/A,0.0,2849221.0
X,484,MEX,752,SWE,2001,"Vegetables, fruit, nuts and other edible parts of plants; prepared or preserved by vinegar or acetic acid",N/A,0.0,297536.0
X,484,MEX,757,CHE,2001,"Vegetables, fruit, nuts and other edible parts of plants; prepared or preserved by vinegar or acetic acid",N/A,0.0,30437.0
X,484,MEX,784,ARE,2001,"Vegetables, fruit, nuts and other edible parts of plants; prepared or preserved by vinegar or acetic acid",N/A,0.0,135578.0
X,484,MEX,826,GBR,2001,"Vegetables, fruit, nuts and other edible parts of plants; prepared or preserved by vinegar or acetic acid",N/A,0.0,4461945.0
X,484,MEX,842,USA,2001,"Vegetables, fruit, nuts and other edible parts of plants; prepared or preserved by vinegar or acetic acid",N/A,0.0,178275496.0
X,484,MEX,0,W00,2002,Tomatoes; prepared or preserved otherwise than by vinegar or acetic acid,N/A,0.0,18662227.0
X,484,MEX,36,AUS,2002,Tomatoes; prepared or preserved otherwise than by vinegar or acetic acid,kg,56052.0,63098.0
X,484,MEX,84,BLZ,2002,Tomatoes; prepared or preserved otherwise than by vinegar or acetic acid,kg,50705.0,54242.0
X,484,MEX,124,CAN,2002,Tomatoes; prepared or preserved otherwise than by vinegar or acetic acid,N/A,0.0,97822.0
X,484,MEX,192,CUB,2002,Tomatoes; prepared or preserved otherwise than by vinegar or acetic acid,N/A,0.0,6650.0
X,484,MEX,208,DNK,2002,Tomatoes; prepared or preserved otherwise than by vinegar or acetic acid,kg,10627.0,13513.0
X,484,MEX,222,SLV,2002,Tomatoes; prepared or preserved otherwise than by vinegar or acetic acid,kg,13397.0,40403.0
X,484,MEX,276,DEU,2002,Tomatoes; prepared or preserved otherwise than by vinegar or acetic acid,N/A,0.0,115331.0
X,484,MEX,344,HKG,2002,Tomatoes; prepared or preserved otherwise than by vinegar or acetic acid,N/A,0.0,6794.0
X,484,MEX,702,SGP,2002,Tomatoes; prepared or preserved otherwise than by vinegar or acetic acid,N/A,0.0,2822.0
X,484,MEX,724,ESP,2002,Tomatoes; prepared or preserved otherwise than by vinegar or acetic acid,N/A,0.0,176781.0
X,484,MEX,826,GBR,2002,Tomatoes; prepared or preserved otherwise than by vinegar or acetic acid,N/A,0.0,190164.0
X,484,MEX,842,USA,2002,Tomatoes; prepared or preserved otherwise than by vinegar or acetic acid,kg,24289628.0,17894607.0
X,484,MEX,0,W00,2003,"Mushrooms and truffles, prepared or preserved other than by vinegar or acetic acid",N/A,0.0,974504.0
X,484,MEX,84,BLZ,2003,"Mushrooms and truffles, prepared or preserved other than by vinegar or acetic acid",N/A,0.0,91256.0
X,484,MEX,340,HND,2003,"Mushrooms and truffles, prepared or preserved other than by vinegar or acetic acid",kg,1274.0,4774.0
X,484,MEX,842,USA,2003,"Mushrooms and truffles, prepared or preserved other than by vinegar or acetic acid",N/A,0.0,878474.0
X,484,MEX,0,W00,2004,"Vegetables preparations n.e.c.; prepared or preserved otherwise than by vinegar or acetic acid, frozen, other than products of heading no. 2006",N/A,0.0,92413586.0
X,484,MEX,192,CUB,2004,"Vegetables preparations n.e.c.; prepared or preserved otherwise than by vinegar or acetic acid, frozen, other than products of heading no. 2006",N/A,0.0,18.0
X,484,MEX,842,USA,2004,"Vegetables preparations n.e.c.; prepared or preserved otherwise than by vinegar or acetic acid, frozen, other than products of heading no. 2006",N/A,0.0,92413568.0
X,484,MEX,0,W00,2005,"Vegetables preparations n.e.c.; prepared or preserved otherwise than by vinegar or acetic acid, not frozen, other than products of heading no. 2006",N/A,0.0,244694001.0
X,484,MEX,36,AUS,2005,"Vegetables preparations n.e.c.; prepared or preserved otherwise than by vinegar or acetic acid, not frozen, other than products of heading no. 2006",N/A,0.0,2693270.0
X,484,MEX,84,BLZ,2005,"Vegetables preparations n.e.c.; prepared or preserved otherwise than by vinegar or acetic acid, not frozen, other than products of heading no. 2006",N/A,0.0,697150.0
X,484,MEX,124,CAN,2005,"Vegetables preparations n.e.c.; prepared or preserved otherwise than by vinegar or acetic acid, not frozen, other than products of heading no. 2006",N/A,0.0,5808280.0
X,484,MEX,152,CHL,2005,"Vegetables preparations n.e.c.; prepared or preserved otherwise than by vinegar or acetic acid, not frozen, other than products of heading no. 2006",N/A,0.0,855763.0
X,484,MEX,170,COL,2005,"Vegetables preparations n.e.c.; prepared or preserved otherwise than by vinegar or acetic acid, not frozen, other than products of heading no. 2006",N/A,0.0,206364.0
X,484,MEX,188,CRI,2005,"Vegetables preparations n.e.c.; prepared or preserved otherwise than by vinegar or acetic acid, not frozen, other than products of heading no. 2006",N/A,0.0,717668.0
X,484,MEX,192,CUB,2005,"Vegetables preparations n.e.c.; prepared or preserved otherwise than by vinegar or acetic acid, not frozen, other than products of heading no. 2006",N/A,0.0,97453.0
X,484,MEX,214,DOM,2005,"Vegetables preparations n.e.c.; prepared or preserved otherwise than by vinegar or acetic acid, not frozen, other than products of heading no. 2006",N/A,0.0,30725.0
X,484,MEX,222,SLV,2005,"Vegetables preparations n.e.c.; prepared or preserved otherwise than by vinegar or acetic acid, not frozen, other than products of heading no. 2006",N/A,0.0,1782062.0
X,484,MEX,276,DEU,2005,"Vegetables preparations n.e.c.; prepared or preserved otherwise than by vinegar or acetic acid, not frozen, other than products of heading no. 2006",N/A,0.0,857604.0
X,484,MEX,320,GTM,2005,"Vegetables preparations n.e.c.; prepared or preserved otherwise than by vinegar or acetic acid, not frozen, other than products of heading no. 2006",N/A,0.0,2056513.0
X,484,MEX,340,HND,2005,"Vegetables preparations n.e.c.; prepared or preserved otherwise than by vinegar or acetic acid, not frozen, other than products of heading no. 2006",N/A,0.0,2483035.0
X,484,MEX,392,JPN,2005,"Vegetables preparations n.e.c.; prepared or preserved otherwise than by vinegar or acetic acid, not frozen, other than products of heading no. 2006",N/A,0.0,25822.0
X,484,MEX,410,KOR,2005,"Vegetables preparations n.e.c.; prepared or preserved otherwise than by vinegar or acetic acid, not frozen, other than products of heading no. 2006",N/A,0.0,80972.0
X,484,MEX,528,NLD,2005,"Vegetables preparations n.e.c.; prepared or preserved otherwise than by vinegar or acetic acid, not frozen, other than products of heading no. 2006",N/A,0.0,699357.0
X,484,MEX,554,NZL,2005,"Vegetables preparations n.e.c.; prepared or preserved otherwise than by vinegar or acetic acid, not frozen, other than products of heading no. 2006",N/A,0.0,28512.0
X,484,MEX,558,NIC,2005,"Vegetables preparations n.e.c.; prepared or preserved otherwise than by vinegar or acetic acid, not frozen, other than products of heading no. 2006",N/A,0.0,1208995.0
X,484,MEX,591,PAN,2005,"Vegetables preparations n.e.c.; prepared or preserved otherwise than by vinegar or acetic acid, not frozen, other than products of heading no. 2006",N/A,0.0,1435209.0
X,484,MEX,724,ESP,2005,"Vegetables preparations n.e.c.; prepared or preserved otherwise than by vinegar or acetic acid, not frozen, other than products of heading no. 2006",N/A,0.0,1121898.0
X,484,MEX,757,CHE,2005,"Vegetables preparations n.e.c.; prepared or preserved otherwise than by vinegar or acetic acid, not frozen, other than products of heading no. 2006",N/A,0.0,12117.0
X,484,MEX,784,ARE,2005,"Vegetables preparations n.e.c.; prepared or preserved otherwise than by vinegar or acetic acid, not frozen, other than products of heading no. 2006",N/A,0.0,112738.0
X,484,MEX,826,GBR,2005,"Vegetables preparations n.e.c.; prepared or preserved otherwise than by vinegar or acetic acid, not frozen, other than products of heading no. 2006",N/A,0.0,759439.0
X,484,MEX,842,USA,2005,"Vegetables preparations n.e.c.; prepared or preserved otherwise than by vinegar or acetic acid, not frozen, other than products of heading no. 2006",N/A,0.0,220923055.0
X,484,MEX,0,W00,2006,"Vegetables, fruit, nuts, fruit-peel and other parts of plants, preserved by sugar (drained, glace or crystallised)",kg,11655242.0,16075321.0
X,484,MEX,84,BLZ,2006,"Vegetables, fruit, nuts, fruit-peel and other parts of plants, preserved by sugar (drained, glace or crystallised)",kg,9502.0,13727.0
X,484,MEX,124,CAN,2006,"Vegetables, fruit, nuts, fruit-peel and other parts of plants, preserved by sugar (drained, glace or crystallised)",kg,83.0,499.0
X,484,MEX,842,USA,2006,"Vegetables, fruit, nuts, fruit-peel and other parts of plants, preserved by sugar (drained, glace or crystallised)",kg,11645657.0,16061095.0
X,484,MEX,0,W00,2007,"Jams, fruit jellies, marmalades, fruit or nut puree and fruit or nut pastes, being cooked preparations; whether or not containing added sugar or other sweetening matter",N/A,0.0,37225801.0
X,484,MEX,84,BLZ,2007,"Jams, fruit jellies, marmalades, fruit or nut puree and fruit or nut pastes, being cooked preparations; whether or not containing added sugar or other sweetening matter",N/A,0.0,155990.0
X,484,MEX,124,CAN,2007,"Jams, fruit jellies, marmalades, fruit or nut puree and fruit or nut pastes, being cooked preparations; whether or not containing added sugar or other sweetening matter",N/A,0.0,3341504.0
X,484,MEX,170,COL,2007,"Jams, fruit jellies, marmalades, fruit or nut puree and fruit or nut pastes, being cooked preparations; whether or not containing added sugar or other sweetening matter",N/A,0.0,460715.0
X,484,MEX,188,CRI,2007,"Jams, fruit jellies, marmalades, fruit or nut puree and fruit or nut pastes, being cooked preparations; whether or not containing added sugar or other sweetening matter",N/A,0.0,739643.0
X,484,MEX,192,CUB,2007,"Jams, fruit jellies, marmalades, fruit or nut puree and fruit or nut pastes, being cooked preparations; whether or not containing added sugar or other sweetening matter",kg,16479.0,59229.0
X,484,MEX,214,DOM,2007,"Jams, fruit jellies, marmalades, fruit or nut puree and fruit or nut pastes, being cooked preparations; whether or not containing added sugar or other sweetening matter",N/A,0.0,807836.0
X,484,MEX,222,SLV,2007,"Jams, fruit jellies, marmalades, fruit or nut puree and fruit or nut pastes, being cooked preparations; whether or not containing added sugar or other sweetening matter",N/A,0.0,531919.0
X,484,MEX,276,DEU,2007,"Jams, fruit jellies, marmalades, fruit or nut puree and fruit or nut pastes, being cooked preparations; whether or not containing added sugar or other sweetening matter",kg,77014.0,59480.0
X,484,MEX,320,GTM,2007,"Jams, fruit jellies, marmalades, fruit or nut puree and fruit or nut pastes, being cooked preparations; whether or not containing added sugar or other sweetening matter",N/A,0.0,2836771.0
X,484,MEX,340,HND,2007,"Jams, fruit jellies, marmalades, fruit or nut puree and fruit or nut pastes, being cooked preparations; whether or not containing added sugar or other sweetening matter",N/A,0.0,591275.0
X,484,MEX,528,NLD,2007,"Jams, fruit jellies, marmalades, fruit or nut puree and fruit or nut pastes, being cooked preparations; whether or not containing added sugar or other sweetening matter",kg,155269.0,124048.0
X,484,MEX,558,NIC,2007,"Jams, fruit jellies, marmalades, fruit or nut puree and fruit or nut pastes, being cooked preparations; whether or not containing added sugar or other sweetening matter",N/A,0.0,105652.0
X,484,MEX,724,ESP,2007,"Jams, fruit jellies, marmalades, fruit or nut puree and fruit or nut pastes, being cooked preparations; whether or not containing added sugar or other sweetening matter",kg,306676.0,229747.0
X,484,MEX,757,CHE,2007,"Jams, fruit jellies, marmalades, fruit or nut puree and fruit or nut pastes, being cooked preparations; whether or not containing added sugar or other sweetening matter",kg,378478.0,382756.0
X,484,MEX,842,USA,2007,"Jams, fruit jellies, marmalades, fruit or nut puree and fruit or nut pastes, being cooked preparations; whether or not containing added sugar or other sweetening matter",N/A,0.0,26799236.0
X,484,MEX,0,W00,2008,"Fruit, nuts and other edible parts of plants; prepared or preserved in ways n.e.c., whether or not containing added sugar or other sweetening matter or spirit, not elsewhere specified or included",N/A,0.0,673061091.0
X,484,MEX,36,AUS,2008,"Fruit, nuts and other edible parts of plants; prepared or preserved in ways n.e.c., whether or not containing added sugar or other sweetening matter or spirit, not elsewhere specified or included",kg,2027309.0,4901423.0
X,484,MEX,56,BEL,2008,"Fruit, nuts and other edible parts of plants; prepared or preserved in ways n.e.c., whether or not containing added sugar or other sweetening matter or spirit, not elsewhere specified or included",N/A,0.0,638362.0
X,484,MEX,84,BLZ,2008,"Fruit, nuts and other edible parts of plants; prepared or preserved in ways n.e.c., whether or not containing added sugar or other sweetening matter or spirit, not elsewhere specified or included",N/A,0.0,195050.0
X,484,MEX,124,CAN,2008,"Fruit, nuts and other edible parts of plants; prepared or preserved in ways n.e.c., whether or not containing added sugar or other sweetening matter or spirit, not elsewhere specified or included",N/A,0.0,425538.0
X,484,MEX,152,CHL,2008,"Fruit, nuts and other edible parts of plants; prepared or preserved in ways n.e.c., whether or not containing added sugar or other sweetening matter or spirit, not elsewhere specified or included",N/A,0.0,4100952.0
X,484,MEX,156,CHN,2008,"Fruit, nuts and other edible parts of plants; prepared or preserved in ways n.e.c., whether or not containing added sugar or other sweetening matter or spirit, not elsewhere specified or included",kg,590376.0,3054902.0
X,484,MEX,170,COL,2008,"Fruit, nuts and other edible parts of plants; prepared or preserved in ways n.e.c., whether or not containing added sugar or other sweetening matter or spirit, not elsewhere specified or included",N/A,0.0,1381340.0
X,484,MEX,188,CRI,2008,"Fruit, nuts and other edible parts of plants; prepared or preserved in ways n.e.c., whether or not containing added sugar or other sweetening matter or spirit, not elsewhere specified or included",N/A,0.0,1470404.0
X,484,MEX,192,CUB,2008,"Fruit, nuts and other edible parts of plants; prepared or preserved in ways n.e.c., whether or not containing added sugar or other sweetening matter or spirit, not elsewhere specified or included",N/A,0.0,177623.0
X,484,MEX,214,DOM,2008,"Fruit, nuts and other edible parts of plants; prepared or preserved in ways n.e.c., whether or not containing added sugar or other sweetening matter or spirit, not elsewhere specified or included",N/A,0.0,703845.0
X,484,MEX,222,SLV,2008,"Fruit, nuts and other edible parts of plants; prepared or preserved in ways n.e.c., whether or not containing added sugar or other sweetening matter or spirit, not elsewhere specified or included",N/A,0.0,3090041.0
X,484,MEX,251,FRA,2008,"Fruit, nuts and other edible parts of plants; prepared or preserved in ways n.e.c., whether or not containing added sugar or other sweetening matter or spirit, not elsewhere specified or included",N/A,0.0,245724.0
X,484,MEX,276,DEU,2008,"Fruit, nuts and other edible parts of plants; prepared or preserved in ways n.e.c., whether or not containing added sugar or other sweetening matter or spirit, not elsewhere specified or included",N/A,0.0,6341775.0
X,484,MEX,320,GTM,2008,"Fruit, nuts and other edible parts of plants; prepared or preserved in ways n.e.c., whether or not containing added sugar or other sweetening matter or spirit, not elsewhere specified or included",N/A,0.0,4958583.0
X,484,MEX,340,HND,2008,"Fruit, nuts and other edible parts of plants; prepared or preserved in ways n.e.c., whether or not containing added sugar or other sweetening matter or spirit, not elsewhere specified or included",N/A,0.0,844191.0
X,484,MEX,344,HKG,2008,"Fruit, nuts and other edible parts of plants; prepared or preserved in ways n.e.c., whether or not containing added sugar or other sweetening matter or spirit, not elsewhere specified or included",N/A,0.0,6037.0
X,484,MEX,376,ISR,2008,"Fruit, nuts and other edible parts of plants; prepared or preserved in ways n.e.c., whether or not containing added sugar or other sweetening matter or spirit, not elsewhere specified or included",N/A,0.0,1612736.0
X,484,MEX,392,JPN,2008,"Fruit, nuts and other edible parts of plants; prepared or preserved in ways n.e.c., whether or not containing added sugar or other sweetening matter or spirit, not elsewhere specified or included",N/A,0.0,18131991.0
X,484,MEX,410,KOR,2008,"Fruit, nuts and other edible parts of plants; prepared or preserved in ways n.e.c., whether or not containing added sugar or other sweetening matter or spirit, not elsewhere specified or included",N/A,0.0,562920.0
X,484,MEX,528,NLD,2008,"Fruit, nuts and other edible parts of plants; prepared or preserved in ways n.e.c., whether or not containing added sugar or other sweetening matter or spirit, not elsewhere specified or included",N/A,0.0,15410548.0
X,484,MEX,554,NZL,2008,"Fruit, nuts and other edible parts of plants; prepared or preserved in ways n.e.c., whether or not containing added sugar or other sweetening matter or spirit, not elsewhere specified or included",N/A,0.0,401234.0
X,484,MEX,558,NIC,2008,"Fruit, nuts and other edible parts of plants; prepared or preserved in ways n.e.c., whether or not containing added sugar or other sweetening matter or spirit, not elsewhere specified or included",N/A,0.0,779983.0
X,484,MEX,591,PAN,2008,"Fruit, nuts and other edible parts of plants; prepared or preserved in ways n.e.c., whether or not containing added sugar or other sweetening matter or spirit, not elsewhere specified or included",N/A,0.0,1766763.0
X,484,MEX,604,PER,2008,"Fruit, nuts and other edible parts of plants; prepared or preserved in ways n.e.c., whether or not containing added sugar or other sweetening matter or spirit, not elsewhere specified or included",N/A,0.0,132298.0
X,484,MEX,643,RUS,2008,"Fruit, nuts and other edible parts of plants; prepared or preserved in ways n.e.c., whether or not containing added sugar or other sweetening matter or spirit, not elsewhere specified or included",N/A,0.0,1852490.0
X,484,MEX,724,ESP,2008,"Fruit, nuts and other edible parts of plants; prepared or preserved in ways n.e.c., whether or not containing added sugar or other sweetening matter or spirit, not elsewhere specified or included",N/A,0.0,8962126.0
X,484,MEX,757,CHE,2008,"Fruit, nuts and other edible parts of plants; prepared or preserved in ways n.e.c., whether or not containing added sugar or other sweetening matter or spirit, not elsewhere specified or included",N/A,0.0,1544085.0
X,484,MEX,784,ARE,2008,"Fruit, nuts and other edible parts of plants; prepared or preserved in ways n.e.c., whether or not containing added sugar or other sweetening matter or spirit, not elsewhere specified or included",N/A,0.0,21576.0
X,484,MEX,826,GBR,2008,"Fruit, nuts and other edible parts of plants; prepared or preserved in ways n.e.c., whether or not containing added sugar or other sweetening matter or spirit, not elsewhere specified or included",N/A,0.0,9134827.0
X,484,MEX,842,USA,2008,"Fruit, nuts and other edible parts of plants; prepared or preserved in ways n.e.c., whether or not containing added sugar or other sweetening matter or spirit, not elsewhere specified or included",N/A,0.0,580079906.0
X,484,MEX,858,URY,2008,"Fruit, nuts and other edible parts of plants; prepared or preserved in ways n.e.c., whether or not containing added sugar or other sweetening matter or spirit, not elsewhere specified or included",N/A,0.0,131818.0
X,484,MEX,0,W00,2009,"Fruit juices (including grape must) and vegetable juices, unfermented, not containing added spirit; whether or not containing added sugar or other sweetening matter",N/A,0.0,483640972.0
X,484,MEX,36,AUS,2009,"Fruit juices (including grape must) and vegetable juices, unfermented, not containing added spirit; whether or not containing added sugar or other sweetening matter",N/A,0.0,315663.0
X,484,MEX,84,BLZ,2009,"Fruit juices (including grape must) and vegetable juices, unfermented, not containing added spirit; whether or not containing added sugar or other sweetening matter",N/A,0.0,161467.0
X,484,MEX,124,CAN,2009,"Fruit juices (including grape must) and vegetable juices, unfermented, not containing added spirit; whether or not containing added sugar or other sweetening matter",N/A,0.0,6570410.0
X,484,MEX,152,CHL,2009,"Fruit juices (including grape must) and vegetable juices, unfermented, not containing added spirit; whether or not containing added sugar or other sweetening matter",N/A,0.0,47638.0
X,484,MEX,156,CHN,2009,"Fruit juices (including grape must) and vegetable juices, unfermented, not containing added spirit; whether or not containing added sugar or other sweetening matter",N/A,0.0,136907.0
X,484,MEX,170,COL,2009,"Fruit juices (including grape must) and vegetable juices, unfermented, not containing added spirit; whether or not containing added sugar or other sweetening matter",N/A,0.0,1399791.0
X,484,MEX,188,CRI,2009,"Fruit juices (including grape must) and vegetable juices, unfermented, not containing added spirit; whether or not containing added sugar or other sweetening matter",N/A,0.0,665968.0
X,484,MEX,192,CUB,2009,"Fruit juices (including grape must) and vegetable juices, unfermented, not containing added spirit; whether or not containing added sugar or other sweetening matter",N/A,0.0,44746.0
X,484,MEX,214,DOM,2009,"Fruit juices (including grape must) and vegetable juices, unfermented, not containing added spirit; whether or not containing added sugar or other sweetening matter",N/A,0.0,1493986.0
X,484,MEX,222,SLV,2009,"Fruit juices (including grape must) and vegetable juices, unfermented, not containing added spirit; whether or not containing added sugar or other sweetening matter",N/A,0.0,904288.0
X,484,MEX,251,FRA,2009,"Fruit juices (including grape must) and vegetable juices, unfermented, not containing added spirit; whether or not containing added sugar or other sweetening matter",N/A,0.0,824847.0
X,484,MEX,276,DEU,2009,"Fruit juices (including grape must) and vegetable juices, unfermented, not containing added spirit; whether or not containing added sugar or other sweetening matter",N/A,0.0,4803611.0
X,484,MEX,320,GTM,2009,"Fruit juices (including grape must) and vegetable juices, unfermented, not containing added spirit; whether or not containing added sugar or other sweetening matter",N/A,0.0,3135824.0
X,484,MEX,340,HND,2009,"Fruit juices (including grape must) and vegetable juices, unfermented, not containing added spirit; whether or not containing added sugar or other sweetening matter",N/A,0.0,428865.0
X,484,MEX,372,IRL,2009,"Fruit juices (including grape must) and vegetable juices, unfermented, not containing added spirit; whether or not containing added sugar or other sweetening matter",N/A,0.0,287023.0
X,484,MEX,376,ISR,2009,"Fruit juices (including grape must) and vegetable juices, unfermented, not containing added spirit; whether or not containing added sugar or other sweetening matter",N/A,0.0,168552.0
X,484,MEX,380,ITA,2009,"Fruit juices (including grape must) and vegetable juices, unfermented, not containing added spirit; whether or not containing added sugar or other sweetening matter",N/A,0.0,102789.0
X,484,MEX,392,JPN,2009,"Fruit juices (including grape must) and vegetable juices, unfermented, not containing added spirit; whether or not containing added sugar or other sweetening matter",N/A,0.0,20889047.0
X,484,MEX,528,NLD,2009,"Fruit juices (including grape must) and vegetable juices, unfermented, not containing added spirit; whether or not containing added sugar or other sweetening matter",N/A,0.0,57274305.0
X,484,MEX,554,NZL,2009,"Fruit juices (including grape must) and vegetable juices, unfermented, not containing added spirit; whether or not containing added sugar or other sweetening matter",N/A,0.0,591253.0
X,484,MEX,558,NIC,2009,"Fruit juices (including grape must) and vegetable juices, unfermented, not containing added spirit; whether or not containing added sugar or other sweetening matter",N/A,0.0,688918.0
X,484,MEX,591,PAN,2009,"Fruit juices (including grape must) and vegetable juices, unfermented, not containing added spirit; whether or not containing added sugar or other sweetening matter",N/A,0.0,1017813.0
X,484,MEX,724,ESP,2009,"Fruit juices (including grape must) and vegetable juices, unfermented, not containing added spirit; whether or not containing added sugar or other sweetening matter",N/A,0.0,9921983.0
X,484,MEX,757,CHE,2009,"Fruit juices (including grape must) and vegetable juices, unfermented, not containing added spirit; whether or not containing added sugar or other sweetening matter",N/A,0.0,1023942.0
X,484,MEX,826,GBR,2009,"Fruit juices (including grape must) and vegetable juices, unfermented, not containing added spirit; whether or not containing added sugar or other sweetening matter",N/A,0.0,2794551.0
X,484,MEX,842,USA,2009,"Fruit juices (including grape must) and vegetable juices, unfermented, not containing added spirit; whether or not containing added sugar or other sweetening matter",N/A,0.0,367266742.0
X,484,MEX,858,URY,2009,"Fruit juices (including grape must) and vegetable juices, unfermented, not containing added spirit; whether or not containing added sugar or other sweetening matter",N/A,0.0,680043.0
X,484,MEX,0,W00,2501,Salt (including table salt and denatured salt); pure sodium chloride whether or not in aqueous solution; sea water,kg,1759065692.0,51311808.0
X,484,MEX,84,BLZ,2501,Salt (including table salt and denatured salt); pure sodium chloride whether or not in aqueous solution; sea water,kg,2609410.0,638243.0
X,484,MEX,124,CAN,2501,Salt (including table salt and denatured salt); pure sodium chloride whether or not in aqueous solution; sea water,kg,122781550.0,2346936.0
X,484,MEX,188,CRI,2501,Salt (including table salt and denatured salt); pure sodium chloride whether or not in aqueous solution; sea water,kg,37381823.0,1487728.0
X,484,MEX,222,SLV,2501,Salt (including table salt and denatured salt); pure sodium chloride whether or not in aqueous solution; sea water,kg,11739002.0,2194058.0
X,484,MEX,320,GTM,2501,Salt (including table salt and denatured salt); pure sodium chloride whether or not in aqueous solution; sea water,kg,24213200.0,2981729.0
X,484,MEX,340,HND,2501,Salt (including table salt and denatured salt); pure sodium chloride whether or not in aqueous solution; sea water,kg,20019.0,4439.0
X,484,MEX,591,PAN,2501,Salt (including table salt and denatured salt); pure sodium chloride whether or not in aqueous solution; sea water,kg,21399.0,10055.0
X,484,MEX,842,USA,2501,Salt (including table salt and denatured salt); pure sodium chloride whether or not in aqueous solution; sea water,kg,1560299289.0,41648620.0
X,484,MEX,0,W00,2504,Graphite; natural,N/A,0.0,2570742.0
X,484,MEX,842,USA,2504,Graphite; natural,N/A,0.0,2570742.0
X,484,MEX,0,W00,2505,"Sands of all kinds; natural, whether or not coloured, other than metal-bearing sands of chapter 26",N/A,0.0,18620986.0
X,484,MEX,320,GTM,2505,"Sands of all kinds; natural, whether or not coloured, other than metal-bearing sands of chapter 26",N/A,0.0,230244.0
X,484,MEX,340,HND,2505,"Sands of all kinds; natural, whether or not coloured, other than metal-bearing sands of chapter 26",N/A,0.0,24489.0
X,484,MEX,591,PAN,2505,"Sands of all kinds; natural, whether or not coloured, other than metal-bearing sands of chapter 26",N/A,0.0,6128.0
X,484,MEX,842,USA,2505,"Sands of all kinds; natural, whether or not coloured, other than metal-bearing sands of chapter 26",kg,1889942724.0,18360125.0
X,484,MEX,0,W00,2506,"Quartz; (other than natural sands), quartzite, whether or not roughly trimmed or merely cut, by sawing or otherwise, into blocks or slabs of a rectangular (including square) shape",N/A,0.0,205181.0
X,484,MEX,842,USA,2506,"Quartz; (other than natural sands), quartzite, whether or not roughly trimmed or merely cut, by sawing or otherwise, into blocks or slabs of a rectangular (including square) shape",N/A,0.0,205181.0
X,484,MEX,0,W00,2507,Kaolin and other kaolinic clays; whether or not calcined,kg,585041.0,230668.0
X,484,MEX,170,COL,2507,Kaolin and other kaolinic clays; whether or not calcined,kg,321701.0,128259.0
X,484,MEX,320,GTM,2507,Kaolin and other kaolinic clays; whether or not calcined,kg,59742.0,25022.0
X,484,MEX,842,USA,2507,Kaolin and other kaolinic clays; whether or not calcined,kg,203598.0,77387.0
X,484,MEX,0,W00,2508,"Clays; (not including expanded clays of heading no. 6806), andalusite kyanite and sillimanite, whether or not calcined; mullite; chamotte or dinas earth",N/A,0.0,6428285.0
X,484,MEX,170,COL,2508,"Clays; (not including expanded clays of heading no. 6806), andalusite kyanite and sillimanite, whether or not calcined; mullite; chamotte or dinas earth",N/A,0.0,651718.0
X,484,MEX,188,CRI,2508,"Clays; (not including expanded clays of heading no. 6806), andalusite kyanite and sillimanite, whether or not calcined; mullite; chamotte or dinas earth",N/A,0.0,214319.0
X,484,MEX,222,SLV,2508,"Clays; (not including expanded clays of heading no. 6806), andalusite kyanite and sillimanite, whether or not calcined; mullite; chamotte or dinas earth",kg,998509.0,303291.0
X,484,MEX,320,GTM,2508,"Clays; (not including expanded clays of heading no. 6806), andalusite kyanite and sillimanite, whether or not calcined; mullite; chamotte or dinas earth",N/A,0.0,504828.0
X,484,MEX,340,HND,2508,"Clays; (not including expanded clays of heading no. 6806), andalusite kyanite and sillimanite, whether or not calcined; mullite; chamotte or dinas earth",kg,422220.0,127459.0
X,484,MEX,724,ESP,2508,"Clays; (not including expanded clays of heading no. 6806), andalusite kyanite and sillimanite, whether or not calcined; mullite; chamotte or dinas earth",N/A,0.0,1017.0
X,484,MEX,842,USA,2508,"Clays; (not including expanded clays of heading no. 6806), andalusite kyanite and sillimanite, whether or not calcined; mullite; chamotte or dinas earth",N/A,0.0,4625653.0
X,484,MEX,0,W00,2511,"Natural barium sulphate (barytes); natural barium carbonate, (witherite) whether or not calcined, other than barium oxide of heading no. 2816",N/A,0.0,29083646.0
X,484,MEX,842,USA,2511,"Natural barium sulphate (barytes); natural barium carbonate, (witherite) whether or not calcined, other than barium oxide of heading no. 2816",N/A,0.0,29083646.0
X,484,MEX,0,W00,2512,"Siliceous fossil meals (e.g. kieselguhr, tripolite and diatomite) and similar siliceous earths; whether or not calcined, of an apparent specific gravity of 1 or less",kg,1026207.0,972333.0
X,484,MEX,320,GTM,2512,"Siliceous fossil meals (e.g. kieselguhr, tripolite and diatomite) and similar siliceous earths; whether or not calcined, of an apparent specific gravity of 1 or less",kg,60273.0,34168.0
X,484,MEX,842,USA,2512,"Siliceous fossil meals (e.g. kieselguhr, tripolite and diatomite) and similar siliceous earths; whether or not calcined, of an apparent specific gravity of 1 or less",kg,965934.0,938165.0
X,484,MEX,0,W00,2513,"Pumice stone; emery; natural corundum, natural garnet and other natural abrasives, whether or not heat treated",N/A,0.0,2161089.0
X,484,MEX,320,GTM,2513,"Pumice stone; emery; natural corundum, natural garnet and other natural abrasives, whether or not heat treated",N/A,0.0,26109.0
X,484,MEX,842,USA,2513,"Pumice stone; emery; natural corundum, natural garnet and other natural abrasives, whether or not heat treated",N/A,0.0,2134980.0
X,484,MEX,0,W00,2515,"Marble, travertine, ecaussine and other calcareous stone; of an apparent specific gravity of less than 2.5, alabaster, whether cut by sawing etc, into blocks, slabs of a rectangular (square) shape",N/A,0.0,6207996.0
X,484,MEX,76,BRA,2515,"Marble, travertine, ecaussine and other calcareous stone; of an apparent specific gravity of less than 2.5, alabaster, whether cut by sawing etc, into blocks, slabs of a rectangular (square) shape",kg,5815250.0,2171874.0
X,484,MEX,156,CHN,2515,"Marble, travertine, ecaussine and other calcareous stone; of an apparent specific gravity of less than 2.5, alabaster, whether cut by sawing etc, into blocks, slabs of a rectangular (square) shape",N/A,0.0,1700835.0
X,484,MEX,380,ITA,2515,"Marble, travertine, ecaussine and other calcareous stone; of an apparent specific gravity of less than 2.5, alabaster, whether cut by sawing etc, into blocks, slabs of a rectangular (square) shape",N/A,0.0,920037.0
X,484,MEX,490,S19,2515,"Marble, travertine, ecaussine and other calcareous stone; of an apparent specific gravity of less than 2.5, alabaster, whether cut by sawing etc, into blocks, slabs of a rectangular (square) shape",N/A,0.0,55246.0
X,484,MEX,724,ESP,2515,"Marble, travertine, ecaussine and other calcareous stone; of an apparent specific gravity of less than 2.5, alabaster, whether cut by sawing etc, into blocks, slabs of a rectangular (square) shape",N/A,0.0,909183.0
X,484,MEX,842,USA,2515,"Marble, travertine, ecaussine and other calcareous stone; of an apparent specific gravity of less than 2.5, alabaster, whether cut by sawing etc, into blocks, slabs of a rectangular (square) shape",N/A,0.0,450821.0
X,484,MEX,0,W00,2516,"Granite, porphyry, basalt, sandstone, other monumental and building stone, whether or not roughly trimmed, cut, by sawing etc, into blocks or slabs of a rectangular (including square) shape",N/A,0.0,1608881.0
X,484,MEX,842,USA,2516,"Granite, porphyry, basalt, sandstone, other monumental and building stone, whether or not roughly trimmed, cut, by sawing etc, into blocks or slabs of a rectangular (including square) shape",N/A,0.0,1608881.0
X,484,MEX,0,W00,2517,"Pebbles, gravel, crushed stone for concrete aggregates for road or railway ballast, shingle or flint; macadam of slag, dross etc tarred granules, chippings, powder of stones of heading no. 2515 and 2516",N/A,0.0,76006901.0
X,484,MEX,320,GTM,2517,"Pebbles, gravel, crushed stone for concrete aggregates for road or railway ballast, shingle or flint; macadam of slag, dross etc tarred granules, chippings, powder of stones of heading no. 2515 and 2516",N/A,0.0,366482.0
X,484,MEX,591,PAN,2517,"Pebbles, gravel, crushed stone for concrete aggregates for road or railway ballast, shingle or flint; macadam of slag, dross etc tarred granules, chippings, powder of stones of heading no. 2515 and 2516",N/A,0.0,4836.0
X,484,MEX,842,USA,2517,"Pebbles, gravel, crushed stone for concrete aggregates for road or railway ballast, shingle or flint; macadam of slag, dross etc tarred granules, chippings, powder of stones of heading no. 2515 and 2516",N/A,0.0,75635583.0
X,484,MEX,0,W00,2519,"Natural magnesium carbonate (magnesite); fused magnesia; dead-burned (sintered) magnesia, whether or not containing small quantities of other oxides added before sintering; magnesium oxide, pure or not",N/A,0.0,8835570.0
X,484,MEX,76,BRA,2519,"Natural magnesium carbonate (magnesite); fused magnesia; dead-burned (sintered) magnesia, whether or not containing small quantities of other oxides added before sintering; magnesium oxide, pure or not",kg,93001.0,90634.0
X,484,MEX,842,USA,2519,"Natural magnesium carbonate (magnesite); fused magnesia; dead-burned (sintered) magnesia, whether or not containing small quantities of other oxides added before sintering; magnesium oxide, pure or not",N/A,0.0,8744936.0
X,484,MEX,0,W00,2520,"Gypsum; anhydrite; plasters (consisting of calcined gypsum or calcium sulphate), coloured or not, with or without small quantities of accelerators or retarders",N/A,0.0,28464200.0
X,484,MEX,170,COL,2520,"Gypsum; anhydrite; plasters (consisting of calcined gypsum or calcium sulphate), coloured or not, with or without small quantities of accelerators or retarders",N/A,0.0,325613.0
X,484,MEX,188,CRI,2520,"Gypsum; anhydrite; plasters (consisting of calcined gypsum or calcium sulphate), coloured or not, with or without small quantities of accelerators or retarders",N/A,0.0,386611.0
X,484,MEX,218,ECU,2520,"Gypsum; anhydrite; plasters (consisting of calcined gypsum or calcium sulphate), coloured or not, with or without small quantities of accelerators or retarders",N/A,0.0,454008.0
X,484,MEX,320,GTM,2520,"Gypsum; anhydrite; plasters (consisting of calcined gypsum or calcium sulphate), coloured or not, with or without small quantities of accelerators or retarders",N/A,0.0,45926.0
X,484,MEX,842,USA,2520,"Gypsum; anhydrite; plasters (consisting of calcined gypsum or calcium sulphate), coloured or not, with or without small quantities of accelerators or retarders",N/A,0.0,27252042.0
X,484,MEX,0,W00,2522,"Quicklime, slaked lime and hydraulic lime; other than calcium oxide and hydroxide of heading no. 2825",N/A,0.0,6123654.0
X,484,MEX,84,BLZ,2522,"Quicklime, slaked lime and hydraulic lime; other than calcium oxide and hydroxide of heading no. 2825",N/A,0.0,6271.0
X,484,MEX,842,USA,2522,"Quicklime, slaked lime and hydraulic lime; other than calcium oxide and hydroxide of heading no. 2825",N/A,0.0,6117383.0
X,484,MEX,0,W00,2523,"Portland cement, aluminous cement (ciment fondu), slag cement, supersulphate cement and similar hydraulic cements, whether or not coloured or in the form of clinkers",N/A,0.0,178824214.0
X,484,MEX,76,BRA,2523,"Portland cement, aluminous cement (ciment fondu), slag cement, supersulphate cement and similar hydraulic cements, whether or not coloured or in the form of clinkers",N/A,0.0,343603.0
X,484,MEX,84,BLZ,2523,"Portland cement, aluminous cement (ciment fondu), slag cement, supersulphate cement and similar hydraulic cements, whether or not coloured or in the form of clinkers",N/A,0.0,7821489.0
X,484,MEX,320,GTM,2523,"Portland cement, aluminous cement (ciment fondu), slag cement, supersulphate cement and similar hydraulic cements, whether or not coloured or in the form of clinkers",N/A,0.0,1378312.0
X,484,MEX,558,NIC,2523,"Portland cement, aluminous cement (ciment fondu), slag cement, supersulphate cement and similar hydraulic cements, whether or not coloured or in the form of clinkers",N/A,0.0,47712.0
X,484,MEX,842,USA,2523,"Portland cement, aluminous cement (ciment fondu), slag cement, supersulphate cement and similar hydraulic cements, whether or not coloured or in the form of clinkers",N/A,0.0,169233098.0
X,484,MEX,0,W00,2526,"Natural steatite; whether or not roughly trimmed or merely cut, by sawing or otherwise, into blocks or slabs of a rectangular (including square) shape; talc",kg,20514.0,12079.0
X,484,MEX,842,USA,2526,"Natural steatite; whether or not roughly trimmed or merely cut, by sawing or otherwise, into blocks or slabs of a rectangular (including square) shape; talc",kg,20514.0,12079.0
X,484,MEX,0,W00,2529,Feldspar; leucite; nepheline and nepheline syenite; fluorspar,N/A,0.0,102365091.0
X,484,MEX,76,BRA,2529,Feldspar; leucite; nepheline and nepheline syenite; fluorspar,N/A,0.0,2921225.0
X,484,MEX,170,COL,2529,Feldspar; leucite; nepheline and nepheline syenite; fluorspar,N/A,0.0,545767.0
X,484,MEX,604,PER,2529,Feldspar; leucite; nepheline and nepheline syenite; fluorspar,N/A,0.0,169612.0
X,484,MEX,724,ESP,2529,Feldspar; leucite; nepheline and nepheline syenite; fluorspar,kg,3803490.0,1226032.0
X,484,MEX,842,USA,2529,Feldspar; leucite; nepheline and nepheline syenite; fluorspar,N/A,0.0,97502455.0
X,484,MEX,0,W00,2530,Mineral substances not elsewhere specified or included,N/A,0.0,27984260.0
X,484,MEX,76,BRA,2530,Mineral substances not elsewhere specified or included,N/A,0.0,116859.0
X,484,MEX,170,COL,2530,Mineral substances not elsewhere specified or included,N/A,0.0,116129.0
X,484,MEX,218,ECU,2530,Mineral substances not elsewhere specified or included,N/A,0.0,24994.0
X,484,MEX,604,PER,2530,Mineral substances not elsewhere specified or included,N/A,0.0,9648.0
X,484,MEX,724,ESP,2530,Mineral substances not elsewhere specified or included,N/A,0.0,74409.0
X,484,MEX,842,USA,2530,Mineral substances not elsewhere specified or included,N/A,0.0,27642221.0
X,484,MEX,0,W00,2701,"Coal; briquettes, ovoids and similar solid fuels manufactured from coal",N/A,0.0,103713.0
X,484,MEX,222,SLV,2701,"Coal; briquettes, ovoids and similar solid fuels manufactured from coal",N/A,0.0,103713.0
X,484,MEX,0,W00,2706,"Tar distilled from coal, from lignite, peat and other mineral tars, whether or not dehydrated or partially distilled; including reconstituted tars",kg,1431543.0,362287.0
X,484,MEX,842,USA,2706,"Tar distilled from coal, from lignite, peat and other mineral tars, whether or not dehydrated or partially distilled; including reconstituted tars",kg,1431543.0,362287.0
X,484,MEX,0,W00,2707,Oils and other products of the distillation of high temperature coal tar; similar products in which the weight of the aromatic constituents exceeds that of the non-aromatic constituents,N/A,0.0,226146.0
X,484,MEX,188,CRI,2707,Oils and other products of the distillation of high temperature coal tar; similar products in which the weight of the aromatic constituents exceeds that of the non-aromatic constituents,N/A,0.0,58770.0
X,484,MEX,320,GTM,2707,Oils and other products of the distillation of high temperature coal tar; similar products in which the weight of the aromatic constituents exceeds that of the non-aromatic constituents,N/A,0.0,167376.0
X,484,MEX,0,W00,2708,Pitch and pitch coke; obtained from coal tar or from other mineral tars,N/A,0.0,220727.0
X,484,MEX,842,USA,2708,Pitch and pitch coke; obtained from coal tar or from other mineral tars,N/A,0.0,220727.0
X,484,MEX,0,W00,2709,Petroleum oils and oils obtained from bituminous minerals; crude,kg,50979735739.51,24130558561.0
X,484,MEX,490,S19,2709,Petroleum oils and oils obtained from bituminous minerals; crude,kg,15159029988.229,7175318890.0
X,484,MEX,568,E19,2709,Petroleum oils and oils obtained from bituminous minerals; crude,kg,7057103931.369,3340383335.0
X,484,MEX,636,A79,2709,Petroleum oils and oils obtained from bituminous minerals; crude,kg,28763601735.406,13614856296.0
X,484,MEX,842,USA,2709,Petroleum oils and oils obtained from bituminous minerals; crude,kg,84.507,40.0
X,484,MEX,0,W00,2710,"Petroleum oils and oils from bituminous minerals, not crude; preparations n.e.c, containing by weight 70% or more of petroleum oils or oils from bituminous minerals; these being the basic constituents of the preparations; waste oils",kg,7926657774.864,3182186143.0
X,484,MEX,68,BOL,2710,"Petroleum oils and oils from bituminous minerals, not crude; preparations n.e.c, containing by weight 70% or more of petroleum oils or oils from bituminous minerals; these being the basic constituents of the preparations; waste oils",kg,2547684.0,5364479.0
X,484,MEX,76,BRA,2710,"Petroleum oils and oils from bituminous minerals, not crude; preparations n.e.c, containing by weight 70% or more of petroleum oils or oils from bituminous minerals; these being the basic constituents of the preparations; waste oils",kg,26197426.651,18979281.0
X,484,MEX,84,BLZ,2710,"Petroleum oils and oils from bituminous minerals, not crude; preparations n.e.c, containing by weight 70% or more of petroleum oils or oils from bituminous minerals; these being the basic constituents of the preparations; waste oils",kg,38916.0,58213.0
X,484,MEX,152,CHL,2710,"Petroleum oils and oils from bituminous minerals, not crude; preparations n.e.c, containing by weight 70% or more of petroleum oils or oils from bituminous minerals; these being the basic constituents of the preparations; waste oils",kg,706516.0,1463037.0
X,484,MEX,156,CHN,2710,"Petroleum oils and oils from bituminous minerals, not crude; preparations n.e.c, containing by weight 70% or more of petroleum oils or oils from bituminous minerals; these being the basic constituents of the preparations; waste oils",kg,198840.0,184417.0
X,484,MEX,170,COL,2710,"Petroleum oils and oils from bituminous minerals, not crude; preparations n.e.c, containing by weight 70% or more of petroleum oils or oils from bituminous minerals; these being the basic constituents of the preparations; waste oils",kg,11455333.463,10989229.0
X,484,MEX,188,CRI,2710,"Petroleum oils and oils from bituminous minerals, not crude; preparations n.e.c, containing by weight 70% or more of petroleum oils or oils from bituminous minerals; these being the basic constituents of the preparations; waste oils",kg,6213248.853,6164549.0
X,484,MEX,192,CUB,2710,"Petroleum oils and oils from bituminous minerals, not crude; preparations n.e.c, containing by weight 70% or more of petroleum oils or oils from bituminous minerals; these being the basic constituents of the preparations; waste oils",kg,284787.932,437519.0
X,484,MEX,214,DOM,2710,"Petroleum oils and oils from bituminous minerals, not crude; preparations n.e.c, containing by weight 70% or more of petroleum oils or oils from bituminous minerals; these being the basic constituents of the preparations; waste oils",kg,1764401.491,3577371.0
X,484,MEX,218,ECU,2710,"Petroleum oils and oils from bituminous minerals, not crude; preparations n.e.c, containing by weight 70% or more of petroleum oils or oils from bituminous minerals; these being the basic constituents of the preparations; waste oils",kg,734503.945,1181377.0
X,484,MEX,222,SLV,2710,"Petroleum oils and oils from bituminous minerals, not crude; preparations n.e.c, containing by weight 70% or more of petroleum oils or oils from bituminous minerals; these being the basic constituents of the preparations; waste oils",kg,7838379.689,6392793.0
X,484,MEX,276,DEU,2710,"Petroleum oils and oils from bituminous minerals, not crude; preparations n.e.c, containing by weight 70% or more of petroleum oils or oils from bituminous minerals; these being the basic constituents of the preparations; waste oils",kg,570391.61,961779.0
X,484,MEX,320,GTM,2710,"Petroleum oils and oils from bituminous minerals, not crude; preparations n.e.c, containing by weight 70% or more of petroleum oils or oils from bituminous minerals; these being the basic constituents of the preparations; waste oils",kg,9960189.249,9629359.0
X,484,MEX,340,HND,2710,"Petroleum oils and oils from bituminous minerals, not crude; preparations n.e.c, containing by weight 70% or more of petroleum oils or oils from bituminous minerals; these being the basic constituents of the preparations; waste oils",kg,2632342.364,3819579.0
X,484,MEX,410,KOR,2710,"Petroleum oils and oils from bituminous minerals, not crude; preparations n.e.c, containing by weight 70% or more of petroleum oils or oils from bituminous minerals; these being the basic constituents of the preparations; waste oils",kg,5907.0,22019.0
X,484,MEX,558,NIC,2710,"Petroleum oils and oils from bituminous minerals, not crude; preparations n.e.c, containing by weight 70% or more of petroleum oils or oils from bituminous minerals; these being the basic constituents of the preparations; waste oils",kg,4741776.64,7099220.0
X,484,MEX,591,PAN,2710,"Petroleum oils and oils from bituminous minerals, not crude; preparations n.e.c, containing by weight 70% or more of petroleum oils or oils from bituminous minerals; these being the basic constituents of the preparations; waste oils",kg,827575665.0,252576370.0
X,484,MEX,600,PRY,2710,"Petroleum oils and oils from bituminous minerals, not crude; preparations n.e.c, containing by weight 70% or more of petroleum oils or oils from bituminous minerals; these being the basic constituents of the preparations; waste oils",kg,199017.582,143138.0
X,484,MEX,604,PER,2710,"Petroleum oils and oils from bituminous minerals, not crude; preparations n.e.c, containing by weight 70% or more of petroleum oils or oils from bituminous minerals; these being the basic constituents of the preparations; waste oils",kg,2610663.184,3198029.0
X,484,MEX,724,ESP,2710,"Petroleum oils and oils from bituminous minerals, not crude; preparations n.e.c, containing by weight 70% or more of petroleum oils or oils from bituminous minerals; these being the basic constituents of the preparations; waste oils",kg,21485.0,64635.0
X,484,MEX,780,TTO,2710,"Petroleum oils and oils from bituminous minerals, not crude; preparations n.e.c, containing by weight 70% or more of petroleum oils or oils from bituminous minerals; these being the basic constituents of the preparations; waste oils",kg,4049.0,18113.0
X,484,MEX,842,USA,2710,"Petroleum oils and oils from bituminous minerals, not crude; preparations n.e.c, containing by weight 70% or more of petroleum oils or oils from bituminous minerals; these being the basic constituents of the preparations; waste oils",kg,7018185723.211,2846186348.0
X,484,MEX,862,VEN,2710,"Petroleum oils and oils from bituminous minerals, not crude; preparations n.e.c, containing by weight 70% or more of petroleum oils or oils from bituminous minerals; these being the basic constituents of the preparations; waste oils",kg,2170527.0,3675289.0
X,484,MEX,0,W00,2711,Petroleum gases and other gaseous hydrocarbons,N/A,0.0,16583593.0
X,484,MEX,842,USA,2711,Petroleum gases and other gaseous hydrocarbons,N/A,0.0,16583593.0
X,484,MEX,0,W00,2712,"Petroleum jelly; paraffin wax, micro-crystalline petroleum wax, slack wax, ozokerite, lignite wax, peat wax, other mineral waxes, similar products obtained by synthesis, other processes; coloured or not",N/A,0.0,102648.0
X,484,MEX,170,COL,2712,"Petroleum jelly; paraffin wax, micro-crystalline petroleum wax, slack wax, ozokerite, lignite wax, peat wax, other mineral waxes, similar products obtained by synthesis, other processes; coloured or not",N/A,0.0,44941.0
X,484,MEX,192,CUB,2712,"Petroleum jelly; paraffin wax, micro-crystalline petroleum wax, slack wax, ozokerite, lignite wax, peat wax, other mineral waxes, similar products obtained by synthesis, other processes; coloured or not",N/A,0.0,3447.0
X,484,MEX,320,GTM,2712,"Petroleum jelly; paraffin wax, micro-crystalline petroleum wax, slack wax, ozokerite, lignite wax, peat wax, other mineral waxes, similar products obtained by synthesis, other processes; coloured or not",N/A,0.0,16515.0
X,484,MEX,340,HND,2712,"Petroleum jelly; paraffin wax, micro-crystalline petroleum wax, slack wax, ozokerite, lignite wax, peat wax, other mineral waxes, similar products obtained by synthesis, other processes; coloured or not",N/A,0.0,3293.0
X,484,MEX,842,USA,2712,"Petroleum jelly; paraffin wax, micro-crystalline petroleum wax, slack wax, ozokerite, lignite wax, peat wax, other mineral waxes, similar products obtained by synthesis, other processes; coloured or not",N/A,0.0,34452.0
X,484,MEX,0,W00,2713,"Petroleum coke, petroleum bitumen; other residues of petroleum oils or oils obtained from bituminous minerals",N/A,0.0,19534.0
X,484,MEX,842,USA,2713,"Petroleum coke, petroleum bitumen; other residues of petroleum oils or oils obtained from bituminous minerals",N/A,0.0,19534.0
X,484,MEX,0,W00,2716,Electrical energy,1000 kWh,3543520.514,211782497.0
X,484,MEX,320,GTM,2716,Electrical energy,1000 kWh,923680.0,72786435.0
X,484,MEX,842,USA,2716,Electrical energy,1000 kWh,2619840.514,138996062.0
X,484,MEX,0,W00,2901,Acyclic hydrocarbons,N/A,0.0,905117.0
X,484,MEX,76,BRA,2901,Acyclic hydrocarbons,N/A,0.0,729346.0
X,484,MEX,152,CHL,2901,Acyclic hydrocarbons,N/A,0.0,39844.0
X,484,MEX,170,COL,2901,Acyclic hydrocarbons,N/A,0.0,44337.0
X,484,MEX,320,GTM,2901,Acyclic hydrocarbons,N/A,0.0,82732.0
X,484,MEX,842,USA,2901,Acyclic hydrocarbons,N/A,0.0,8858.0
X,484,MEX,0,W00,2902,Cyclic hydrocarbons,N/A,0.0,14919057.0
X,484,MEX,76,BRA,2902,Cyclic hydrocarbons,N/A,0.0,9197.0
X,484,MEX,170,COL,2902,Cyclic hydrocarbons,N/A,0.0,148222.0
X,484,MEX,222,SLV,2902,Cyclic hydrocarbons,N/A,0.0,384668.0
X,484,MEX,320,GTM,2902,Cyclic hydrocarbons,N/A,0.0,1830828.0
X,484,MEX,842,USA,2902,Cyclic hydrocarbons,N/A,0.0,12546142.0
X,484,MEX,0,W00,2903,Halogenated derivatives of hydrocarbons,N/A,0.0,25543940.0
X,484,MEX,32,ARG,2903,Halogenated derivatives of hydrocarbons,N/A,0.0,158980.0
X,484,MEX,152,CHL,2903,Halogenated derivatives of hydrocarbons,N/A,0.0,47411.0
X,484,MEX,170,COL,2903,Halogenated derivatives of hydrocarbons,N/A,0.0,928028.0
X,484,MEX,214,DOM,2903,Halogenated derivatives of hydrocarbons,N/A,0.0,380661.0
X,484,MEX,218,ECU,2903,Halogenated derivatives of hydrocarbons,N/A,0.0,67435.0
X,484,MEX,222,SLV,2903,Halogenated derivatives of hydrocarbons,N/A,0.0,776044.0
X,484,MEX,320,GTM,2903,Halogenated derivatives of hydrocarbons,N/A,0.0,691374.0
X,484,MEX,558,NIC,2903,Halogenated derivatives of hydrocarbons,N/A,0.0,266482.0
X,484,MEX,842,USA,2903,Halogenated derivatives of hydrocarbons,N/A,0.0,22227525.0
X,484,MEX,0,W00,2904,"Sulphonated, nitrated or nitrosated derivatives of hydrocarbons; whether or not halogenated",N/A,0.0,293474.0
X,484,MEX,842,USA,2904,"Sulphonated, nitrated or nitrosated derivatives of hydrocarbons; whether or not halogenated",N/A,0.0,293474.0
X,484,MEX,0,W00,2905,"Acyclic alcohols and their halogenated, sulphonated, nitrated or nitrosated derivatives",N/A,0.0,38810959.0
X,484,MEX,32,ARG,2905,"Acyclic alcohols and their halogenated, sulphonated, nitrated or nitrosated derivatives",N/A,0.0,439242.0
X,484,MEX,76,BRA,2905,"Acyclic alcohols and their halogenated, sulphonated, nitrated or nitrosated derivatives",N/A,0.0,2293550.0
X,484,MEX,152,CHL,2905,"Acyclic alcohols and their halogenated, sulphonated, nitrated or nitrosated derivatives",N/A,0.0,650564.0
X,484,MEX,156,CHN,2905,"Acyclic alcohols and their halogenated, sulphonated, nitrated or nitrosated derivatives",N/A,0.0,1275584.0
X,484,MEX,170,COL,2905,"Acyclic alcohols and their halogenated, sulphonated, nitrated or nitrosated derivatives",N/A,0.0,891599.0
X,484,MEX,188,CRI,2905,"Acyclic alcohols and their halogenated, sulphonated, nitrated or nitrosated derivatives",N/A,0.0,211824.0
X,484,MEX,192,CUB,2905,"Acyclic alcohols and their halogenated, sulphonated, nitrated or nitrosated derivatives",N/A,0.0,45353.0
X,484,MEX,214,DOM,2905,"Acyclic alcohols and their halogenated, sulphonated, nitrated or nitrosated derivatives",N/A,0.0,16080.0
X,484,MEX,222,SLV,2905,"Acyclic alcohols and their halogenated, sulphonated, nitrated or nitrosated derivatives",N/A,0.0,1452393.0
X,484,MEX,320,GTM,2905,"Acyclic alcohols and their halogenated, sulphonated, nitrated or nitrosated derivatives",N/A,0.0,1722683.0
X,484,MEX,604,PER,2905,"Acyclic alcohols and their halogenated, sulphonated, nitrated or nitrosated derivatives",N/A,0.0,94834.0
X,484,MEX,699,IND,2905,"Acyclic alcohols and their halogenated, sulphonated, nitrated or nitrosated derivatives",N/A,0.0,106750.0
X,484,MEX,842,USA,2905,"Acyclic alcohols and their halogenated, sulphonated, nitrated or nitrosated derivatives",N/A,0.0,29610503.0
X,484,MEX,0,W00,2906,"Alcohols; cyclic, and their halogenated, sulphonated, nitrated or nitrosated derivatives",N/A,0.0,2076634.0
X,484,MEX,76,BRA,2906,"Alcohols; cyclic, and their halogenated, sulphonated, nitrated or nitrosated derivatives",N/A,0.0,68629.0
X,484,MEX,170,COL,2906,"Alcohols; cyclic, and their halogenated, sulphonated, nitrated or nitrosated derivatives",N/A,0.0,169549.0
X,484,MEX,320,GTM,2906,"Alcohols; cyclic, and their halogenated, sulphonated, nitrated or nitrosated derivatives",N/A,0.0,53680.0
X,484,MEX,842,USA,2906,"Alcohols; cyclic, and their halogenated, sulphonated, nitrated or nitrosated derivatives",N/A,0.0,1784776.0
X,484,MEX,0,W00,2907,"Phenols; monophenols, polyphenols, and phenol-alcohols",N/A,0.0,93745.0
X,484,MEX,842,USA,2907,"Phenols; monophenols, polyphenols, and phenol-alcohols",N/A,0.0,93745.0
X,484,MEX,0,W00,2908,"Phenols or phenol-alcohols; halogenated, sulphonated, nitrated or nitrosated derivatives",N/A,0.0,1276499.0
X,484,MEX,842,USA,2908,"Phenols or phenol-alcohols; halogenated, sulphonated, nitrated or nitrosated derivatives",N/A,0.0,1276499.0
X,484,MEX,0,W00,2909,"Ethers, ether-alcohols, ether-phenols, ether-alcohol-phenols, alcohol peroxides, ether peroxides, ketone peroxides (chemically defined or not); halogenated, sulphonated, nitrated, nitrosated derivative",N/A,0.0,6612635.0
X,484,MEX,32,ARG,2909,"Ethers, ether-alcohols, ether-phenols, ether-alcohol-phenols, alcohol peroxides, ether peroxides, ketone peroxides (chemically defined or not); halogenated, sulphonated, nitrated, nitrosated derivative",N/A,0.0,106319.0
X,484,MEX,76,BRA,2909,"Ethers, ether-alcohols, ether-phenols, ether-alcohol-phenols, alcohol peroxides, ether peroxides, ketone peroxides (chemically defined or not); halogenated, sulphonated, nitrated, nitrosated derivative",N/A,0.0,739341.0
X,484,MEX,170,COL,2909,"Ethers, ether-alcohols, ether-phenols, ether-alcohol-phenols, alcohol peroxides, ether peroxides, ketone peroxides (chemically defined or not); halogenated, sulphonated, nitrated, nitrosated derivative",N/A,0.0,248022.0
X,484,MEX,188,CRI,2909,"Ethers, ether-alcohols, ether-phenols, ether-alcohol-phenols, alcohol peroxides, ether peroxides, ketone peroxides (chemically defined or not); halogenated, sulphonated, nitrated, nitrosated derivative",N/A,0.0,78635.0
X,484,MEX,222,SLV,2909,"Ethers, ether-alcohols, ether-phenols, ether-alcohol-phenols, alcohol peroxides, ether peroxides, ketone peroxides (chemically defined or not); halogenated, sulphonated, nitrated, nitrosated derivative",N/A,0.0,128158.0
X,484,MEX,320,GTM,2909,"Ethers, ether-alcohols, ether-phenols, ether-alcohol-phenols, alcohol peroxides, ether peroxides, ketone peroxides (chemically defined or not); halogenated, sulphonated, nitrated, nitrosated derivative",N/A,0.0,1269394.0
X,484,MEX,604,PER,2909,"Ethers, ether-alcohols, ether-phenols, ether-alcohol-phenols, alcohol peroxides, ether peroxides, ketone peroxides (chemically defined or not); halogenated, sulphonated, nitrated, nitrosated derivative",N/A,0.0,9496.0
X,484,MEX,842,USA,2909,"Ethers, ether-alcohols, ether-phenols, ether-alcohol-phenols, alcohol peroxides, ether peroxides, ketone peroxides (chemically defined or not); halogenated, sulphonated, nitrated, nitrosated derivative",N/A,0.0,4033270.0
X,484,MEX,0,W00,2911,"Acetals and hemiacetals; whether or not with other oxygen function, and their halogenated, sulphonated, nitrated or nitrostated derivatives",kg,9073.0,208426.0
X,484,MEX,842,USA,2911,"Acetals and hemiacetals; whether or not with other oxygen function, and their halogenated, sulphonated, nitrated or nitrostated derivatives",kg,9073.0,208426.0
X,484,MEX,0,W00,2912,"Aldehydes, whether or not with other oxygen function; cyclic polymers of aldehydes; paraformaldehyde",N/A,0.0,14869682.0
X,484,MEX,32,ARG,2912,"Aldehydes, whether or not with other oxygen function; cyclic polymers of aldehydes; paraformaldehyde",N/A,0.0,247703.0
X,484,MEX,76,BRA,2912,"Aldehydes, whether or not with other oxygen function; cyclic polymers of aldehydes; paraformaldehyde",N/A,0.0,654597.0
X,484,MEX,170,COL,2912,"Aldehydes, whether or not with other oxygen function; cyclic polymers of aldehydes; paraformaldehyde",N/A,0.0,253717.0
X,484,MEX,222,SLV,2912,"Aldehydes, whether or not with other oxygen function; cyclic polymers of aldehydes; paraformaldehyde",N/A,0.0,116130.0
X,484,MEX,320,GTM,2912,"Aldehydes, whether or not with other oxygen function; cyclic polymers of aldehydes; paraformaldehyde",N/A,0.0,251187.0
X,484,MEX,702,SGP,2912,"Aldehydes, whether or not with other oxygen function; cyclic polymers of aldehydes; paraformaldehyde",N/A,0.0,322027.0
X,484,MEX,842,USA,2912,"Aldehydes, whether or not with other oxygen function; cyclic polymers of aldehydes; paraformaldehyde",N/A,0.0,13024321.0
X,484,MEX,0,W00,2914,"Ketones and quinones; whether or not with other oxygen function, and their halogenated, sulphonated, nitrated or nitrostated derivatives",N/A,0.0,39796055.0
X,484,MEX,32,ARG,2914,"Ketones and quinones; whether or not with other oxygen function, and their halogenated, sulphonated, nitrated or nitrostated derivatives",N/A,0.0,354431.0
X,484,MEX,76,BRA,2914,"Ketones and quinones; whether or not with other oxygen function, and their halogenated, sulphonated, nitrated or nitrostated derivatives",N/A,0.0,1836818.0
X,484,MEX,152,CHL,2914,"Ketones and quinones; whether or not with other oxygen function, and their halogenated, sulphonated, nitrated or nitrostated derivatives",N/A,0.0,143914.0
X,484,MEX,156,CHN,2914,"Ketones and quinones; whether or not with other oxygen function, and their halogenated, sulphonated, nitrated or nitrostated derivatives",N/A,0.0,396814.0
X,484,MEX,170,COL,2914,"Ketones and quinones; whether or not with other oxygen function, and their halogenated, sulphonated, nitrated or nitrostated derivatives",N/A,0.0,668912.0
X,484,MEX,222,SLV,2914,"Ketones and quinones; whether or not with other oxygen function, and their halogenated, sulphonated, nitrated or nitrostated derivatives",N/A,0.0,656667.0
X,484,MEX,320,GTM,2914,"Ketones and quinones; whether or not with other oxygen function, and their halogenated, sulphonated, nitrated or nitrostated derivatives",N/A,0.0,2441378.0
X,484,MEX,702,SGP,2914,"Ketones and quinones; whether or not with other oxygen function, and their halogenated, sulphonated, nitrated or nitrostated derivatives",N/A,0.0,153195.0
X,484,MEX,842,USA,2914,"Ketones and quinones; whether or not with other oxygen function, and their halogenated, sulphonated, nitrated or nitrostated derivatives",N/A,0.0,33143926.0
X,484,MEX,0,W00,2915,"Acids; saturated acyclic monocarboxylic acids and their anhydrides, halides, peroxides and peroxyacids; their halogenated, sulphonated, nitrated or nitrosated derivatives",N/A,0.0,286672896.0
X,484,MEX,32,ARG,2915,"Acids; saturated acyclic monocarboxylic acids and their anhydrides, halides, peroxides and peroxyacids; their halogenated, sulphonated, nitrated or nitrosated derivatives",N/A,0.0,736790.0
X,484,MEX,56,BEL,2915,"Acids; saturated acyclic monocarboxylic acids and their anhydrides, halides, peroxides and peroxyacids; their halogenated, sulphonated, nitrated or nitrosated derivatives",N/A,0.0,142517758.0
X,484,MEX,76,BRA,2915,"Acids; saturated acyclic monocarboxylic acids and their anhydrides, halides, peroxides and peroxyacids; their halogenated, sulphonated, nitrated or nitrosated derivatives",N/A,0.0,1332736.0
X,484,MEX,124,CAN,2915,"Acids; saturated acyclic monocarboxylic acids and their anhydrides, halides, peroxides and peroxyacids; their halogenated, sulphonated, nitrated or nitrosated derivatives",N/A,0.0,113997.0
X,484,MEX,152,CHL,2915,"Acids; saturated acyclic monocarboxylic acids and their anhydrides, halides, peroxides and peroxyacids; their halogenated, sulphonated, nitrated or nitrosated derivatives",N/A,0.0,96939.0
X,484,MEX,156,CHN,2915,"Acids; saturated acyclic monocarboxylic acids and their anhydrides, halides, peroxides and peroxyacids; their halogenated, sulphonated, nitrated or nitrosated derivatives",N/A,0.0,940817.0
X,484,MEX,170,COL,2915,"Acids; saturated acyclic monocarboxylic acids and their anhydrides, halides, peroxides and peroxyacids; their halogenated, sulphonated, nitrated or nitrosated derivatives",N/A,0.0,4898752.0
X,484,MEX,188,CRI,2915,"Acids; saturated acyclic monocarboxylic acids and their anhydrides, halides, peroxides and peroxyacids; their halogenated, sulphonated, nitrated or nitrosated derivatives",N/A,0.0,264920.0
X,484,MEX,222,SLV,2915,"Acids; saturated acyclic monocarboxylic acids and their anhydrides, halides, peroxides and peroxyacids; their halogenated, sulphonated, nitrated or nitrosated derivatives",N/A,0.0,2419127.0
X,484,MEX,276,DEU,2915,"Acids; saturated acyclic monocarboxylic acids and their anhydrides, halides, peroxides and peroxyacids; their halogenated, sulphonated, nitrated or nitrosated derivatives",N/A,0.0,1448640.0
X,484,MEX,320,GTM,2915,"Acids; saturated acyclic monocarboxylic acids and their anhydrides, halides, peroxides and peroxyacids; their halogenated, sulphonated, nitrated or nitrosated derivatives",N/A,0.0,3543595.0
X,484,MEX,340,HND,2915,"Acids; saturated acyclic monocarboxylic acids and their anhydrides, halides, peroxides and peroxyacids; their halogenated, sulphonated, nitrated or nitrosated derivatives",N/A,0.0,430137.0
X,484,MEX,360,IDN,2915,"Acids; saturated acyclic monocarboxylic acids and their anhydrides, halides, peroxides and peroxyacids; their halogenated, sulphonated, nitrated or nitrosated derivatives",N/A,0.0,120158.0
X,484,MEX,392,JPN,2915,"Acids; saturated acyclic monocarboxylic acids and their anhydrides, halides, peroxides and peroxyacids; their halogenated, sulphonated, nitrated or nitrosated derivatives",N/A,0.0,297359.0
X,484,MEX,528,NLD,2915,"Acids; saturated acyclic monocarboxylic acids and their anhydrides, halides, peroxides and peroxyacids; their halogenated, sulphonated, nitrated or nitrosated derivatives",N/A,0.0,481392.0
X,484,MEX,558,NIC,2915,"Acids; saturated acyclic monocarboxylic acids and their anhydrides, halides, peroxides and peroxyacids; their halogenated, sulphonated, nitrated or nitrosated derivatives",N/A,0.0,50866.0
X,484,MEX,604,PER,2915,"Acids; saturated acyclic monocarboxylic acids and their anhydrides, halides, peroxides and peroxyacids; their halogenated, sulphonated, nitrated or nitrosated derivatives",N/A,0.0,405252.0
X,484,MEX,699,IND,2915,"Acids; saturated acyclic monocarboxylic acids and their anhydrides, halides, peroxides and peroxyacids; their halogenated, sulphonated, nitrated or nitrosated derivatives",N/A,0.0,266718.0
X,484,MEX,702,SGP,2915,"Acids; saturated acyclic monocarboxylic acids and their anhydrides, halides, peroxides and peroxyacids; their halogenated, sulphonated, nitrated or nitrosated derivatives",N/A,0.0,327548.0
X,484,MEX,757,CHE,2915,"Acids; saturated acyclic monocarboxylic acids and their anhydrides, halides, peroxides and peroxyacids; their halogenated, sulphonated, nitrated or nitrosated derivatives",N/A,0.0,580523.0
X,484,MEX,826,GBR,2915,"Acids; saturated acyclic monocarboxylic acids and their anhydrides, halides, peroxides and peroxyacids; their halogenated, sulphonated, nitrated or nitrosated derivatives",N/A,0.0,133990.0
X,484,MEX,842,USA,2915,"Acids; saturated acyclic monocarboxylic acids and their anhydrides, halides, peroxides and peroxyacids; their halogenated, sulphonated, nitrated or nitrosated derivatives",N/A,0.0,125264882.0
X,484,MEX,0,W00,2916,"Acids; unsaturated acyclic monocarboxylic, cyclic monocarboxylic, their anhydrides, halides, peroxides and peroxyacids; their halogenated, sulphonated, nitrated or nitrosated derivatives",N/A,0.0,116061366.0
X,484,MEX,32,ARG,2916,"Acids; unsaturated acyclic monocarboxylic, cyclic monocarboxylic, their anhydrides, halides, peroxides and peroxyacids; their halogenated, sulphonated, nitrated or nitrosated derivatives",N/A,0.0,2013810.0
X,484,MEX,76,BRA,2916,"Acids; unsaturated acyclic monocarboxylic, cyclic monocarboxylic, their anhydrides, halides, peroxides and peroxyacids; their halogenated, sulphonated, nitrated or nitrosated derivatives",N/A,0.0,50227062.0
X,484,MEX,152,CHL,2916,"Acids; unsaturated acyclic monocarboxylic, cyclic monocarboxylic, their anhydrides, halides, peroxides and peroxyacids; their halogenated, sulphonated, nitrated or nitrosated derivatives",N/A,0.0,73349.0
X,484,MEX,170,COL,2916,"Acids; unsaturated acyclic monocarboxylic, cyclic monocarboxylic, their anhydrides, halides, peroxides and peroxyacids; their halogenated, sulphonated, nitrated or nitrosated derivatives",N/A,0.0,539209.0
X,484,MEX,188,CRI,2916,"Acids; unsaturated acyclic monocarboxylic, cyclic monocarboxylic, their anhydrides, halides, peroxides and peroxyacids; their halogenated, sulphonated, nitrated or nitrosated derivatives",N/A,0.0,100883.0
X,484,MEX,222,SLV,2916,"Acids; unsaturated acyclic monocarboxylic, cyclic monocarboxylic, their anhydrides, halides, peroxides and peroxyacids; their halogenated, sulphonated, nitrated or nitrosated derivatives",N/A,0.0,24613.0
X,484,MEX,276,DEU,2916,"Acids; unsaturated acyclic monocarboxylic, cyclic monocarboxylic, their anhydrides, halides, peroxides and peroxyacids; their halogenated, sulphonated, nitrated or nitrosated derivatives",N/A,0.0,584882.0
X,484,MEX,320,GTM,2916,"Acids; unsaturated acyclic monocarboxylic, cyclic monocarboxylic, their anhydrides, halides, peroxides and peroxyacids; their halogenated, sulphonated, nitrated or nitrosated derivatives",N/A,0.0,75395.0
X,484,MEX,340,HND,2916,"Acids; unsaturated acyclic monocarboxylic, cyclic monocarboxylic, their anhydrides, halides, peroxides and peroxyacids; their halogenated, sulphonated, nitrated or nitrosated derivatives",N/A,0.0,52154.0
X,484,MEX,380,ITA,2916,"Acids; unsaturated acyclic monocarboxylic, cyclic monocarboxylic, their anhydrides, halides, peroxides and peroxyacids; their halogenated, sulphonated, nitrated or nitrosated derivatives",N/A,0.0,86973.0
X,484,MEX,702,SGP,2916,"Acids; unsaturated acyclic monocarboxylic, cyclic monocarboxylic, their anhydrides, halides, peroxides and peroxyacids; their halogenated, sulphonated, nitrated or nitrosated derivatives",N/A,0.0,88769.0
X,484,MEX,842,USA,2916,"Acids; unsaturated acyclic monocarboxylic, cyclic monocarboxylic, their anhydrides, halides, peroxides and peroxyacids; their halogenated, sulphonated, nitrated or nitrosated derivatives",N/A,0.0,62194267.0
X,484,MEX,0,W00,2917,"Acids; polycarboxylic acids, their anhydrides, halides, peroxides and peroxy-acids; their halogenated, sulphonated, nitrated or nitrosated derivatives",N/A,0.0,277356353.0
X,484,MEX,32,ARG,2917,"Acids; polycarboxylic acids, their anhydrides, halides, peroxides and peroxy-acids; their halogenated, sulphonated, nitrated or nitrosated derivatives",N/A,0.0,438937.0
X,484,MEX,76,BRA,2917,"Acids; polycarboxylic acids, their anhydrides, halides, peroxides and peroxy-acids; their halogenated, sulphonated, nitrated or nitrosated derivatives",N/A,0.0,57907659.0
X,484,MEX,152,CHL,2917,"Acids; polycarboxylic acids, their anhydrides, halides, peroxides and peroxy-acids; their halogenated, sulphonated, nitrated or nitrosated derivatives",N/A,0.0,598582.0
X,484,MEX,170,COL,2917,"Acids; polycarboxylic acids, their anhydrides, halides, peroxides and peroxy-acids; their halogenated, sulphonated, nitrated or nitrosated derivatives",N/A,0.0,8774794.0
X,484,MEX,188,CRI,2917,"Acids; polycarboxylic acids, their anhydrides, halides, peroxides and peroxy-acids; their halogenated, sulphonated, nitrated or nitrosated derivatives",N/A,0.0,287489.0
X,484,MEX,320,GTM,2917,"Acids; polycarboxylic acids, their anhydrides, halides, peroxides and peroxy-acids; their halogenated, sulphonated, nitrated or nitrosated derivatives",N/A,0.0,503248.0
X,484,MEX,604,PER,2917,"Acids; polycarboxylic acids, their anhydrides, halides, peroxides and peroxy-acids; their halogenated, sulphonated, nitrated or nitrosated derivatives",N/A,0.0,131453.0
X,484,MEX,842,USA,2917,"Acids; polycarboxylic acids, their anhydrides, halides, peroxides and peroxy-acids; their halogenated, sulphonated, nitrated or nitrosated derivatives",N/A,0.0,208714191.0
X,484,MEX,0,W00,2918,"Acids; carboxylic acid with additional oxygen function and their anhydrides, halides, peroxides, peroxyacids; their halogenated, sulphonated, nitrated or nitrosated derivatives",N/A,0.0,42064285.0
X,484,MEX,32,ARG,2918,"Acids; carboxylic acid with additional oxygen function and their anhydrides, halides, peroxides, peroxyacids; their halogenated, sulphonated, nitrated or nitrosated derivatives",N/A,0.0,1972139.0
X,484,MEX,76,BRA,2918,"Acids; carboxylic acid with additional oxygen function and their anhydrides, halides, peroxides, peroxyacids; their halogenated, sulphonated, nitrated or nitrosated derivatives",N/A,0.0,2601505.0
X,484,MEX,124,CAN,2918,"Acids; carboxylic acid with additional oxygen function and their anhydrides, halides, peroxides, peroxyacids; their halogenated, sulphonated, nitrated or nitrosated derivatives",N/A,0.0,77257.0
X,484,MEX,152,CHL,2918,"Acids; carboxylic acid with additional oxygen function and their anhydrides, halides, peroxides, peroxyacids; their halogenated, sulphonated, nitrated or nitrosated derivatives",N/A,0.0,31089.0
X,484,MEX,156,CHN,2918,"Acids; carboxylic acid with additional oxygen function and their anhydrides, halides, peroxides, peroxyacids; their halogenated, sulphonated, nitrated or nitrosated derivatives",N/A,0.0,470705.0
X,484,MEX,170,COL,2918,"Acids; carboxylic acid with additional oxygen function and their anhydrides, halides, peroxides, peroxyacids; their halogenated, sulphonated, nitrated or nitrosated derivatives",N/A,0.0,4183154.0
X,484,MEX,188,CRI,2918,"Acids; carboxylic acid with additional oxygen function and their anhydrides, halides, peroxides, peroxyacids; their halogenated, sulphonated, nitrated or nitrosated derivatives",N/A,0.0,225573.0
X,484,MEX,192,CUB,2918,"Acids; carboxylic acid with additional oxygen function and their anhydrides, halides, peroxides, peroxyacids; their halogenated, sulphonated, nitrated or nitrosated derivatives",N/A,0.0,157890.0
X,484,MEX,222,SLV,2918,"Acids; carboxylic acid with additional oxygen function and their anhydrides, halides, peroxides, peroxyacids; their halogenated, sulphonated, nitrated or nitrosated derivatives",N/A,0.0,26571.0
X,484,MEX,276,DEU,2918,"Acids; carboxylic acid with additional oxygen function and their anhydrides, halides, peroxides, peroxyacids; their halogenated, sulphonated, nitrated or nitrosated derivatives",N/A,0.0,12352226.0
X,484,MEX,320,GTM,2918,"Acids; carboxylic acid with additional oxygen function and their anhydrides, halides, peroxides, peroxyacids; their halogenated, sulphonated, nitrated or nitrosated derivatives",N/A,0.0,330656.0
X,484,MEX,340,HND,2918,"Acids; carboxylic acid with additional oxygen function and their anhydrides, halides, peroxides, peroxyacids; their halogenated, sulphonated, nitrated or nitrosated derivatives",N/A,0.0,315234.0
X,484,MEX,360,IDN,2918,"Acids; carboxylic acid with additional oxygen function and their anhydrides, halides, peroxides, peroxyacids; their halogenated, sulphonated, nitrated or nitrosated derivatives",N/A,0.0,198890.0
X,484,MEX,392,JPN,2918,"Acids; carboxylic acid with additional oxygen function and their anhydrides, halides, peroxides, peroxyacids; their halogenated, sulphonated, nitrated or nitrosated derivatives",N/A,0.0,691971.0
X,484,MEX,604,PER,2918,"Acids; carboxylic acid with additional oxygen function and their anhydrides, halides, peroxides, peroxyacids; their halogenated, sulphonated, nitrated or nitrosated derivatives",N/A,0.0,182562.0
X,484,MEX,702,SGP,2918,"Acids; carboxylic acid with additional oxygen function and their anhydrides, halides, peroxides, peroxyacids; their halogenated, sulphonated, nitrated or nitrosated derivatives",N/A,0.0,57342.0
X,484,MEX,757,CHE,2918,"Acids; carboxylic acid with additional oxygen function and their anhydrides, halides, peroxides, peroxyacids; their halogenated, sulphonated, nitrated or nitrosated derivatives",N/A,0.0,589473.0
X,484,MEX,842,USA,2918,"Acids; carboxylic acid with additional oxygen function and their anhydrides, halides, peroxides, peroxyacids; their halogenated, sulphonated, nitrated or nitrosated derivatives",N/A,0.0,17600048.0
X,484,MEX,0,W00,2920,"Esters of other inorganic acids of non-metals (other than of hydrogen halides) and their salts, their halogenated, sulphonated, nitrated or nitrosated derivatives",N/A,0.0,9941774.0
X,484,MEX,170,COL,2920,"Esters of other inorganic acids of non-metals (other than of hydrogen halides) and their salts, their halogenated, sulphonated, nitrated or nitrosated derivatives",N/A,0.0,1005452.0
X,484,MEX,320,GTM,2920,"Esters of other inorganic acids of non-metals (other than of hydrogen halides) and their salts, their halogenated, sulphonated, nitrated or nitrosated derivatives",N/A,0.0,273574.0
X,484,MEX,842,USA,2920,"Esters of other inorganic acids of non-metals (other than of hydrogen halides) and their salts, their halogenated, sulphonated, nitrated or nitrosated derivatives",N/A,0.0,8662748.0
X,484,MEX,0,W00,2921,Amine-function compounds,N/A,0.0,25992574.0
X,484,MEX,76,BRA,2921,Amine-function compounds,N/A,0.0,9013793.0
X,484,MEX,170,COL,2921,Amine-function compounds,N/A,0.0,85812.0
X,484,MEX,188,CRI,2921,Amine-function compounds,N/A,0.0,116520.0
X,484,MEX,276,DEU,2921,Amine-function compounds,N/A,0.0,1116833.0
X,484,MEX,320,GTM,2921,Amine-function compounds,N/A,0.0,216829.0
X,484,MEX,724,ESP,2921,Amine-function compounds,kg,42063.0,502876.0
X,484,MEX,842,USA,2921,Amine-function compounds,N/A,0.0,14939911.0
X,484,MEX,0,W00,2922,Oxygen-function amino-compounds,N/A,0.0,7643918.0
X,484,MEX,32,ARG,2922,Oxygen-function amino-compounds,N/A,0.0,352533.0
X,484,MEX,124,CAN,2922,Oxygen-function amino-compounds,N/A,0.0,390767.0
X,484,MEX,170,COL,2922,Oxygen-function amino-compounds,N/A,0.0,1189247.0
X,484,MEX,188,CRI,2922,Oxygen-function amino-compounds,N/A,0.0,121661.0
X,484,MEX,192,CUB,2922,Oxygen-function amino-compounds,N/A,0.0,5084.0
X,484,MEX,222,SLV,2922,Oxygen-function amino-compounds,N/A,0.0,36513.0
X,484,MEX,320,GTM,2922,Oxygen-function amino-compounds,N/A,0.0,524473.0
X,484,MEX,842,USA,2922,Oxygen-function amino-compounds,N/A,0.0,5023640.0
X,484,MEX,0,W00,2923,"Quaternary ammonium salts and hydroxides; lecithins and other phosphoaminolipids, whether or not chemically defined",N/A,0.0,6864037.0
X,484,MEX,32,ARG,2923,"Quaternary ammonium salts and hydroxides; lecithins and other phosphoaminolipids, whether or not chemically defined",kg,184.692,961.0
X,484,MEX,170,COL,2923,"Quaternary ammonium salts and hydroxides; lecithins and other phosphoaminolipids, whether or not chemically defined",N/A,0.0,712393.0
X,484,MEX,842,USA,2923,"Quaternary ammonium salts and hydroxides; lecithins and other phosphoaminolipids, whether or not chemically defined",N/A,0.0,6150683.0
X,484,MEX,0,W00,2924,Carboxyamide-function compounds; amide-function compounds of carbonic acid,N/A,0.0,169212.0
X,484,MEX,76,BRA,2924,Carboxyamide-function compounds; amide-function compounds of carbonic acid,N/A,0.0,48306.0
X,484,MEX,170,COL,2924,Carboxyamide-function compounds; amide-function compounds of carbonic acid,N/A,0.0,21127.0
X,484,MEX,320,GTM,2924,Carboxyamide-function compounds; amide-function compounds of carbonic acid,N/A,0.0,35942.0
X,484,MEX,842,USA,2924,Carboxyamide-function compounds; amide-function compounds of carbonic acid,N/A,0.0,63837.0
X,484,MEX,0,W00,2925,Carboxyimide-function compounds (including saccharin and its salts) and imine-function compounds,N/A,0.0,11970.0
X,484,MEX,320,GTM,2925,Carboxyimide-function compounds (including saccharin and its salts) and imine-function compounds,N/A,0.0,11970.0
X,484,MEX,0,W00,2926,Nitrile-function compounds,N/A,0.0,170091.0
X,484,MEX,76,BRA,2926,Nitrile-function compounds,N/A,0.0,170091.0
X,484,MEX,0,W00,2929,"Nitrogen-function compounds, n.e.c. in chapter 29",N/A,0.0,606813.0
X,484,MEX,842,USA,2929,"Nitrogen-function compounds, n.e.c. in chapter 29",N/A,0.0,606813.0
X,484,MEX,0,W00,2930,Organo-sulphur compounds,N/A,0.0,12690234.0
X,484,MEX,32,ARG,2930,Organo-sulphur compounds,N/A,0.0,7879.0
X,484,MEX,76,BRA,2930,Organo-sulphur compounds,N/A,0.0,193018.0
X,484,MEX,170,COL,2930,Organo-sulphur compounds,N/A,0.0,45427.0
X,484,MEX,320,GTM,2930,Organo-sulphur compounds,N/A,0.0,78939.0
X,484,MEX,842,USA,2930,Organo-sulphur compounds,N/A,0.0,12364971.0
X,484,MEX,0,W00,2931,Other organo-inorganic compounds,N/A,0.0,1857342.0
X,484,MEX,76,BRA,2931,Other organo-inorganic compounds,N/A,0.0,120517.0
X,484,MEX,320,GTM,2931,Other organo-inorganic compounds,kg,10063.546,32861.0
X,484,MEX,842,USA,2931,Other organo-inorganic compounds,N/A,0.0,1703964.0
X,484,MEX,0,W00,2932,Heterocyclic compounds with oxygen hetero-atom(s) only,N/A,0.0,39003828.0
X,484,MEX,32,ARG,2932,Heterocyclic compounds with oxygen hetero-atom(s) only,N/A,0.0,61813.0
X,484,MEX,76,BRA,2932,Heterocyclic compounds with oxygen hetero-atom(s) only,N/A,0.0,32025060.0
X,484,MEX,156,CHN,2932,Heterocyclic compounds with oxygen hetero-atom(s) only,N/A,0.0,17276.0
X,484,MEX,170,COL,2932,Heterocyclic compounds with oxygen hetero-atom(s) only,N/A,0.0,421169.0
X,484,MEX,188,CRI,2932,Heterocyclic compounds with oxygen hetero-atom(s) only,N/A,0.0,175387.0
X,484,MEX,320,GTM,2932,Heterocyclic compounds with oxygen hetero-atom(s) only,N/A,0.0,363207.0
X,484,MEX,699,IND,2932,Heterocyclic compounds with oxygen hetero-atom(s) only,N/A,0.0,13717.0
X,484,MEX,757,CHE,2932,Heterocyclic compounds with oxygen hetero-atom(s) only,N/A,0.0,3825127.0
X,484,MEX,842,USA,2932,Heterocyclic compounds with oxygen hetero-atom(s) only,N/A,0.0,2101072.0
X,484,MEX,0,W00,2933,Heterocyclic compounds with nitrogen hetero-atom(s) only,N/A,0.0,71014069.0
X,484,MEX,32,ARG,2933,Heterocyclic compounds with nitrogen hetero-atom(s) only,N/A,0.0,11687.0
X,484,MEX,76,BRA,2933,Heterocyclic compounds with nitrogen hetero-atom(s) only,N/A,0.0,1743718.0
X,484,MEX,124,CAN,2933,Heterocyclic compounds with nitrogen hetero-atom(s) only,N/A,0.0,7444277.0
X,484,MEX,152,CHL,2933,Heterocyclic compounds with nitrogen hetero-atom(s) only,N/A,0.0,459143.0
X,484,MEX,156,CHN,2933,Heterocyclic compounds with nitrogen hetero-atom(s) only,N/A,0.0,4978779.0
X,484,MEX,170,COL,2933,Heterocyclic compounds with nitrogen hetero-atom(s) only,N/A,0.0,7360621.0
X,484,MEX,222,SLV,2933,Heterocyclic compounds with nitrogen hetero-atom(s) only,N/A,0.0,133792.0
X,484,MEX,276,DEU,2933,Heterocyclic compounds with nitrogen hetero-atom(s) only,N/A,0.0,900521.0
X,484,MEX,320,GTM,2933,Heterocyclic compounds with nitrogen hetero-atom(s) only,N/A,0.0,564405.0
X,484,MEX,392,JPN,2933,Heterocyclic compounds with nitrogen hetero-atom(s) only,N/A,0.0,1252216.0
X,484,MEX,591,PAN,2933,Heterocyclic compounds with nitrogen hetero-atom(s) only,N/A,0.0,149998.0
X,484,MEX,699,IND,2933,Heterocyclic compounds with nitrogen hetero-atom(s) only,N/A,0.0,14634618.0
X,484,MEX,724,ESP,2933,Heterocyclic compounds with nitrogen hetero-atom(s) only,N/A,0.0,35184.0
X,484,MEX,842,USA,2933,Heterocyclic compounds with nitrogen hetero-atom(s) only,N/A,0.0,31345110.0
X,484,MEX,0,W00,2934,"Nucleic acids and their salts, whether or not chemically defined; other heterocyclic compounds",N/A,0.0,153143247.0
X,484,MEX,32,ARG,2934,"Nucleic acids and their salts, whether or not chemically defined; other heterocyclic compounds",N/A,0.0,63314.0
X,484,MEX,76,BRA,2934,"Nucleic acids and their salts, whether or not chemically defined; other heterocyclic compounds",N/A,0.0,18563951.0
X,484,MEX,152,CHL,2934,"Nucleic acids and their salts, whether or not chemically defined; other heterocyclic compounds",N/A,0.0,13331.0
X,484,MEX,170,COL,2934,"Nucleic acids and their salts, whether or not chemically defined; other heterocyclic compounds",N/A,0.0,442610.0
X,484,MEX,320,GTM,2934,"Nucleic acids and their salts, whether or not chemically defined; other heterocyclic compounds",kg,10750.0,68316.0
X,484,MEX,360,IDN,2934,"Nucleic acids and their salts, whether or not chemically defined; other heterocyclic compounds",kg,1214.0,289092.0
X,484,MEX,528,NLD,2934,"Nucleic acids and their salts, whether or not chemically defined; other heterocyclic compounds",kg,754.0,919806.0
X,484,MEX,699,IND,2934,"Nucleic acids and their salts, whether or not chemically defined; other heterocyclic compounds",kg,39213.0,4267878.0
X,484,MEX,724,ESP,2934,"Nucleic acids and their salts, whether or not chemically defined; other heterocyclic compounds",kg,5919.0,1681637.0
X,484,MEX,842,USA,2934,"Nucleic acids and their salts, whether or not chemically defined; other heterocyclic compounds",N/A,0.0,126833312.0
X,484,MEX,0,W00,2936,"Provitamins, vitamins; natural or reproduced by synthesis (including natural concentrates) derivatives thereof used as vitamins, and intermixtures of the fore-going, whether or not in any solvent",N/A,0.0,3645687.0
X,484,MEX,76,BRA,2936,"Provitamins, vitamins; natural or reproduced by synthesis (including natural concentrates) derivatives thereof used as vitamins, and intermixtures of the fore-going, whether or not in any solvent",N/A,0.0,734732.0
X,484,MEX,170,COL,2936,"Provitamins, vitamins; natural or reproduced by synthesis (including natural concentrates) derivatives thereof used as vitamins, and intermixtures of the fore-going, whether or not in any solvent",N/A,0.0,201504.0
X,484,MEX,320,GTM,2936,"Provitamins, vitamins; natural or reproduced by synthesis (including natural concentrates) derivatives thereof used as vitamins, and intermixtures of the fore-going, whether or not in any solvent",N/A,0.0,2027626.0
X,484,MEX,558,NIC,2936,"Provitamins, vitamins; natural or reproduced by synthesis (including natural concentrates) derivatives thereof used as vitamins, and intermixtures of the fore-going, whether or not in any solvent",N/A,0.0,6256.0
X,484,MEX,842,USA,2936,"Provitamins, vitamins; natural or reproduced by synthesis (including natural concentrates) derivatives thereof used as vitamins, and intermixtures of the fore-going, whether or not in any solvent",N/A,0.0,675569.0
X,484,MEX,0,W00,2937,"Hormones, prostaglandins, thromboxanes and leukotrienes, natural or reproduced by synthesis; derivatives and structural analogues thereof, including chain modified polypeptides, used primarily as hormones.",N/A,0.0,1225005.0
X,484,MEX,842,USA,2937,"Hormones, prostaglandins, thromboxanes and leukotrienes, natural or reproduced by synthesis; derivatives and structural analogues thereof, including chain modified polypeptides, used primarily as hormones.",N/A,0.0,1225005.0
X,484,MEX,0,W00,2938,"Glycosides, natural or reproduced by synthesis, and their salts, ethers, esters and other derivatives",kg,4990.0,458320.0
X,484,MEX,76,BRA,2938,"Glycosides, natural or reproduced by synthesis, and their salts, ethers, esters and other derivatives",kg,1740.0,92357.0
X,484,MEX,170,COL,2938,"Glycosides, natural or reproduced by synthesis, and their salts, ethers, esters and other derivatives",kg,2700.0,234513.0
X,484,MEX,842,USA,2938,"Glycosides, natural or reproduced by synthesis, and their salts, ethers, esters and other derivatives",kg,550.0,131450.0
X,484,MEX,0,W00,2940,"Sugars, chemically pure, other than sucrose, lactose, maltose, glucose and fructose; sugar ethers, sugar acetals and sugar esters, and their salts, other than the products of heading 29.37, 29.38, or 29.39",kg,363214.0,1177911.0
X,484,MEX,188,CRI,2940,"Sugars, chemically pure, other than sucrose, lactose, maltose, glucose and fructose; sugar ethers, sugar acetals and sugar esters, and their salts, other than the products of heading 29.37, 29.38, or 29.39",kg,29517.0,153644.0
X,484,MEX,320,GTM,2940,"Sugars, chemically pure, other than sucrose, lactose, maltose, glucose and fructose; sugar ethers, sugar acetals and sugar esters, and their salts, other than the products of heading 29.37, 29.38, or 29.39",kg,1500.0,7328.0
X,484,MEX,842,USA,2940,"Sugars, chemically pure, other than sucrose, lactose, maltose, glucose and fructose; sugar ethers, sugar acetals and sugar esters, and their salts, other than the products of heading 29.37, 29.38, or 29.39",kg,332197.0,1016939.0
X,484,MEX,0,W00,2941,Antibiotics,N/A,0.0,4290632.0
X,484,MEX,192,CUB,2941,Antibiotics,N/A,0.0,7822.0
X,484,MEX,320,GTM,2941,Antibiotics,N/A,0.0,48204.0
X,484,MEX,842,USA,2941,Antibiotics,N/A,0.0,4234606.0
X,484,MEX,0,W00,3001,"Glands and other organs (extracts, secretions thereof) for organo-therapeutic uses, dried, powdered or not; heparin and its salts; other human or animal substances for therapeutic or prophylactic uses n.e.c.",N/A,0.0,2132381.0
X,484,MEX,724,ESP,3001,"Glands and other organs (extracts, secretions thereof) for organo-therapeutic uses, dried, powdered or not; heparin and its salts; other human or animal substances for therapeutic or prophylactic uses n.e.c.",kg,2408.0,1714234.0
X,484,MEX,842,USA,3001,"Glands and other organs (extracts, secretions thereof) for organo-therapeutic uses, dried, powdered or not; heparin and its salts; other human or animal substances for therapeutic or prophylactic uses n.e.c.",N/A,0.0,418147.0
X,484,MEX,0,W00,3002,"Human blood; animal blood for therapeutic, prophylactic or diagnostic uses; antisera, other blood fractions, immunological products, modified or obtained by biotechnological processes; vaccines, toxins, cultures of micro-organisms (excluding yeasts) etc",N/A,0.0,223119919.0
X,484,MEX,84,BLZ,3002,"Human blood; animal blood for therapeutic, prophylactic or diagnostic uses; antisera, other blood fractions, immunological products, modified or obtained by biotechnological processes; vaccines, toxins, cultures of micro-organisms (excluding yeasts) etc",N/A,0.0,27712.0
X,484,MEX,124,CAN,3002,"Human blood; animal blood for therapeutic, prophylactic or diagnostic uses; antisera, other blood fractions, immunological products, modified or obtained by biotechnological processes; vaccines, toxins, cultures of micro-organisms (excluding yeasts) etc",kg,31.0,187713.0
X,484,MEX,170,COL,3002,"Human blood; animal blood for therapeutic, prophylactic or diagnostic uses; antisera, other blood fractions, immunological products, modified or obtained by biotechnological processes; vaccines, toxins, cultures of micro-organisms (excluding yeasts) etc",N/A,0.0,2688356.0
X,484,MEX,188,CRI,3002,"Human blood; animal blood for therapeutic, prophylactic or diagnostic uses; antisera, other blood fractions, immunological products, modified or obtained by biotechnological processes; vaccines, toxins, cultures of micro-organisms (excluding yeasts) etc",N/A,0.0,1390903.0
X,484,MEX,214,DOM,3002,"Human blood; animal blood for therapeutic, prophylactic or diagnostic uses; antisera, other blood fractions, immunological products, modified or obtained by biotechnological processes; vaccines, toxins, cultures of micro-organisms (excluding yeasts) etc",N/A,0.0,5970968.0
X,484,MEX,218,ECU,3002,"Human blood; animal blood for therapeutic, prophylactic or diagnostic uses; antisera, other blood fractions, immunological products, modified or obtained by biotechnological processes; vaccines, toxins, cultures of micro-organisms (excluding yeasts) etc",N/A,0.0,978621.0
X,484,MEX,222,SLV,3002,"Human blood; animal blood for therapeutic, prophylactic or diagnostic uses; antisera, other blood fractions, immunological products, modified or obtained by biotechnological processes; vaccines, toxins, cultures of micro-organisms (excluding yeasts) etc",N/A,0.0,2280942.0
X,484,MEX,251,FRA,3002,"Human blood; animal blood for therapeutic, prophylactic or diagnostic uses; antisera, other blood fractions, immunological products, modified or obtained by biotechnological processes; vaccines, toxins, cultures of micro-organisms (excluding yeasts) etc",N/A,0.0,28471139.0
X,484,MEX,276,DEU,3002,"Human blood; animal blood for therapeutic, prophylactic or diagnostic uses; antisera, other blood fractions, immunological products, modified or obtained by biotechnological processes; vaccines, toxins, cultures of micro-organisms (excluding yeasts) etc",N/A,0.0,1473187.0
X,484,MEX,320,GTM,3002,"Human blood; animal blood for therapeutic, prophylactic or diagnostic uses; antisera, other blood fractions, immunological products, modified or obtained by biotechnological processes; vaccines, toxins, cultures of micro-organisms (excluding yeasts) etc",N/A,0.0,6109608.0
X,484,MEX,340,HND,3002,"Human blood; animal blood for therapeutic, prophylactic or diagnostic uses; antisera, other blood fractions, immunological products, modified or obtained by biotechnological processes; vaccines, toxins, cultures of micro-organisms (excluding yeasts) etc",N/A,0.0,1568573.0
X,484,MEX,558,NIC,3002,"Human blood; animal blood for therapeutic, prophylactic or diagnostic uses; antisera, other blood fractions, immunological products, modified or obtained by biotechnological processes; vaccines, toxins, cultures of micro-organisms (excluding yeasts) etc",N/A,0.0,1332925.0
X,484,MEX,591,PAN,3002,"Human blood; animal blood for therapeutic, prophylactic or diagnostic uses; antisera, other blood fractions, immunological products, modified or obtained by biotechnological processes; vaccines, toxins, cultures of micro-organisms (excluding yeasts) etc",N/A,0.0,2025532.0
X,484,MEX,604,PER,3002,"Human blood; animal blood for therapeutic, prophylactic or diagnostic uses; antisera, other blood fractions, immunological products, modified or obtained by biotechnological processes; vaccines, toxins, cultures of micro-organisms (excluding yeasts) etc",N/A,0.0,3996195.0
X,484,MEX,724,ESP,3002,"Human blood; animal blood for therapeutic, prophylactic or diagnostic uses; antisera, other blood fractions, immunological products, modified or obtained by biotechnological processes; vaccines, toxins, cultures of micro-organisms (excluding yeasts) etc",N/A,0.0,128459.0
X,484,MEX,818,EGY,3002,"Human blood; animal blood for therapeutic, prophylactic or diagnostic uses; antisera, other blood fractions, immunological products, modified or obtained by biotechnological processes; vaccines, toxins, cultures of micro-organisms (excluding yeasts) etc",kg,12486.0,380974.0
X,484,MEX,842,USA,3002,"Human blood; animal blood for therapeutic, prophylactic or diagnostic uses; antisera, other blood fractions, immunological products, modified or obtained by biotechnological processes; vaccines, toxins, cultures of micro-organisms (excluding yeasts) etc",N/A,0.0,164108112.0
X,484,MEX,0,W00,3003,"Medicaments; (not goods of heading no. 3002, 3005 or 3006) of two or more constituents mixed together for therapeutic or prophylactic use not in measured doses or in forms or packings for retail sale",N/A,0.0,507019.0
X,484,MEX,320,GTM,3003,"Medicaments; (not goods of heading no. 3002, 3005 or 3006) of two or more constituents mixed together for therapeutic or prophylactic use not in measured doses or in forms or packings for retail sale",N/A,0.0,322712.0
X,484,MEX,380,ITA,3003,"Medicaments; (not goods of heading no. 3002, 3005 or 3006) of two or more constituents mixed together for therapeutic or prophylactic use not in measured doses or in forms or packings for retail sale",N/A,0.0,177.0
X,484,MEX,842,USA,3003,"Medicaments; (not goods of heading no. 3002, 3005 or 3006) of two or more constituents mixed together for therapeutic or prophylactic use not in measured doses or in forms or packings for retail sale",N/A,0.0,184130.0
X,484,MEX,0,W00,3004,"Medicaments; (not goods of heading no. 3002, 3005 or 3006) consisting of mixed or unmixed products for therapeutic or prophylactic use, put up in measured doses (incl. those in the form of transdermal admin. systems) or packed for retail sale",N/A,0.0,1045872696.0
X,484,MEX,32,ARG,3004,"Medicaments; (not goods of heading no. 3002, 3005 or 3006) consisting of mixed or unmixed products for therapeutic or prophylactic use, put up in measured doses (incl. those in the form of transdermal admin. systems) or packed for retail sale",N/A,0.0,8365653.0
X,484,MEX,36,AUS,3004,"Medicaments; (not goods of heading no. 3002, 3005 or 3006) consisting of mixed or unmixed products for therapeutic or prophylactic use, put up in measured doses (incl. those in the form of transdermal admin. systems) or packed for retail sale",N/A,0.0,12799835.0
X,484,MEX,68,BOL,3004,"Medicaments; (not goods of heading no. 3002, 3005 or 3006) consisting of mixed or unmixed products for therapeutic or prophylactic use, put up in measured doses (incl. those in the form of transdermal admin. systems) or packed for retail sale",N/A,0.0,2692834.0
X,484,MEX,76,BRA,3004,"Medicaments; (not goods of heading no. 3002, 3005 or 3006) consisting of mixed or unmixed products for therapeutic or prophylactic use, put up in measured doses (incl. those in the form of transdermal admin. systems) or packed for retail sale",N/A,0.0,82076545.0
X,484,MEX,84,BLZ,3004,"Medicaments; (not goods of heading no. 3002, 3005 or 3006) consisting of mixed or unmixed products for therapeutic or prophylactic use, put up in measured doses (incl. those in the form of transdermal admin. systems) or packed for retail sale",N/A,0.0,1001915.0
X,484,MEX,124,CAN,3004,"Medicaments; (not goods of heading no. 3002, 3005 or 3006) consisting of mixed or unmixed products for therapeutic or prophylactic use, put up in measured doses (incl. those in the form of transdermal admin. systems) or packed for retail sale",N/A,0.0,9729813.0
X,484,MEX,152,CHL,3004,"Medicaments; (not goods of heading no. 3002, 3005 or 3006) consisting of mixed or unmixed products for therapeutic or prophylactic use, put up in measured doses (incl. those in the form of transdermal admin. systems) or packed for retail sale",N/A,0.0,38163864.0
X,484,MEX,170,COL,3004,"Medicaments; (not goods of heading no. 3002, 3005 or 3006) consisting of mixed or unmixed products for therapeutic or prophylactic use, put up in measured doses (incl. those in the form of transdermal admin. systems) or packed for retail sale",N/A,0.0,102546676.0
X,484,MEX,188,CRI,3004,"Medicaments; (not goods of heading no. 3002, 3005 or 3006) consisting of mixed or unmixed products for therapeutic or prophylactic use, put up in measured doses (incl. those in the form of transdermal admin. systems) or packed for retail sale",N/A,0.0,30283951.0
X,484,MEX,192,CUB,3004,"Medicaments; (not goods of heading no. 3002, 3005 or 3006) consisting of mixed or unmixed products for therapeutic or prophylactic use, put up in measured doses (incl. those in the form of transdermal admin. systems) or packed for retail sale",N/A,0.0,3033919.0
X,484,MEX,214,DOM,3004,"Medicaments; (not goods of heading no. 3002, 3005 or 3006) consisting of mixed or unmixed products for therapeutic or prophylactic use, put up in measured doses (incl. those in the form of transdermal admin. systems) or packed for retail sale",N/A,0.0,19053238.0
X,484,MEX,218,ECU,3004,"Medicaments; (not goods of heading no. 3002, 3005 or 3006) consisting of mixed or unmixed products for therapeutic or prophylactic use, put up in measured doses (incl. those in the form of transdermal admin. systems) or packed for retail sale",N/A,0.0,54793925.0
X,484,MEX,222,SLV,3004,"Medicaments; (not goods of heading no. 3002, 3005 or 3006) consisting of mixed or unmixed products for therapeutic or prophylactic use, put up in measured doses (incl. those in the form of transdermal admin. systems) or packed for retail sale",N/A,0.0,24846068.0
X,484,MEX,251,FRA,3004,"Medicaments; (not goods of heading no. 3002, 3005 or 3006) consisting of mixed or unmixed products for therapeutic or prophylactic use, put up in measured doses (incl. those in the form of transdermal admin. systems) or packed for retail sale",N/A,0.0,2322824.0
X,484,MEX,276,DEU,3004,"Medicaments; (not goods of heading no. 3002, 3005 or 3006) consisting of mixed or unmixed products for therapeutic or prophylactic use, put up in measured doses (incl. those in the form of transdermal admin. systems) or packed for retail sale",N/A,0.0,11134506.0
X,484,MEX,320,GTM,3004,"Medicaments; (not goods of heading no. 3002, 3005 or 3006) consisting of mixed or unmixed products for therapeutic or prophylactic use, put up in measured doses (incl. those in the form of transdermal admin. systems) or packed for retail sale",N/A,0.0,37975224.0
X,484,MEX,332,HTI,3004,"Medicaments; (not goods of heading no. 3002, 3005 or 3006) consisting of mixed or unmixed products for therapeutic or prophylactic use, put up in measured doses (incl. those in the form of transdermal admin. systems) or packed for retail sale",N/A,0.0,1026312.0
X,484,MEX,340,HND,3004,"Medicaments; (not goods of heading no. 3002, 3005 or 3006) consisting of mixed or unmixed products for therapeutic or prophylactic use, put up in measured doses (incl. those in the form of transdermal admin. systems) or packed for retail sale",N/A,0.0,16923519.0
X,484,MEX,380,ITA,3004,"Medicaments; (not goods of heading no. 3002, 3005 or 3006) consisting of mixed or unmixed products for therapeutic or prophylactic use, put up in measured doses (incl. those in the form of transdermal admin. systems) or packed for retail sale",N/A,0.0,762847.0
X,484,MEX,410,KOR,3004,"Medicaments; (not goods of heading no. 3002, 3005 or 3006) consisting of mixed or unmixed products for therapeutic or prophylactic use, put up in measured doses (incl. those in the form of transdermal admin. systems) or packed for retail sale",N/A,0.0,463278.0
X,484,MEX,528,NLD,3004,"Medicaments; (not goods of heading no. 3002, 3005 or 3006) consisting of mixed or unmixed products for therapeutic or prophylactic use, put up in measured doses (incl. those in the form of transdermal admin. systems) or packed for retail sale",N/A,0.0,2403713.0
X,484,MEX,533,ABW,3004,"Medicaments; (not goods of heading no. 3002, 3005 or 3006) consisting of mixed or unmixed products for therapeutic or prophylactic use, put up in measured doses (incl. those in the form of transdermal admin. systems) or packed for retail sale",N/A,0.0,8345.0
X,484,MEX,558,NIC,3004,"Medicaments; (not goods of heading no. 3002, 3005 or 3006) consisting of mixed or unmixed products for therapeutic or prophylactic use, put up in measured doses (incl. those in the form of transdermal admin. systems) or packed for retail sale",N/A,0.0,17530853.0
X,484,MEX,591,PAN,3004,"Medicaments; (not goods of heading no. 3002, 3005 or 3006) consisting of mixed or unmixed products for therapeutic or prophylactic use, put up in measured doses (incl. those in the form of transdermal admin. systems) or packed for retail sale",N/A,0.0,129152118.0
X,484,MEX,600,PRY,3004,"Medicaments; (not goods of heading no. 3002, 3005 or 3006) consisting of mixed or unmixed products for therapeutic or prophylactic use, put up in measured doses (incl. those in the form of transdermal admin. systems) or packed for retail sale",N/A,0.0,2534071.0
X,484,MEX,604,PER,3004,"Medicaments; (not goods of heading no. 3002, 3005 or 3006) consisting of mixed or unmixed products for therapeutic or prophylactic use, put up in measured doses (incl. those in the form of transdermal admin. systems) or packed for retail sale",N/A,0.0,48040304.0
X,484,MEX,702,SGP,3004,"Medicaments; (not goods of heading no. 3002, 3005 or 3006) consisting of mixed or unmixed products for therapeutic or prophylactic use, put up in measured doses (incl. those in the form of transdermal admin. systems) or packed for retail sale",N/A,0.0,505719.0
X,484,MEX,710,ZAF,3004,"Medicaments; (not goods of heading no. 3002, 3005 or 3006) consisting of mixed or unmixed products for therapeutic or prophylactic use, put up in measured doses (incl. those in the form of transdermal admin. systems) or packed for retail sale",N/A,0.0,669740.0
X,484,MEX,757,CHE,3004,"Medicaments; (not goods of heading no. 3002, 3005 or 3006) consisting of mixed or unmixed products for therapeutic or prophylactic use, put up in measured doses (incl. those in the form of transdermal admin. systems) or packed for retail sale",N/A,0.0,11620.0
X,484,MEX,780,TTO,3004,"Medicaments; (not goods of heading no. 3002, 3005 or 3006) consisting of mixed or unmixed products for therapeutic or prophylactic use, put up in measured doses (incl. those in the form of transdermal admin. systems) or packed for retail sale",N/A,0.0,185752.0
X,484,MEX,784,ARE,3004,"Medicaments; (not goods of heading no. 3002, 3005 or 3006) consisting of mixed or unmixed products for therapeutic or prophylactic use, put up in measured doses (incl. those in the form of transdermal admin. systems) or packed for retail sale",N/A,0.0,83033.0
X,484,MEX,826,GBR,3004,"Medicaments; (not goods of heading no. 3002, 3005 or 3006) consisting of mixed or unmixed products for therapeutic or prophylactic use, put up in measured doses (incl. those in the form of transdermal admin. systems) or packed for retail sale",N/A,0.0,2931884.0
X,484,MEX,842,USA,3004,"Medicaments; (not goods of heading no. 3002, 3005 or 3006) consisting of mixed or unmixed products for therapeutic or prophylactic use, put up in measured doses (incl. those in the form of transdermal admin. systems) or packed for retail sale",N/A,0.0,375045599.0
X,484,MEX,858,URY,3004,"Medicaments; (not goods of heading no. 3002, 3005 or 3006) consisting of mixed or unmixed products for therapeutic or prophylactic use, put up in measured doses (incl. those in the form of transdermal admin. systems) or packed for retail sale",N/A,0.0,4052350.0
X,484,MEX,862,VEN,3004,"Medicaments; (not goods of heading no. 3002, 3005 or 3006) consisting of mixed or unmixed products for therapeutic or prophylactic use, put up in measured doses (incl. those in the form of transdermal admin. systems) or packed for retail sale",N/A,0.0,2720849.0
X,484,MEX,0,W00,3005,"Wadding, gauze, bandages (dressings, adhesive plasters, poultices), impregnated or coated with pharmaceutical substances or in forms or packings for retail sale, for medical, surgical or veterinary use",N/A,0.0,151436478.0
X,484,MEX,76,BRA,3005,"Wadding, gauze, bandages (dressings, adhesive plasters, poultices), impregnated or coated with pharmaceutical substances or in forms or packings for retail sale, for medical, surgical or veterinary use",N/A,0.0,56694.0
X,484,MEX,152,CHL,3005,"Wadding, gauze, bandages (dressings, adhesive plasters, poultices), impregnated or coated with pharmaceutical substances or in forms or packings for retail sale, for medical, surgical or veterinary use",N/A,0.0,159829.0
X,484,MEX,170,COL,3005,"Wadding, gauze, bandages (dressings, adhesive plasters, poultices), impregnated or coated with pharmaceutical substances or in forms or packings for retail sale, for medical, surgical or veterinary use",N/A,0.0,552198.0
X,484,MEX,188,CRI,3005,"Wadding, gauze, bandages (dressings, adhesive plasters, poultices), impregnated or coated with pharmaceutical substances or in forms or packings for retail sale, for medical, surgical or veterinary use",N/A,0.0,666576.0
X,484,MEX,192,CUB,3005,"Wadding, gauze, bandages (dressings, adhesive plasters, poultices), impregnated or coated with pharmaceutical substances or in forms or packings for retail sale, for medical, surgical or veterinary use",N/A,0.0,9948.0
X,484,MEX,214,DOM,3005,"Wadding, gauze, bandages (dressings, adhesive plasters, poultices), impregnated or coated with pharmaceutical substances or in forms or packings for retail sale, for medical, surgical or veterinary use",N/A,0.0,131888.0
X,484,MEX,222,SLV,3005,"Wadding, gauze, bandages (dressings, adhesive plasters, poultices), impregnated or coated with pharmaceutical substances or in forms or packings for retail sale, for medical, surgical or veterinary use",N/A,0.0,343567.0
X,484,MEX,320,GTM,3005,"Wadding, gauze, bandages (dressings, adhesive plasters, poultices), impregnated or coated with pharmaceutical substances or in forms or packings for retail sale, for medical, surgical or veterinary use",N/A,0.0,1488479.0
X,484,MEX,340,HND,3005,"Wadding, gauze, bandages (dressings, adhesive plasters, poultices), impregnated or coated with pharmaceutical substances or in forms or packings for retail sale, for medical, surgical or veterinary use",N/A,0.0,76233.0
X,484,MEX,558,NIC,3005,"Wadding, gauze, bandages (dressings, adhesive plasters, poultices), impregnated or coated with pharmaceutical substances or in forms or packings for retail sale, for medical, surgical or veterinary use",N/A,0.0,164363.0
X,484,MEX,591,PAN,3005,"Wadding, gauze, bandages (dressings, adhesive plasters, poultices), impregnated or coated with pharmaceutical substances or in forms or packings for retail sale, for medical, surgical or veterinary use",N/A,0.0,43560.0
X,484,MEX,842,USA,3005,"Wadding, gauze, bandages (dressings, adhesive plasters, poultices), impregnated or coated with pharmaceutical substances or in forms or packings for retail sale, for medical, surgical or veterinary use",N/A,0.0,147743143.0
X,484,MEX,0,W00,3006,Pharmaceutical goods,N/A,0.0,69431180.0
X,484,MEX,76,BRA,3006,Pharmaceutical goods,N/A,0.0,728525.0
X,484,MEX,84,BLZ,3006,Pharmaceutical goods,N/A,0.0,433.0
X,484,MEX,152,CHL,3006,Pharmaceutical goods,N/A,0.0,3652564.0
X,484,MEX,170,COL,3006,Pharmaceutical goods,N/A,0.0,1450567.0
X,484,MEX,192,CUB,3006,Pharmaceutical goods,N/A,0.0,934.0
X,484,MEX,214,DOM,3006,Pharmaceutical goods,N/A,0.0,5636.0
X,484,MEX,320,GTM,3006,Pharmaceutical goods,N/A,0.0,70973.0
X,484,MEX,558,NIC,3006,Pharmaceutical goods,N/A,0.0,52591.0
X,484,MEX,591,PAN,3006,Pharmaceutical goods,N/A,0.0,721013.0
X,484,MEX,826,GBR,3006,Pharmaceutical goods,N/A,0.0,184265.0
X,484,MEX,842,USA,3006,Pharmaceutical goods,N/A,0.0,62500227.0
X,484,MEX,862,VEN,3006,Pharmaceutical goods,N/A,0.0,63452.0
X,484,MEX,0,W00,3901,"Polymers of ethylene, in primary forms",N/A,0.0,543966244.0
X,484,MEX,32,ARG,3901,"Polymers of ethylene, in primary forms",N/A,0.0,8348001.0
X,484,MEX,68,BOL,3901,"Polymers of ethylene, in primary forms",N/A,0.0,636894.0
X,484,MEX,76,BRA,3901,"Polymers of ethylene, in primary forms",N/A,0.0,5209728.0
X,484,MEX,124,CAN,3901,"Polymers of ethylene, in primary forms",N/A,0.0,105685.0
X,484,MEX,152,CHL,3901,"Polymers of ethylene, in primary forms",N/A,0.0,15365661.0
X,484,MEX,156,CHN,3901,"Polymers of ethylene, in primary forms",N/A,0.0,2727008.0
X,484,MEX,170,COL,3901,"Polymers of ethylene, in primary forms",N/A,0.0,39760859.0
X,484,MEX,188,CRI,3901,"Polymers of ethylene, in primary forms",N/A,0.0,12537298.0
X,484,MEX,192,CUB,3901,"Polymers of ethylene, in primary forms",N/A,0.0,602740.0
X,484,MEX,214,DOM,3901,"Polymers of ethylene, in primary forms",N/A,0.0,32989047.0
X,484,MEX,218,ECU,3901,"Polymers of ethylene, in primary forms",N/A,0.0,18891604.0
X,484,MEX,222,SLV,3901,"Polymers of ethylene, in primary forms",N/A,0.0,26867499.0
X,484,MEX,320,GTM,3901,"Polymers of ethylene, in primary forms",N/A,0.0,38496907.0
X,484,MEX,340,HND,3901,"Polymers of ethylene, in primary forms",N/A,0.0,1491843.0
X,484,MEX,380,ITA,3901,"Polymers of ethylene, in primary forms",N/A,0.0,6160529.0
X,484,MEX,528,NLD,3901,"Polymers of ethylene, in primary forms",N/A,0.0,29644443.0
X,484,MEX,558,NIC,3901,"Polymers of ethylene, in primary forms",N/A,0.0,1721122.0
X,484,MEX,591,PAN,3901,"Polymers of ethylene, in primary forms",N/A,0.0,2988207.0
X,484,MEX,604,PER,3901,"Polymers of ethylene, in primary forms",N/A,0.0,44072270.0
X,484,MEX,724,ESP,3901,"Polymers of ethylene, in primary forms",N/A,0.0,4293457.0
X,484,MEX,842,USA,3901,"Polymers of ethylene, in primary forms",N/A,0.0,251055442.0
X,484,MEX,0,W00,3902,"Polymers of propylene or of other olefins, in primary forms",N/A,0.0,97507085.0
X,484,MEX,76,BRA,3902,"Polymers of propylene or of other olefins, in primary forms",N/A,0.0,9827211.0
X,484,MEX,124,CAN,3902,"Polymers of propylene or of other olefins, in primary forms",N/A,0.0,187198.0
X,484,MEX,152,CHL,3902,"Polymers of propylene or of other olefins, in primary forms",N/A,0.0,52918.0
X,484,MEX,156,CHN,3902,"Polymers of propylene or of other olefins, in primary forms",N/A,0.0,4091325.0
X,484,MEX,170,COL,3902,"Polymers of propylene or of other olefins, in primary forms",N/A,0.0,951513.0
X,484,MEX,188,CRI,3902,"Polymers of propylene or of other olefins, in primary forms",N/A,0.0,178614.0
X,484,MEX,222,SLV,3902,"Polymers of propylene or of other olefins, in primary forms",N/A,0.0,2072285.0
X,484,MEX,276,DEU,3902,"Polymers of propylene or of other olefins, in primary forms",N/A,0.0,145393.0
X,484,MEX,320,GTM,3902,"Polymers of propylene or of other olefins, in primary forms",N/A,0.0,5035696.0
X,484,MEX,344,HKG,3902,"Polymers of propylene or of other olefins, in primary forms",N/A,0.0,54360.0
X,484,MEX,380,ITA,3902,"Polymers of propylene or of other olefins, in primary forms",N/A,0.0,524968.0
X,484,MEX,392,JPN,3902,"Polymers of propylene or of other olefins, in primary forms",N/A,0.0,110503.0
X,484,MEX,410,KOR,3902,"Polymers of propylene or of other olefins, in primary forms",N/A,0.0,21126.0
X,484,MEX,620,PRT,3902,"Polymers of propylene or of other olefins, in primary forms",N/A,0.0,3399.0
X,484,MEX,842,USA,3902,"Polymers of propylene or of other olefins, in primary forms",N/A,0.0,74250576.0
X,484,MEX,0,W00,3903,"Polymers of styrene, in primary forms",N/A,0.0,634307319.0
X,484,MEX,76,BRA,3903,"Polymers of styrene, in primary forms",N/A,0.0,17160672.0
X,484,MEX,84,BLZ,3903,"Polymers of styrene, in primary forms",N/A,0.0,115396.0
X,484,MEX,124,CAN,3903,"Polymers of styrene, in primary forms",N/A,0.0,19725493.0
X,484,MEX,152,CHL,3903,"Polymers of styrene, in primary forms",N/A,0.0,5300323.0
X,484,MEX,156,CHN,3903,"Polymers of styrene, in primary forms",N/A,0.0,10826251.0
X,484,MEX,170,COL,3903,"Polymers of styrene, in primary forms",N/A,0.0,10742863.0
X,484,MEX,188,CRI,3903,"Polymers of styrene, in primary forms",N/A,0.0,898948.0
X,484,MEX,214,DOM,3903,"Polymers of styrene, in primary forms",N/A,0.0,12643024.0
X,484,MEX,218,ECU,3903,"Polymers of styrene, in primary forms",N/A,0.0,2948018.0
X,484,MEX,222,SLV,3903,"Polymers of styrene, in primary forms",N/A,0.0,13744037.0
X,484,MEX,251,FRA,3903,"Polymers of styrene, in primary forms",kg,67506.0,171031.0
X,484,MEX,276,DEU,3903,"Polymers of styrene, in primary forms",N/A,0.0,2414253.0
X,484,MEX,320,GTM,3903,"Polymers of styrene, in primary forms",N/A,0.0,9927211.0
X,484,MEX,340,HND,3903,"Polymers of styrene, in primary forms",N/A,0.0,5287131.0
X,484,MEX,344,HKG,3903,"Polymers of styrene, in primary forms",N/A,0.0,250448.0
X,484,MEX,380,ITA,3903,"Polymers of styrene, in primary forms",N/A,0.0,1274678.0
X,484,MEX,410,KOR,3903,"Polymers of styrene, in primary forms",N/A,0.0,4075363.0
X,484,MEX,458,MYS,3903,"Polymers of styrene, in primary forms",N/A,0.0,362444.0
X,484,MEX,591,PAN,3903,"Polymers of styrene, in primary forms",N/A,0.0,49283.0
X,484,MEX,604,PER,3903,"Polymers of styrene, in primary forms",N/A,0.0,1666087.0
X,484,MEX,724,ESP,3903,"Polymers of styrene, in primary forms",N/A,0.0,707599.0
X,484,MEX,842,USA,3903,"Polymers of styrene, in primary forms",N/A,0.0,514016766.0
X,484,MEX,0,W00,3904,"Polymers of vinyl chloride or of other halogenated olefins, in primary forms",N/A,0.0,98982960.0
X,484,MEX,76,BRA,3904,"Polymers of vinyl chloride or of other halogenated olefins, in primary forms",N/A,0.0,367157.0
X,484,MEX,124,CAN,3904,"Polymers of vinyl chloride or of other halogenated olefins, in primary forms",N/A,0.0,4194829.0
X,484,MEX,156,CHN,3904,"Polymers of vinyl chloride or of other halogenated olefins, in primary forms",N/A,0.0,101900.0
X,484,MEX,188,CRI,3904,"Polymers of vinyl chloride or of other halogenated olefins, in primary forms",N/A,0.0,149129.0
X,484,MEX,214,DOM,3904,"Polymers of vinyl chloride or of other halogenated olefins, in primary forms",N/A,0.0,3903163.0
X,484,MEX,222,SLV,3904,"Polymers of vinyl chloride or of other halogenated olefins, in primary forms",N/A,0.0,6659841.0
X,484,MEX,320,GTM,3904,"Polymers of vinyl chloride or of other halogenated olefins, in primary forms",N/A,0.0,15261036.0
X,484,MEX,340,HND,3904,"Polymers of vinyl chloride or of other halogenated olefins, in primary forms",N/A,0.0,4441378.0
X,484,MEX,591,PAN,3904,"Polymers of vinyl chloride or of other halogenated olefins, in primary forms",N/A,0.0,410596.0
X,484,MEX,699,IND,3904,"Polymers of vinyl chloride or of other halogenated olefins, in primary forms",N/A,0.0,650429.0
X,484,MEX,842,USA,3904,"Polymers of vinyl chloride or of other halogenated olefins, in primary forms",N/A,0.0,62843502.0
X,484,MEX,0,W00,3905,"Polymers of vinyl acetate or of other vinyl esters, in primary forms; other vinyl polymers in primary forms",N/A,0.0,10130683.0
X,484,MEX,152,CHL,3905,"Polymers of vinyl acetate or of other vinyl esters, in primary forms; other vinyl polymers in primary forms",N/A,0.0,961778.0
X,484,MEX,170,COL,3905,"Polymers of vinyl acetate or of other vinyl esters, in primary forms; other vinyl polymers in primary forms",N/A,0.0,861570.0
X,484,MEX,188,CRI,3905,"Polymers of vinyl acetate or of other vinyl esters, in primary forms; other vinyl polymers in primary forms",N/A,0.0,953802.0
X,484,MEX,218,ECU,3905,"Polymers of vinyl acetate or of other vinyl esters, in primary forms; other vinyl polymers in primary forms",N/A,0.0,458179.0
X,484,MEX,222,SLV,3905,"Polymers of vinyl acetate or of other vinyl esters, in primary forms; other vinyl polymers in primary forms",N/A,0.0,124603.0
X,484,MEX,320,GTM,3905,"Polymers of vinyl acetate or of other vinyl esters, in primary forms; other vinyl polymers in primary forms",N/A,0.0,1712783.0
X,484,MEX,340,HND,3905,"Polymers of vinyl acetate or of other vinyl esters, in primary forms; other vinyl polymers in primary forms",N/A,0.0,5000.0
X,484,MEX,591,PAN,3905,"Polymers of vinyl acetate or of other vinyl esters, in primary forms; other vinyl polymers in primary forms",N/A,0.0,99059.0
X,484,MEX,842,USA,3905,"Polymers of vinyl acetate or of other vinyl esters, in primary forms; other vinyl polymers in primary forms",N/A,0.0,4953909.0
X,484,MEX,0,W00,3906,Acrylic polymers in primary forms,N/A,0.0,122475950.0
X,484,MEX,32,ARG,3906,Acrylic polymers in primary forms,kg,148234.0,161581.0
X,484,MEX,76,BRA,3906,Acrylic polymers in primary forms,kg,839861.0,2167907.0
X,484,MEX,124,CAN,3906,Acrylic polymers in primary forms,N/A,0.0,1001546.0
X,484,MEX,152,CHL,3906,Acrylic polymers in primary forms,N/A,0.0,4545840.0
X,484,MEX,156,CHN,3906,Acrylic polymers in primary forms,N/A,0.0,932530.0
X,484,MEX,170,COL,3906,Acrylic polymers in primary forms,N/A,0.0,7722725.0
X,484,MEX,188,CRI,3906,Acrylic polymers in primary forms,N/A,0.0,6263097.0
X,484,MEX,192,CUB,3906,Acrylic polymers in primary forms,kg,314678.0,725766.0
X,484,MEX,214,DOM,3906,Acrylic polymers in primary forms,N/A,0.0,4603496.0
X,484,MEX,218,ECU,3906,Acrylic polymers in primary forms,N/A,0.0,603848.0
X,484,MEX,222,SLV,3906,Acrylic polymers in primary forms,N/A,0.0,7393533.0
X,484,MEX,320,GTM,3906,Acrylic polymers in primary forms,N/A,0.0,6254024.0
X,484,MEX,340,HND,3906,Acrylic polymers in primary forms,N/A,0.0,1091552.0
X,484,MEX,388,JAM,3906,Acrylic polymers in primary forms,kg,96282.0,154243.0
X,484,MEX,558,NIC,3906,Acrylic polymers in primary forms,N/A,0.0,108448.0
X,484,MEX,591,PAN,3906,Acrylic polymers in primary forms,N/A,0.0,1142191.0
X,484,MEX,604,PER,3906,Acrylic polymers in primary forms,kg,519986.0,782632.0
X,484,MEX,780,TTO,3906,Acrylic polymers in primary forms,kg,174800.0,281136.0
X,484,MEX,842,USA,3906,Acrylic polymers in primary forms,N/A,0.0,76476193.0
X,484,MEX,858,URY,3906,Acrylic polymers in primary forms,kg,50138.0,63662.0
X,484,MEX,0,W00,3907,"Polyacetals, other polyethers and epoxide resins, in primary forms; polycarbonates, alkyd resins, polyallyl esters and other polyesters, in primary forms",N/A,0.0,746764478.0
X,484,MEX,32,ARG,3907,"Polyacetals, other polyethers and epoxide resins, in primary forms; polycarbonates, alkyd resins, polyallyl esters and other polyesters, in primary forms",N/A,0.0,962326.0
X,484,MEX,76,BRA,3907,"Polyacetals, other polyethers and epoxide resins, in primary forms; polycarbonates, alkyd resins, polyallyl esters and other polyesters, in primary forms",N/A,0.0,15863017.0
X,484,MEX,124,CAN,3907,"Polyacetals, other polyethers and epoxide resins, in primary forms; polycarbonates, alkyd resins, polyallyl esters and other polyesters, in primary forms",N/A,0.0,4673748.0
X,484,MEX,152,CHL,3907,"Polyacetals, other polyethers and epoxide resins, in primary forms; polycarbonates, alkyd resins, polyallyl esters and other polyesters, in primary forms",N/A,0.0,10338591.0
X,484,MEX,156,CHN,3907,"Polyacetals, other polyethers and epoxide resins, in primary forms; polycarbonates, alkyd resins, polyallyl esters and other polyesters, in primary forms",N/A,0.0,4484509.0
X,484,MEX,170,COL,3907,"Polyacetals, other polyethers and epoxide resins, in primary forms; polycarbonates, alkyd resins, polyallyl esters and other polyesters, in primary forms",N/A,0.0,36858491.0
X,484,MEX,188,CRI,3907,"Polyacetals, other polyethers and epoxide resins, in primary forms; polycarbonates, alkyd resins, polyallyl esters and other polyesters, in primary forms",N/A,0.0,2358629.0
X,484,MEX,214,DOM,3907,"Polyacetals, other polyethers and epoxide resins, in primary forms; polycarbonates, alkyd resins, polyallyl esters and other polyesters, in primary forms",N/A,0.0,12813883.0
X,484,MEX,218,ECU,3907,"Polyacetals, other polyethers and epoxide resins, in primary forms; polycarbonates, alkyd resins, polyallyl esters and other polyesters, in primary forms",N/A,0.0,2195843.0
X,484,MEX,222,SLV,3907,"Polyacetals, other polyethers and epoxide resins, in primary forms; polycarbonates, alkyd resins, polyallyl esters and other polyesters, in primary forms",N/A,0.0,32497056.0
X,484,MEX,251,FRA,3907,"Polyacetals, other polyethers and epoxide resins, in primary forms; polycarbonates, alkyd resins, polyallyl esters and other polyesters, in primary forms",N/A,0.0,6961.0
X,484,MEX,276,DEU,3907,"Polyacetals, other polyethers and epoxide resins, in primary forms; polycarbonates, alkyd resins, polyallyl esters and other polyesters, in primary forms",N/A,0.0,1173414.0
X,484,MEX,320,GTM,3907,"Polyacetals, other polyethers and epoxide resins, in primary forms; polycarbonates, alkyd resins, polyallyl esters and other polyesters, in primary forms",N/A,0.0,42204812.0
X,484,MEX,340,HND,3907,"Polyacetals, other polyethers and epoxide resins, in primary forms; polycarbonates, alkyd resins, polyallyl esters and other polyesters, in primary forms",N/A,0.0,19233405.0
X,484,MEX,344,HKG,3907,"Polyacetals, other polyethers and epoxide resins, in primary forms; polycarbonates, alkyd resins, polyallyl esters and other polyesters, in primary forms",N/A,0.0,1105014.0
X,484,MEX,380,ITA,3907,"Polyacetals, other polyethers and epoxide resins, in primary forms; polycarbonates, alkyd resins, polyallyl esters and other polyesters, in primary forms",N/A,0.0,428654.0
X,484,MEX,392,JPN,3907,"Polyacetals, other polyethers and epoxide resins, in primary forms; polycarbonates, alkyd resins, polyallyl esters and other polyesters, in primary forms",N/A,0.0,110637.0
X,484,MEX,410,KOR,3907,"Polyacetals, other polyethers and epoxide resins, in primary forms; polycarbonates, alkyd resins, polyallyl esters and other polyesters, in primary forms",N/A,0.0,1066311.0
X,484,MEX,458,MYS,3907,"Polyacetals, other polyethers and epoxide resins, in primary forms; polycarbonates, alkyd resins, polyallyl esters and other polyesters, in primary forms",N/A,0.0,249447.0
X,484,MEX,490,S19,3907,"Polyacetals, other polyethers and epoxide resins, in primary forms; polycarbonates, alkyd resins, polyallyl esters and other polyesters, in primary forms",N/A,0.0,360890.0
X,484,MEX,528,NLD,3907,"Polyacetals, other polyethers and epoxide resins, in primary forms; polycarbonates, alkyd resins, polyallyl esters and other polyesters, in primary forms",N/A,0.0,23829.0
X,484,MEX,558,NIC,3907,"Polyacetals, other polyethers and epoxide resins, in primary forms; polycarbonates, alkyd resins, polyallyl esters and other polyesters, in primary forms",N/A,0.0,165566.0
X,484,MEX,591,PAN,3907,"Polyacetals, other polyethers and epoxide resins, in primary forms; polycarbonates, alkyd resins, polyallyl esters and other polyesters, in primary forms",N/A,0.0,354391.0
X,484,MEX,604,PER,3907,"Polyacetals, other polyethers and epoxide resins, in primary forms; polycarbonates, alkyd resins, polyallyl esters and other polyesters, in primary forms",N/A,0.0,13918732.0
X,484,MEX,620,PRT,3907,"Polyacetals, other polyethers and epoxide resins, in primary forms; polycarbonates, alkyd resins, polyallyl esters and other polyesters, in primary forms",N/A,0.0,2119472.0
X,484,MEX,699,IND,3907,"Polyacetals, other polyethers and epoxide resins, in primary forms; polycarbonates, alkyd resins, polyallyl esters and other polyesters, in primary forms",N/A,0.0,147333.0
X,484,MEX,724,ESP,3907,"Polyacetals, other polyethers and epoxide resins, in primary forms; polycarbonates, alkyd resins, polyallyl esters and other polyesters, in primary forms",N/A,0.0,19760.0
X,484,MEX,764,THA,3907,"Polyacetals, other polyethers and epoxide resins, in primary forms; polycarbonates, alkyd resins, polyallyl esters and other polyesters, in primary forms",N/A,0.0,117986.0
X,484,MEX,784,ARE,3907,"Polyacetals, other polyethers and epoxide resins, in primary forms; polycarbonates, alkyd resins, polyallyl esters and other polyesters, in primary forms",N/A,0.0,209393.0
X,484,MEX,826,GBR,3907,"Polyacetals, other polyethers and epoxide resins, in primary forms; polycarbonates, alkyd resins, polyallyl esters and other polyesters, in primary forms",N/A,0.0,35823.0
X,484,MEX,842,USA,3907,"Polyacetals, other polyethers and epoxide resins, in primary forms; polycarbonates, alkyd resins, polyallyl esters and other polyesters, in primary forms",N/A,0.0,539407432.0
X,484,MEX,862,VEN,3907,"Polyacetals, other polyethers and epoxide resins, in primary forms; polycarbonates, alkyd resins, polyallyl esters and other polyesters, in primary forms",N/A,0.0,1259123.0
X,484,MEX,0,W00,3908,Polyamides in primary forms,N/A,0.0,37357184.0
X,484,MEX,76,BRA,3908,Polyamides in primary forms,N/A,0.0,1855385.0
X,484,MEX,124,CAN,3908,Polyamides in primary forms,N/A,0.0,186096.0
X,484,MEX,156,CHN,3908,Polyamides in primary forms,N/A,0.0,2549501.0
X,484,MEX,170,COL,3908,Polyamides in primary forms,kg,5600.0,14142.0
X,484,MEX,203,CZE,3908,Polyamides in primary forms,kg,9451.0,44655.0
X,484,MEX,276,DEU,3908,Polyamides in primary forms,N/A,0.0,13157.0
X,484,MEX,320,GTM,3908,Polyamides in primary forms,kg,2324.0,14171.0
X,484,MEX,344,HKG,3908,Polyamides in primary forms,N/A,0.0,483068.0
X,484,MEX,380,ITA,3908,Polyamides in primary forms,N/A,0.0,16930.0
X,484,MEX,392,JPN,3908,Polyamides in primary forms,N/A,0.0,365635.0
X,484,MEX,410,KOR,3908,Polyamides in primary forms,N/A,0.0,1231453.0
X,484,MEX,458,MYS,3908,Polyamides in primary forms,N/A,0.0,153957.0
X,484,MEX,490,S19,3908,Polyamides in primary forms,N/A,0.0,103456.0
X,484,MEX,699,IND,3908,Polyamides in primary forms,N/A,0.0,76518.0
X,484,MEX,764,THA,3908,Polyamides in primary forms,N/A,0.0,675542.0
X,484,MEX,842,USA,3908,Polyamides in primary forms,N/A,0.0,29573518.0
X,484,MEX,0,W00,3909,"Amino-resins, phenolic resins and polyurethanes, in primary forms",N/A,0.0,48358254.0
X,484,MEX,32,ARG,3909,"Amino-resins, phenolic resins and polyurethanes, in primary forms",N/A,0.0,1842036.0
X,484,MEX,76,BRA,3909,"Amino-resins, phenolic resins and polyurethanes, in primary forms",N/A,0.0,781670.0
X,484,MEX,152,CHL,3909,"Amino-resins, phenolic resins and polyurethanes, in primary forms",N/A,0.0,155722.0
X,484,MEX,156,CHN,3909,"Amino-resins, phenolic resins and polyurethanes, in primary forms",N/A,0.0,2734980.0
X,484,MEX,170,COL,3909,"Amino-resins, phenolic resins and polyurethanes, in primary forms",N/A,0.0,3240494.0
X,484,MEX,188,CRI,3909,"Amino-resins, phenolic resins and polyurethanes, in primary forms",N/A,0.0,804883.0
X,484,MEX,214,DOM,3909,"Amino-resins, phenolic resins and polyurethanes, in primary forms",N/A,0.0,341116.0
X,484,MEX,218,ECU,3909,"Amino-resins, phenolic resins and polyurethanes, in primary forms",N/A,0.0,272440.0
X,484,MEX,222,SLV,3909,"Amino-resins, phenolic resins and polyurethanes, in primary forms",N/A,0.0,1126193.0
X,484,MEX,276,DEU,3909,"Amino-resins, phenolic resins and polyurethanes, in primary forms",N/A,0.0,221750.0
X,484,MEX,320,GTM,3909,"Amino-resins, phenolic resins and polyurethanes, in primary forms",N/A,0.0,3563285.0
X,484,MEX,340,HND,3909,"Amino-resins, phenolic resins and polyurethanes, in primary forms",kg,32144.0,207238.0
X,484,MEX,392,JPN,3909,"Amino-resins, phenolic resins and polyurethanes, in primary forms",kg,13744.0,86262.0
X,484,MEX,558,NIC,3909,"Amino-resins, phenolic resins and polyurethanes, in primary forms",N/A,0.0,45639.0
X,484,MEX,591,PAN,3909,"Amino-resins, phenolic resins and polyurethanes, in primary forms",kg,12733.0,28368.0
X,484,MEX,604,PER,3909,"Amino-resins, phenolic resins and polyurethanes, in primary forms",N/A,0.0,1421077.0
X,484,MEX,699,IND,3909,"Amino-resins, phenolic resins and polyurethanes, in primary forms",kg,18143.0,95768.0
X,484,MEX,842,USA,3909,"Amino-resins, phenolic resins and polyurethanes, in primary forms",N/A,0.0,31389333.0
X,484,MEX,0,W00,3910,Silicones in primary forms,kg,1940448.626,22716546.0
X,484,MEX,76,BRA,3910,Silicones in primary forms,kg,11589.0,90672.0
X,484,MEX,84,BLZ,3910,Silicones in primary forms,kg,291.0,1616.0
X,484,MEX,124,CAN,3910,Silicones in primary forms,kg,9004.613,70432.0
X,484,MEX,156,CHN,3910,Silicones in primary forms,kg,677255.159,7933443.0
X,484,MEX,170,COL,3910,Silicones in primary forms,kg,31283.0,220671.0
X,484,MEX,188,CRI,3910,Silicones in primary forms,kg,82816.0,215031.0
X,484,MEX,192,CUB,3910,Silicones in primary forms,kg,105872.0,288492.0
X,484,MEX,214,DOM,3910,Silicones in primary forms,kg,511.0,2334.0
X,484,MEX,222,SLV,3910,Silicones in primary forms,kg,4748.427,34604.0
X,484,MEX,251,FRA,3910,Silicones in primary forms,kg,33402.427,67319.0
X,484,MEX,276,DEU,3910,Silicones in primary forms,kg,4265.0,28413.0
X,484,MEX,320,GTM,3910,Silicones in primary forms,kg,152510.0,795989.0
X,484,MEX,340,HND,3910,Silicones in primary forms,kg,178573.0,1049242.0
X,484,MEX,591,PAN,3910,Silicones in primary forms,kg,840.0,10019.0
X,484,MEX,842,USA,3910,Silicones in primary forms,kg,647488.0,11908269.0
X,484,MEX,0,W00,3911,"Petroleum resins, coumarone-indene resins, polyterpenes, polysulphides, polysulphones and similar products of chemical synthesis n.e.c. in chapter 39, in primary forms",N/A,0.0,16729798.0
X,484,MEX,76,BRA,3911,"Petroleum resins, coumarone-indene resins, polyterpenes, polysulphides, polysulphones and similar products of chemical synthesis n.e.c. in chapter 39, in primary forms",N/A,0.0,6393140.0
X,484,MEX,170,COL,3911,"Petroleum resins, coumarone-indene resins, polyterpenes, polysulphides, polysulphones and similar products of chemical synthesis n.e.c. in chapter 39, in primary forms",kg,56487.0,63397.0
X,484,MEX,320,GTM,3911,"Petroleum resins, coumarone-indene resins, polyterpenes, polysulphides, polysulphones and similar products of chemical synthesis n.e.c. in chapter 39, in primary forms",N/A,0.0,332512.0
X,484,MEX,528,NLD,3911,"Petroleum resins, coumarone-indene resins, polyterpenes, polysulphides, polysulphones and similar products of chemical synthesis n.e.c. in chapter 39, in primary forms",N/A,0.0,819366.0
X,484,MEX,842,USA,3911,"Petroleum resins, coumarone-indene resins, polyterpenes, polysulphides, polysulphones and similar products of chemical synthesis n.e.c. in chapter 39, in primary forms",N/A,0.0,9121383.0
X,484,MEX,0,W00,3912,"Cellulose and its chemical derivatives, n.e.c. or included, in primary forms",N/A,0.0,20512246.0
X,484,MEX,170,COL,3912,"Cellulose and its chemical derivatives, n.e.c. or included, in primary forms",N/A,0.0,248176.0
X,484,MEX,188,CRI,3912,"Cellulose and its chemical derivatives, n.e.c. or included, in primary forms",N/A,0.0,308513.0
X,484,MEX,222,SLV,3912,"Cellulose and its chemical derivatives, n.e.c. or included, in primary forms",N/A,0.0,405518.0
X,484,MEX,320,GTM,3912,"Cellulose and its chemical derivatives, n.e.c. or included, in primary forms",N/A,0.0,1175552.0
X,484,MEX,340,HND,3912,"Cellulose and its chemical derivatives, n.e.c. or included, in primary forms",N/A,0.0,74352.0
X,484,MEX,591,PAN,3912,"Cellulose and its chemical derivatives, n.e.c. or included, in primary forms",N/A,0.0,31337.0
X,484,MEX,604,PER,3912,"Cellulose and its chemical derivatives, n.e.c. or included, in primary forms",N/A,0.0,613570.0
X,484,MEX,842,USA,3912,"Cellulose and its chemical derivatives, n.e.c. or included, in primary forms",N/A,0.0,17655228.0
X,484,MEX,0,W00,3913,"Natural polymers (e.g. alginic acid) and modified natural polymers (e.g. hardened proteins, chemical derivatives of natural rubber), n.e.c. or included, in primary forms",N/A,0.0,1294886.0
X,484,MEX,170,COL,3913,"Natural polymers (e.g. alginic acid) and modified natural polymers (e.g. hardened proteins, chemical derivatives of natural rubber), n.e.c. or included, in primary forms",N/A,0.0,15190.0
X,484,MEX,188,CRI,3913,"Natural polymers (e.g. alginic acid) and modified natural polymers (e.g. hardened proteins, chemical derivatives of natural rubber), n.e.c. or included, in primary forms",N/A,0.0,49896.0
X,484,MEX,320,GTM,3913,"Natural polymers (e.g. alginic acid) and modified natural polymers (e.g. hardened proteins, chemical derivatives of natural rubber), n.e.c. or included, in primary forms",N/A,0.0,98034.0
X,484,MEX,842,USA,3913,"Natural polymers (e.g. alginic acid) and modified natural polymers (e.g. hardened proteins, chemical derivatives of natural rubber), n.e.c. or included, in primary forms",N/A,0.0,1131766.0
X,484,MEX,0,W00,3914,"Ion-exchangers; based on polymers of heading no. 3901 to 3913, in primary forms",kg,230122.0,692257.0
X,484,MEX,842,USA,3914,"Ion-exchangers; based on polymers of heading no. 3901 to 3913, in primary forms",kg,230122.0,692257.0
X,484,MEX,0,W00,3915,"Waste, parings and scrap, of plastics",N/A,0.0,150856196.0
X,484,MEX,124,CAN,3915,"Waste, parings and scrap, of plastics",N/A,0.0,311418.0
X,484,MEX,156,CHN,3915,"Waste, parings and scrap, of plastics",N/A,0.0,1569652.0
X,484,MEX,218,ECU,3915,"Waste, parings and scrap, of plastics",kg,64351.0,73492.0
X,484,MEX,344,HKG,3915,"Waste, parings and scrap, of plastics",N/A,0.0,9695530.0
X,484,MEX,380,ITA,3915,"Waste, parings and scrap, of plastics",kg,148920.0,127926.0
X,484,MEX,410,KOR,3915,"Waste, parings and scrap, of plastics",N/A,0.0,1470822.0
X,484,MEX,458,MYS,3915,"Waste, parings and scrap, of plastics",N/A,0.0,5953622.0
X,484,MEX,490,S19,3915,"Waste, parings and scrap, of plastics",N/A,0.0,2592963.0
X,484,MEX,699,IND,3915,"Waste, parings and scrap, of plastics",N/A,0.0,121131.0
X,484,MEX,764,THA,3915,"Waste, parings and scrap, of plastics",kg,3312857.0,1476087.0
X,484,MEX,842,USA,3915,"Waste, parings and scrap, of plastics",N/A,0.0,127463553.0
X,484,MEX,0,W00,3916,"Monofilament of which any cross-sectional dimension exceeds 1mm, rods, sticks and profile shapes, whether or not surface-worked but not otherwise worked, of plastics",N/A,0.0,27713835.0
X,484,MEX,32,ARG,3916,"Monofilament of which any cross-sectional dimension exceeds 1mm, rods, sticks and profile shapes, whether or not surface-worked but not otherwise worked, of plastics",N/A,0.0,191149.0
X,484,MEX,84,BLZ,3916,"Monofilament of which any cross-sectional dimension exceeds 1mm, rods, sticks and profile shapes, whether or not surface-worked but not otherwise worked, of plastics",kg,293.0,7880.0
X,484,MEX,124,CAN,3916,"Monofilament of which any cross-sectional dimension exceeds 1mm, rods, sticks and profile shapes, whether or not surface-worked but not otherwise worked, of plastics",N/A,0.0,1613122.0
X,484,MEX,152,CHL,3916,"Monofilament of which any cross-sectional dimension exceeds 1mm, rods, sticks and profile shapes, whether or not surface-worked but not otherwise worked, of plastics",N/A,0.0,304761.0
X,484,MEX,170,COL,3916,"Monofilament of which any cross-sectional dimension exceeds 1mm, rods, sticks and profile shapes, whether or not surface-worked but not otherwise worked, of plastics",N/A,0.0,515325.0
X,484,MEX,188,CRI,3916,"Monofilament of which any cross-sectional dimension exceeds 1mm, rods, sticks and profile shapes, whether or not surface-worked but not otherwise worked, of plastics",N/A,0.0,762268.0
X,484,MEX,192,CUB,3916,"Monofilament of which any cross-sectional dimension exceeds 1mm, rods, sticks and profile shapes, whether or not surface-worked but not otherwise worked, of plastics",N/A,0.0,800.0
X,484,MEX,214,DOM,3916,"Monofilament of which any cross-sectional dimension exceeds 1mm, rods, sticks and profile shapes, whether or not surface-worked but not otherwise worked, of plastics",N/A,0.0,356802.0
X,484,MEX,218,ECU,3916,"Monofilament of which any cross-sectional dimension exceeds 1mm, rods, sticks and profile shapes, whether or not surface-worked but not otherwise worked, of plastics",N/A,0.0,40409.0
X,484,MEX,222,SLV,3916,"Monofilament of which any cross-sectional dimension exceeds 1mm, rods, sticks and profile shapes, whether or not surface-worked but not otherwise worked, of plastics",N/A,0.0,398905.0
X,484,MEX,320,GTM,3916,"Monofilament of which any cross-sectional dimension exceeds 1mm, rods, sticks and profile shapes, whether or not surface-worked but not otherwise worked, of plastics",N/A,0.0,1438623.0
X,484,MEX,340,HND,3916,"Monofilament of which any cross-sectional dimension exceeds 1mm, rods, sticks and profile shapes, whether or not surface-worked but not otherwise worked, of plastics",N/A,0.0,296900.0
X,484,MEX,558,NIC,3916,"Monofilament of which any cross-sectional dimension exceeds 1mm, rods, sticks and profile shapes, whether or not surface-worked but not otherwise worked, of plastics",N/A,0.0,241403.0
X,484,MEX,591,PAN,3916,"Monofilament of which any cross-sectional dimension exceeds 1mm, rods, sticks and profile shapes, whether or not surface-worked but not otherwise worked, of plastics",N/A,0.0,46860.0
X,484,MEX,604,PER,3916,"Monofilament of which any cross-sectional dimension exceeds 1mm, rods, sticks and profile shapes, whether or not surface-worked but not otherwise worked, of plastics",N/A,0.0,90051.0
X,484,MEX,842,USA,3916,"Monofilament of which any cross-sectional dimension exceeds 1mm, rods, sticks and profile shapes, whether or not surface-worked but not otherwise worked, of plastics",N/A,0.0,21408577.0
X,484,MEX,0,W00,3917,"Tubes, pipes and hoses and fittings thereof (for example, joints, elbows, flanges), of plastics",N/A,0.0,780169100.0
X,484,MEX,32,ARG,3917,"Tubes, pipes and hoses and fittings thereof (for example, joints, elbows, flanges), of plastics",N/A,0.0,842794.0
X,484,MEX,36,AUS,3917,"Tubes, pipes and hoses and fittings thereof (for example, joints, elbows, flanges), of plastics",N/A,0.0,290746.0
X,484,MEX,52,BRB,3917,"Tubes, pipes and hoses and fittings thereof (for example, joints, elbows, flanges), of plastics",N/A,0.0,111327.0
X,484,MEX,56,BEL,3917,"Tubes, pipes and hoses and fittings thereof (for example, joints, elbows, flanges), of plastics",N/A,0.0,1042319.0
X,484,MEX,68,BOL,3917,"Tubes, pipes and hoses and fittings thereof (for example, joints, elbows, flanges), of plastics",N/A,0.0,93327.0
X,484,MEX,76,BRA,3917,"Tubes, pipes and hoses and fittings thereof (for example, joints, elbows, flanges), of plastics",N/A,0.0,2386456.0
X,484,MEX,84,BLZ,3917,"Tubes, pipes and hoses and fittings thereof (for example, joints, elbows, flanges), of plastics",N/A,0.0,735835.0
X,484,MEX,124,CAN,3917,"Tubes, pipes and hoses and fittings thereof (for example, joints, elbows, flanges), of plastics",N/A,0.0,13669831.0
X,484,MEX,152,CHL,3917,"Tubes, pipes and hoses and fittings thereof (for example, joints, elbows, flanges), of plastics",N/A,0.0,3181749.0
X,484,MEX,156,CHN,3917,"Tubes, pipes and hoses and fittings thereof (for example, joints, elbows, flanges), of plastics",N/A,0.0,2606030.0
X,484,MEX,170,COL,3917,"Tubes, pipes and hoses and fittings thereof (for example, joints, elbows, flanges), of plastics",N/A,0.0,9675711.0
X,484,MEX,188,CRI,3917,"Tubes, pipes and hoses and fittings thereof (for example, joints, elbows, flanges), of plastics",N/A,0.0,12295179.0
X,484,MEX,192,CUB,3917,"Tubes, pipes and hoses and fittings thereof (for example, joints, elbows, flanges), of plastics",N/A,0.0,3596404.0
X,484,MEX,203,CZE,3917,"Tubes, pipes and hoses and fittings thereof (for example, joints, elbows, flanges), of plastics",N/A,0.0,339098.0
X,484,MEX,214,DOM,3917,"Tubes, pipes and hoses and fittings thereof (for example, joints, elbows, flanges), of plastics",N/A,0.0,11344860.0
X,484,MEX,218,ECU,3917,"Tubes, pipes and hoses and fittings thereof (for example, joints, elbows, flanges), of plastics",N/A,0.0,1491160.0
X,484,MEX,222,SLV,3917,"Tubes, pipes and hoses and fittings thereof (for example, joints, elbows, flanges), of plastics",N/A,0.0,3679237.0
X,484,MEX,251,FRA,3917,"Tubes, pipes and hoses and fittings thereof (for example, joints, elbows, flanges), of plastics",N/A,0.0,1047726.0
X,484,MEX,276,DEU,3917,"Tubes, pipes and hoses and fittings thereof (for example, joints, elbows, flanges), of plastics",N/A,0.0,1017622.0
X,484,MEX,320,GTM,3917,"Tubes, pipes and hoses and fittings thereof (for example, joints, elbows, flanges), of plastics",N/A,0.0,17304649.0
X,484,MEX,332,HTI,3917,"Tubes, pipes and hoses and fittings thereof (for example, joints, elbows, flanges), of plastics",N/A,0.0,166449.0
X,484,MEX,340,HND,3917,"Tubes, pipes and hoses and fittings thereof (for example, joints, elbows, flanges), of plastics",N/A,0.0,6825743.0
X,484,MEX,344,HKG,3917,"Tubes, pipes and hoses and fittings thereof (for example, joints, elbows, flanges), of plastics",N/A,0.0,166825.0
X,484,MEX,348,HUN,3917,"Tubes, pipes and hoses and fittings thereof (for example, joints, elbows, flanges), of plastics",N/A,0.0,173113.0
X,484,MEX,376,ISR,3917,"Tubes, pipes and hoses and fittings thereof (for example, joints, elbows, flanges), of plastics",N/A,0.0,135183.0
X,484,MEX,380,ITA,3917,"Tubes, pipes and hoses and fittings thereof (for example, joints, elbows, flanges), of plastics",N/A,0.0,519530.0
X,484,MEX,388,JAM,3917,"Tubes, pipes and hoses and fittings thereof (for example, joints, elbows, flanges), of plastics",N/A,0.0,191416.0
X,484,MEX,392,JPN,3917,"Tubes, pipes and hoses and fittings thereof (for example, joints, elbows, flanges), of plastics",N/A,0.0,361901.0
X,484,MEX,410,KOR,3917,"Tubes, pipes and hoses and fittings thereof (for example, joints, elbows, flanges), of plastics",N/A,0.0,302923.0
X,484,MEX,458,MYS,3917,"Tubes, pipes and hoses and fittings thereof (for example, joints, elbows, flanges), of plastics",N/A,0.0,16131.0
X,484,MEX,490,S19,3917,"Tubes, pipes and hoses and fittings thereof (for example, joints, elbows, flanges), of plastics",N/A,0.0,35.0
X,484,MEX,528,NLD,3917,"Tubes, pipes and hoses and fittings thereof (for example, joints, elbows, flanges), of plastics",N/A,0.0,604714.0
X,484,MEX,558,NIC,3917,"Tubes, pipes and hoses and fittings thereof (for example, joints, elbows, flanges), of plastics",N/A,0.0,2414452.0
X,484,MEX,591,PAN,3917,"Tubes, pipes and hoses and fittings thereof (for example, joints, elbows, flanges), of plastics",N/A,0.0,5040395.0
X,484,MEX,600,PRY,3917,"Tubes, pipes and hoses and fittings thereof (for example, joints, elbows, flanges), of plastics",N/A,0.0,39541.0
X,484,MEX,604,PER,3917,"Tubes, pipes and hoses and fittings thereof (for example, joints, elbows, flanges), of plastics",N/A,0.0,7366596.0
X,484,MEX,608,PHL,3917,"Tubes, pipes and hoses and fittings thereof (for example, joints, elbows, flanges), of plastics",N/A,0.0,104766.0
X,484,MEX,616,POL,3917,"Tubes, pipes and hoses and fittings thereof (for example, joints, elbows, flanges), of plastics",N/A,0.0,640006.0
X,484,MEX,642,ROU,3917,"Tubes, pipes and hoses and fittings thereof (for example, joints, elbows, flanges), of plastics",N/A,0.0,7056.0
X,484,MEX,699,IND,3917,"Tubes, pipes and hoses and fittings thereof (for example, joints, elbows, flanges), of plastics",N/A,0.0,38402.0
X,484,MEX,702,SGP,3917,"Tubes, pipes and hoses and fittings thereof (for example, joints, elbows, flanges), of plastics",N/A,0.0,8858.0
X,484,MEX,724,ESP,3917,"Tubes, pipes and hoses and fittings thereof (for example, joints, elbows, flanges), of plastics",N/A,0.0,486021.0
X,484,MEX,752,SWE,3917,"Tubes, pipes and hoses and fittings thereof (for example, joints, elbows, flanges), of plastics",N/A,0.0,12193.0
X,484,MEX,764,THA,3917,"Tubes, pipes and hoses and fittings thereof (for example, joints, elbows, flanges), of plastics",N/A,0.0,68651.0
X,484,MEX,780,TTO,3917,"Tubes, pipes and hoses and fittings thereof (for example, joints, elbows, flanges), of plastics",N/A,0.0,840245.0
X,484,MEX,784,ARE,3917,"Tubes, pipes and hoses and fittings thereof (for example, joints, elbows, flanges), of plastics",N/A,0.0,567.0
X,484,MEX,792,TUR,3917,"Tubes, pipes and hoses and fittings thereof (for example, joints, elbows, flanges), of plastics",N/A,0.0,166088.0
X,484,MEX,826,GBR,3917,"Tubes, pipes and hoses and fittings thereof (for example, joints, elbows, flanges), of plastics",N/A,0.0,125630.0
X,484,MEX,842,USA,3917,"Tubes, pipes and hoses and fittings thereof (for example, joints, elbows, flanges), of plastics",N/A,0.0,663746811.0
X,484,MEX,858,URY,3917,"Tubes, pipes and hoses and fittings thereof (for example, joints, elbows, flanges), of plastics",N/A,0.0,876307.0
X,484,MEX,862,VEN,3917,"Tubes, pipes and hoses and fittings thereof (for example, joints, elbows, flanges), of plastics",N/A,0.0,1970492.0
X,484,MEX,0,W00,3918,"Floor coverings of plastics, self-adhesive or not, in rolls or tiles; wall or ceiling coverings of plastics, in rolls of a width not less than 45cm",N/A,0.0,5467275.0
X,484,MEX,192,CUB,3918,"Floor coverings of plastics, self-adhesive or not, in rolls or tiles; wall or ceiling coverings of plastics, in rolls of a width not less than 45cm",N/A,0.0,311.0
X,484,MEX,222,SLV,3918,"Floor coverings of plastics, self-adhesive or not, in rolls or tiles; wall or ceiling coverings of plastics, in rolls of a width not less than 45cm",N/A,0.0,60638.0
X,484,MEX,320,GTM,3918,"Floor coverings of plastics, self-adhesive or not, in rolls or tiles; wall or ceiling coverings of plastics, in rolls of a width not less than 45cm",N/A,0.0,312278.0
X,484,MEX,340,HND,3918,"Floor coverings of plastics, self-adhesive or not, in rolls or tiles; wall or ceiling coverings of plastics, in rolls of a width not less than 45cm",N/A,0.0,14652.0
X,484,MEX,842,USA,3918,"Floor coverings of plastics, self-adhesive or not, in rolls or tiles; wall or ceiling coverings of plastics, in rolls of a width not less than 45cm",kg,4878008.0,5079396.0
X,484,MEX,0,W00,3919,"Self-adhesive plates, sheets, film, foil, tape, strip and other flat shapes, of plastics, whether or not in rolls",N/A,0.0,238709787.0
X,484,MEX,32,ARG,3919,"Self-adhesive plates, sheets, film, foil, tape, strip and other flat shapes, of plastics, whether or not in rolls",N/A,0.0,2321849.0
X,484,MEX,36,AUS,3919,"Self-adhesive plates, sheets, film, foil, tape, strip and other flat shapes, of plastics, whether or not in rolls",N/A,0.0,4274.0
X,484,MEX,52,BRB,3919,"Self-adhesive plates, sheets, film, foil, tape, strip and other flat shapes, of plastics, whether or not in rolls",N/A,0.0,2255.0
X,484,MEX,56,BEL,3919,"Self-adhesive plates, sheets, film, foil, tape, strip and other flat shapes, of plastics, whether or not in rolls",N/A,0.0,400889.0
X,484,MEX,68,BOL,3919,"Self-adhesive plates, sheets, film, foil, tape, strip and other flat shapes, of plastics, whether or not in rolls",N/A,0.0,108184.0
X,484,MEX,76,BRA,3919,"Self-adhesive plates, sheets, film, foil, tape, strip and other flat shapes, of plastics, whether or not in rolls",N/A,0.0,3020305.0
X,484,MEX,84,BLZ,3919,"Self-adhesive plates, sheets, film, foil, tape, strip and other flat shapes, of plastics, whether or not in rolls",N/A,0.0,48981.0
X,484,MEX,124,CAN,3919,"Self-adhesive plates, sheets, film, foil, tape, strip and other flat shapes, of plastics, whether or not in rolls",N/A,0.0,948065.0
X,484,MEX,152,CHL,3919,"Self-adhesive plates, sheets, film, foil, tape, strip and other flat shapes, of plastics, whether or not in rolls",kg,488269.746,4730082.0
X,484,MEX,156,CHN,3919,"Self-adhesive plates, sheets, film, foil, tape, strip and other flat shapes, of plastics, whether or not in rolls",N/A,0.0,1071749.0
X,484,MEX,170,COL,3919,"Self-adhesive plates, sheets, film, foil, tape, strip and other flat shapes, of plastics, whether or not in rolls",N/A,0.0,4899610.0
X,484,MEX,188,CRI,3919,"Self-adhesive plates, sheets, film, foil, tape, strip and other flat shapes, of plastics, whether or not in rolls",kg,283700.102,2266352.0
X,484,MEX,192,CUB,3919,"Self-adhesive plates, sheets, film, foil, tape, strip and other flat shapes, of plastics, whether or not in rolls",N/A,0.0,83826.0
X,484,MEX,203,CZE,3919,"Self-adhesive plates, sheets, film, foil, tape, strip and other flat shapes, of plastics, whether or not in rolls",N/A,0.0,60883.0
X,484,MEX,208,DNK,3919,"Self-adhesive plates, sheets, film, foil, tape, strip and other flat shapes, of plastics, whether or not in rolls",N/A,0.0,17.0
X,484,MEX,214,DOM,3919,"Self-adhesive plates, sheets, film, foil, tape, strip and other flat shapes, of plastics, whether or not in rolls",N/A,0.0,849232.0
X,484,MEX,218,ECU,3919,"Self-adhesive plates, sheets, film, foil, tape, strip and other flat shapes, of plastics, whether or not in rolls",N/A,0.0,365687.0
X,484,MEX,222,SLV,3919,"Self-adhesive plates, sheets, film, foil, tape, strip and other flat shapes, of plastics, whether or not in rolls",N/A,0.0,2492514.0
X,484,MEX,251,FRA,3919,"Self-adhesive plates, sheets, film, foil, tape, strip and other flat shapes, of plastics, whether or not in rolls",N/A,0.0,457299.0
X,484,MEX,276,DEU,3919,"Self-adhesive plates, sheets, film, foil, tape, strip and other flat shapes, of plastics, whether or not in rolls",N/A,0.0,1406009.0
X,484,MEX,320,GTM,3919,"Self-adhesive plates, sheets, film, foil, tape, strip and other flat shapes, of plastics, whether or not in rolls",N/A,0.0,2381256.0
X,484,MEX,332,HTI,3919,"Self-adhesive plates, sheets, film, foil, tape, strip and other flat shapes, of plastics, whether or not in rolls",N/A,0.0,4698.0
X,484,MEX,340,HND,3919,"Self-adhesive plates, sheets, film, foil, tape, strip and other flat shapes, of plastics, whether or not in rolls",N/A,0.0,3456380.0
X,484,MEX,344,HKG,3919,"Self-adhesive plates, sheets, film, foil, tape, strip and other flat shapes, of plastics, whether or not in rolls",N/A,0.0,293020.0
X,484,MEX,348,HUN,3919,"Self-adhesive plates, sheets, film, foil, tape, strip and other flat shapes, of plastics, whether or not in rolls",N/A,0.0,302836.0
X,484,MEX,376,ISR,3919,"Self-adhesive plates, sheets, film, foil, tape, strip and other flat shapes, of plastics, whether or not in rolls",N/A,0.0,1303.0
X,484,MEX,380,ITA,3919,"Self-adhesive plates, sheets, film, foil, tape, strip and other flat shapes, of plastics, whether or not in rolls",N/A,0.0,77034.0
X,484,MEX,388,JAM,3919,"Self-adhesive plates, sheets, film, foil, tape, strip and other flat shapes, of plastics, whether or not in rolls",N/A,0.0,27698.0
X,484,MEX,392,JPN,3919,"Self-adhesive plates, sheets, film, foil, tape, strip and other flat shapes, of plastics, whether or not in rolls",N/A,0.0,97543.0
X,484,MEX,410,KOR,3919,"Self-adhesive plates, sheets, film, foil, tape, strip and other flat shapes, of plastics, whether or not in rolls",N/A,0.0,112939.0
X,484,MEX,458,MYS,3919,"Self-adhesive plates, sheets, film, foil, tape, strip and other flat shapes, of plastics, whether or not in rolls",N/A,0.0,164290.0
X,484,MEX,490,S19,3919,"Self-adhesive plates, sheets, film, foil, tape, strip and other flat shapes, of plastics, whether or not in rolls",N/A,0.0,325512.0
X,484,MEX,528,NLD,3919,"Self-adhesive plates, sheets, film, foil, tape, strip and other flat shapes, of plastics, whether or not in rolls",N/A,0.0,139198.0
X,484,MEX,554,NZL,3919,"Self-adhesive plates, sheets, film, foil, tape, strip and other flat shapes, of plastics, whether or not in rolls",N/A,0.0,589.0
X,484,MEX,558,NIC,3919,"Self-adhesive plates, sheets, film, foil, tape, strip and other flat shapes, of plastics, whether or not in rolls",N/A,0.0,5150380.0
X,484,MEX,591,PAN,3919,"Self-adhesive plates, sheets, film, foil, tape, strip and other flat shapes, of plastics, whether or not in rolls",N/A,0.0,686740.0
X,484,MEX,600,PRY,3919,"Self-adhesive plates, sheets, film, foil, tape, strip and other flat shapes, of plastics, whether or not in rolls",N/A,0.0,127026.0
X,484,MEX,604,PER,3919,"Self-adhesive plates, sheets, film, foil, tape, strip and other flat shapes, of plastics, whether or not in rolls",N/A,0.0,3891821.0
X,484,MEX,608,PHL,3919,"Self-adhesive plates, sheets, film, foil, tape, strip and other flat shapes, of plastics, whether or not in rolls",N/A,0.0,6933.0
X,484,MEX,616,POL,3919,"Self-adhesive plates, sheets, film, foil, tape, strip and other flat shapes, of plastics, whether or not in rolls",N/A,0.0,128102.0
X,484,MEX,642,ROU,3919,"Self-adhesive plates, sheets, film, foil, tape, strip and other flat shapes, of plastics, whether or not in rolls",N/A,0.0,10945.0
X,484,MEX,682,SAU,3919,"Self-adhesive plates, sheets, film, foil, tape, strip and other flat shapes, of plastics, whether or not in rolls",N/A,0.0,4248.0
X,484,MEX,699,IND,3919,"Self-adhesive plates, sheets, film, foil, tape, strip and other flat shapes, of plastics, whether or not in rolls",N/A,0.0,592494.0
X,484,MEX,702,SGP,3919,"Self-adhesive plates, sheets, film, foil, tape, strip and other flat shapes, of plastics, whether or not in rolls",N/A,0.0,264558.0
X,484,MEX,703,SVK,3919,"Self-adhesive plates, sheets, film, foil, tape, strip and other flat shapes, of plastics, whether or not in rolls",kg,46.0,9273.0
X,484,MEX,704,VNM,3919,"Self-adhesive plates, sheets, film, foil, tape, strip and other flat shapes, of plastics, whether or not in rolls",N/A,0.0,39047.0
X,484,MEX,710,ZAF,3919,"Self-adhesive plates, sheets, film, foil, tape, strip and other flat shapes, of plastics, whether or not in rolls",N/A,0.0,64873.0
X,484,MEX,724,ESP,3919,"Self-adhesive plates, sheets, film, foil, tape, strip and other flat shapes, of plastics, whether or not in rolls",N/A,0.0,23248.0
X,484,MEX,752,SWE,3919,"Self-adhesive plates, sheets, film, foil, tape, strip and other flat shapes, of plastics, whether or not in rolls",N/A,0.0,140.0
X,484,MEX,757,CHE,3919,"Self-adhesive plates, sheets, film, foil, tape, strip and other flat shapes, of plastics, whether or not in rolls",N/A,0.0,6464.0
X,484,MEX,764,THA,3919,"Self-adhesive plates, sheets, film, foil, tape, strip and other flat shapes, of plastics, whether or not in rolls",N/A,0.0,26370.0
X,484,MEX,780,TTO,3919,"Self-adhesive plates, sheets, film, foil, tape, strip and other flat shapes, of plastics, whether or not in rolls",N/A,0.0,25036.0
X,484,MEX,784,ARE,3919,"Self-adhesive plates, sheets, film, foil, tape, strip and other flat shapes, of plastics, whether or not in rolls",N/A,0.0,2313.0
X,484,MEX,792,TUR,3919,"Self-adhesive plates, sheets, film, foil, tape, strip and other flat shapes, of plastics, whether or not in rolls",N/A,0.0,523.0
X,484,MEX,826,GBR,3919,"Self-adhesive plates, sheets, film, foil, tape, strip and other flat shapes, of plastics, whether or not in rolls",N/A,0.0,201474.0
X,484,MEX,842,USA,3919,"Self-adhesive plates, sheets, film, foil, tape, strip and other flat shapes, of plastics, whether or not in rolls",N/A,0.0,194259817.0
X,484,MEX,858,URY,3919,"Self-adhesive plates, sheets, film, foil, tape, strip and other flat shapes, of plastics, whether or not in rolls",N/A,0.0,36783.0
X,484,MEX,862,VEN,3919,"Self-adhesive plates, sheets, film, foil, tape, strip and other flat shapes, of plastics, whether or not in rolls",N/A,0.0,228821.0
X,484,MEX,0,W00,3920,"Plastics; plates, sheets, film, foil and strip (not self-adhesive); non-cellular and not reinforced, laminated, supported or similarly combined with other materials, n.e.c. in chapter 39",N/A,0.0,991344279.0
X,484,MEX,32,ARG,3920,"Plastics; plates, sheets, film, foil and strip (not self-adhesive); non-cellular and not reinforced, laminated, supported or similarly combined with other materials, n.e.c. in chapter 39",N/A,0.0,10073715.0
X,484,MEX,56,BEL,3920,"Plastics; plates, sheets, film, foil and strip (not self-adhesive); non-cellular and not reinforced, laminated, supported or similarly combined with other materials, n.e.c. in chapter 39",N/A,0.0,5677096.0
X,484,MEX,68,BOL,3920,"Plastics; plates, sheets, film, foil and strip (not self-adhesive); non-cellular and not reinforced, laminated, supported or similarly combined with other materials, n.e.c. in chapter 39",N/A,0.0,142918.0
X,484,MEX,76,BRA,3920,"Plastics; plates, sheets, film, foil and strip (not self-adhesive); non-cellular and not reinforced, laminated, supported or similarly combined with other materials, n.e.c. in chapter 39",N/A,0.0,11816142.0
X,484,MEX,84,BLZ,3920,"Plastics; plates, sheets, film, foil and strip (not self-adhesive); non-cellular and not reinforced, laminated, supported or similarly combined with other materials, n.e.c. in chapter 39",N/A,0.0,356263.0
X,484,MEX,124,CAN,3920,"Plastics; plates, sheets, film, foil and strip (not self-adhesive); non-cellular and not reinforced, laminated, supported or similarly combined with other materials, n.e.c. in chapter 39",N/A,0.0,25890497.0
X,484,MEX,152,CHL,3920,"Plastics; plates, sheets, film, foil and strip (not self-adhesive); non-cellular and not reinforced, laminated, supported or similarly combined with other materials, n.e.c. in chapter 39",N/A,0.0,11692959.0
X,484,MEX,156,CHN,3920,"Plastics; plates, sheets, film, foil and strip (not self-adhesive); non-cellular and not reinforced, laminated, supported or similarly combined with other materials, n.e.c. in chapter 39",N/A,0.0,8452748.0
X,484,MEX,170,COL,3920,"Plastics; plates, sheets, film, foil and strip (not self-adhesive); non-cellular and not reinforced, laminated, supported or similarly combined with other materials, n.e.c. in chapter 39",N/A,0.0,23273012.0
X,484,MEX,188,CRI,3920,"Plastics; plates, sheets, film, foil and strip (not self-adhesive); non-cellular and not reinforced, laminated, supported or similarly combined with other materials, n.e.c. in chapter 39",N/A,0.0,10429519.0
X,484,MEX,192,CUB,3920,"Plastics; plates, sheets, film, foil and strip (not self-adhesive); non-cellular and not reinforced, laminated, supported or similarly combined with other materials, n.e.c. in chapter 39",N/A,0.0,2161409.0
X,484,MEX,214,DOM,3920,"Plastics; plates, sheets, film, foil and strip (not self-adhesive); non-cellular and not reinforced, laminated, supported or similarly combined with other materials, n.e.c. in chapter 39",N/A,0.0,6488083.0
X,484,MEX,218,ECU,3920,"Plastics; plates, sheets, film, foil and strip (not self-adhesive); non-cellular and not reinforced, laminated, supported or similarly combined with other materials, n.e.c. in chapter 39",N/A,0.0,1252026.0
X,484,MEX,222,SLV,3920,"Plastics; plates, sheets, film, foil and strip (not self-adhesive); non-cellular and not reinforced, laminated, supported or similarly combined with other materials, n.e.c. in chapter 39",N/A,0.0,9501764.0
X,484,MEX,276,DEU,3920,"Plastics; plates, sheets, film, foil and strip (not self-adhesive); non-cellular and not reinforced, laminated, supported or similarly combined with other materials, n.e.c. in chapter 39",N/A,0.0,1217093.0
X,484,MEX,320,GTM,3920,"Plastics; plates, sheets, film, foil and strip (not self-adhesive); non-cellular and not reinforced, laminated, supported or similarly combined with other materials, n.e.c. in chapter 39",N/A,0.0,19295670.0
X,484,MEX,332,HTI,3920,"Plastics; plates, sheets, film, foil and strip (not self-adhesive); non-cellular and not reinforced, laminated, supported or similarly combined with other materials, n.e.c. in chapter 39",N/A,0.0,11598.0
X,484,MEX,340,HND,3920,"Plastics; plates, sheets, film, foil and strip (not self-adhesive); non-cellular and not reinforced, laminated, supported or similarly combined with other materials, n.e.c. in chapter 39",N/A,0.0,7735894.0
X,484,MEX,344,HKG,3920,"Plastics; plates, sheets, film, foil and strip (not self-adhesive); non-cellular and not reinforced, laminated, supported or similarly combined with other materials, n.e.c. in chapter 39",N/A,0.0,834358.0
X,484,MEX,380,ITA,3920,"Plastics; plates, sheets, film, foil and strip (not self-adhesive); non-cellular and not reinforced, laminated, supported or similarly combined with other materials, n.e.c. in chapter 39",N/A,0.0,42256.0
X,484,MEX,388,JAM,3920,"Plastics; plates, sheets, film, foil and strip (not self-adhesive); non-cellular and not reinforced, laminated, supported or similarly combined with other materials, n.e.c. in chapter 39",N/A,0.0,385731.0
X,484,MEX,392,JPN,3920,"Plastics; plates, sheets, film, foil and strip (not self-adhesive); non-cellular and not reinforced, laminated, supported or similarly combined with other materials, n.e.c. in chapter 39",N/A,0.0,3028276.0
X,484,MEX,410,KOR,3920,"Plastics; plates, sheets, film, foil and strip (not self-adhesive); non-cellular and not reinforced, laminated, supported or similarly combined with other materials, n.e.c. in chapter 39",N/A,0.0,1528092.0
X,484,MEX,528,NLD,3920,"Plastics; plates, sheets, film, foil and strip (not self-adhesive); non-cellular and not reinforced, laminated, supported or similarly combined with other materials, n.e.c. in chapter 39",N/A,0.0,123482.0
X,484,MEX,558,NIC,3920,"Plastics; plates, sheets, film, foil and strip (not self-adhesive); non-cellular and not reinforced, laminated, supported or similarly combined with other materials, n.e.c. in chapter 39",N/A,0.0,4827097.0
X,484,MEX,591,PAN,3920,"Plastics; plates, sheets, film, foil and strip (not self-adhesive); non-cellular and not reinforced, laminated, supported or similarly combined with other materials, n.e.c. in chapter 39",N/A,0.0,2437447.0
X,484,MEX,600,PRY,3920,"Plastics; plates, sheets, film, foil and strip (not self-adhesive); non-cellular and not reinforced, laminated, supported or similarly combined with other materials, n.e.c. in chapter 39",N/A,0.0,508005.0
X,484,MEX,604,PER,3920,"Plastics; plates, sheets, film, foil and strip (not self-adhesive); non-cellular and not reinforced, laminated, supported or similarly combined with other materials, n.e.c. in chapter 39",N/A,0.0,11716422.0
X,484,MEX,699,IND,3920,"Plastics; plates, sheets, film, foil and strip (not self-adhesive); non-cellular and not reinforced, laminated, supported or similarly combined with other materials, n.e.c. in chapter 39",N/A,0.0,153964.0
X,484,MEX,724,ESP,3920,"Plastics; plates, sheets, film, foil and strip (not self-adhesive); non-cellular and not reinforced, laminated, supported or similarly combined with other materials, n.e.c. in chapter 39",N/A,0.0,503688.0
X,484,MEX,780,TTO,3920,"Plastics; plates, sheets, film, foil and strip (not self-adhesive); non-cellular and not reinforced, laminated, supported or similarly combined with other materials, n.e.c. in chapter 39",N/A,0.0,35595.0
X,484,MEX,826,GBR,3920,"Plastics; plates, sheets, film, foil and strip (not self-adhesive); non-cellular and not reinforced, laminated, supported or similarly combined with other materials, n.e.c. in chapter 39",N/A,0.0,91902.0
X,484,MEX,842,USA,3920,"Plastics; plates, sheets, film, foil and strip (not self-adhesive); non-cellular and not reinforced, laminated, supported or similarly combined with other materials, n.e.c. in chapter 39",N/A,0.0,808464361.0
X,484,MEX,858,URY,3920,"Plastics; plates, sheets, film, foil and strip (not self-adhesive); non-cellular and not reinforced, laminated, supported or similarly combined with other materials, n.e.c. in chapter 39",N/A,0.0,422480.0
X,484,MEX,862,VEN,3920,"Plastics; plates, sheets, film, foil and strip (not self-adhesive); non-cellular and not reinforced, laminated, supported or similarly combined with other materials, n.e.c. in chapter 39",N/A,0.0,772717.0
X,484,MEX,0,W00,3921,"Plastic plates, sheets, film, foil and strip n.e.c. in chapter 39",N/A,0.0,367692962.0
X,484,MEX,32,ARG,3921,"Plastic plates, sheets, film, foil and strip n.e.c. in chapter 39",N/A,0.0,1739942.0
X,484,MEX,56,BEL,3921,"Plastic plates, sheets, film, foil and strip n.e.c. in chapter 39",N/A,0.0,7181.0
X,484,MEX,68,BOL,3921,"Plastic plates, sheets, film, foil and strip n.e.c. in chapter 39",N/A,0.0,96492.0
X,484,MEX,76,BRA,3921,"Plastic plates, sheets, film, foil and strip n.e.c. in chapter 39",N/A,0.0,429071.0
X,484,MEX,84,BLZ,3921,"Plastic plates, sheets, film, foil and strip n.e.c. in chapter 39",N/A,0.0,9906.0
X,484,MEX,124,CAN,3921,"Plastic plates, sheets, film, foil and strip n.e.c. in chapter 39",N/A,0.0,6600099.0
X,484,MEX,152,CHL,3921,"Plastic plates, sheets, film, foil and strip n.e.c. in chapter 39",N/A,0.0,2161510.0
X,484,MEX,156,CHN,3921,"Plastic plates, sheets, film, foil and strip n.e.c. in chapter 39",N/A,0.0,5867081.0
X,484,MEX,170,COL,3921,"Plastic plates, sheets, film, foil and strip n.e.c. in chapter 39",N/A,0.0,5056041.0
X,484,MEX,188,CRI,3921,"Plastic plates, sheets, film, foil and strip n.e.c. in chapter 39",N/A,0.0,2499166.0
X,484,MEX,192,CUB,3921,"Plastic plates, sheets, film, foil and strip n.e.c. in chapter 39",N/A,0.0,2828026.0
X,484,MEX,203,CZE,3921,"Plastic plates, sheets, film, foil and strip n.e.c. in chapter 39",N/A,0.0,33294.0
X,484,MEX,214,DOM,3921,"Plastic plates, sheets, film, foil and strip n.e.c. in chapter 39",N/A,0.0,1040796.0
X,484,MEX,218,ECU,3921,"Plastic plates, sheets, film, foil and strip n.e.c. in chapter 39",N/A,0.0,111925.0
X,484,MEX,222,SLV,3921,"Plastic plates, sheets, film, foil and strip n.e.c. in chapter 39",N/A,0.0,2766894.0
X,484,MEX,251,FRA,3921,"Plastic plates, sheets, film, foil and strip n.e.c. in chapter 39",N/A,0.0,10789.0
X,484,MEX,276,DEU,3921,"Plastic plates, sheets, film, foil and strip n.e.c. in chapter 39",N/A,0.0,191154.0
X,484,MEX,320,GTM,3921,"Plastic plates, sheets, film, foil and strip n.e.c. in chapter 39",N/A,0.0,8566409.0
X,484,MEX,340,HND,3921,"Plastic plates, sheets, film, foil and strip n.e.c. in chapter 39",N/A,0.0,2033290.0
X,484,MEX,344,HKG,3921,"Plastic plates, sheets, film, foil and strip n.e.c. in chapter 39",N/A,0.0,5912.0
X,484,MEX,380,ITA,3921,"Plastic plates, sheets, film, foil and strip n.e.c. in chapter 39",N/A,0.0,387903.0
X,484,MEX,392,JPN,3921,"Plastic plates, sheets, film, foil and strip n.e.c. in chapter 39",N/A,0.0,2098436.0
X,484,MEX,410,KOR,3921,"Plastic plates, sheets, film, foil and strip n.e.c. in chapter 39",N/A,0.0,5403.0
X,484,MEX,458,MYS,3921,"Plastic plates, sheets, film, foil and strip n.e.c. in chapter 39",N/A,0.0,97313.0
X,484,MEX,490,S19,3921,"Plastic plates, sheets, film, foil and strip n.e.c. in chapter 39",N/A,0.0,10773.0
X,484,MEX,528,NLD,3921,"Plastic plates, sheets, film, foil and strip n.e.c. in chapter 39",N/A,0.0,564316.0
X,484,MEX,558,NIC,3921,"Plastic plates, sheets, film, foil and strip n.e.c. in chapter 39",N/A,0.0,1284261.0
X,484,MEX,591,PAN,3921,"Plastic plates, sheets, film, foil and strip n.e.c. in chapter 39",N/A,0.0,461657.0
X,484,MEX,604,PER,3921,"Plastic plates, sheets, film, foil and strip n.e.c. in chapter 39",N/A,0.0,234808.0
X,484,MEX,616,POL,3921,"Plastic plates, sheets, film, foil and strip n.e.c. in chapter 39",N/A,0.0,125419.0
X,484,MEX,699,IND,3921,"Plastic plates, sheets, film, foil and strip n.e.c. in chapter 39",N/A,0.0,1258717.0
X,484,MEX,724,ESP,3921,"Plastic plates, sheets, film, foil and strip n.e.c. in chapter 39",N/A,0.0,1794455.0
X,484,MEX,842,USA,3921,"Plastic plates, sheets, film, foil and strip n.e.c. in chapter 39",N/A,0.0,317314523.0
X,484,MEX,0,W00,3922,"Sanitary ware; baths, shower-baths, sinks, wash-basins, bidets, lavatory pans, seats and covers, flushing cisterns and sanitary ware, of plastics",N/A,0.0,61317779.0
X,484,MEX,84,BLZ,3922,"Sanitary ware; baths, shower-baths, sinks, wash-basins, bidets, lavatory pans, seats and covers, flushing cisterns and sanitary ware, of plastics",N/A,0.0,4514.0
X,484,MEX,124,CAN,3922,"Sanitary ware; baths, shower-baths, sinks, wash-basins, bidets, lavatory pans, seats and covers, flushing cisterns and sanitary ware, of plastics",N/A,0.0,1067708.0
X,484,MEX,152,CHL,3922,"Sanitary ware; baths, shower-baths, sinks, wash-basins, bidets, lavatory pans, seats and covers, flushing cisterns and sanitary ware, of plastics",N/A,0.0,1107980.0
X,484,MEX,170,COL,3922,"Sanitary ware; baths, shower-baths, sinks, wash-basins, bidets, lavatory pans, seats and covers, flushing cisterns and sanitary ware, of plastics",N/A,0.0,75206.0
X,484,MEX,188,CRI,3922,"Sanitary ware; baths, shower-baths, sinks, wash-basins, bidets, lavatory pans, seats and covers, flushing cisterns and sanitary ware, of plastics",N/A,0.0,708506.0
X,484,MEX,192,CUB,3922,"Sanitary ware; baths, shower-baths, sinks, wash-basins, bidets, lavatory pans, seats and covers, flushing cisterns and sanitary ware, of plastics",N/A,0.0,19028.0
X,484,MEX,214,DOM,3922,"Sanitary ware; baths, shower-baths, sinks, wash-basins, bidets, lavatory pans, seats and covers, flushing cisterns and sanitary ware, of plastics",N/A,0.0,549619.0
X,484,MEX,218,ECU,3922,"Sanitary ware; baths, shower-baths, sinks, wash-basins, bidets, lavatory pans, seats and covers, flushing cisterns and sanitary ware, of plastics",N/A,0.0,41394.0
X,484,MEX,222,SLV,3922,"Sanitary ware; baths, shower-baths, sinks, wash-basins, bidets, lavatory pans, seats and covers, flushing cisterns and sanitary ware, of plastics",N/A,0.0,932652.0
X,484,MEX,320,GTM,3922,"Sanitary ware; baths, shower-baths, sinks, wash-basins, bidets, lavatory pans, seats and covers, flushing cisterns and sanitary ware, of plastics",N/A,0.0,1072978.0
X,484,MEX,340,HND,3922,"Sanitary ware; baths, shower-baths, sinks, wash-basins, bidets, lavatory pans, seats and covers, flushing cisterns and sanitary ware, of plastics",N/A,0.0,641688.0
X,484,MEX,558,NIC,3922,"Sanitary ware; baths, shower-baths, sinks, wash-basins, bidets, lavatory pans, seats and covers, flushing cisterns and sanitary ware, of plastics",N/A,0.0,272036.0
X,484,MEX,591,PAN,3922,"Sanitary ware; baths, shower-baths, sinks, wash-basins, bidets, lavatory pans, seats and covers, flushing cisterns and sanitary ware, of plastics",N/A,0.0,301062.0
X,484,MEX,600,PRY,3922,"Sanitary ware; baths, shower-baths, sinks, wash-basins, bidets, lavatory pans, seats and covers, flushing cisterns and sanitary ware, of plastics",N/A,0.0,3833.0
X,484,MEX,604,PER,3922,"Sanitary ware; baths, shower-baths, sinks, wash-basins, bidets, lavatory pans, seats and covers, flushing cisterns and sanitary ware, of plastics",N/A,0.0,265736.0
X,484,MEX,826,GBR,3922,"Sanitary ware; baths, shower-baths, sinks, wash-basins, bidets, lavatory pans, seats and covers, flushing cisterns and sanitary ware, of plastics",N/A,0.0,123500.0
X,484,MEX,842,USA,3922,"Sanitary ware; baths, shower-baths, sinks, wash-basins, bidets, lavatory pans, seats and covers, flushing cisterns and sanitary ware, of plastics",N/A,0.0,54130339.0
X,484,MEX,0,W00,3923,"Plastic articles for the conveyance or packing of goods; stoppers, lids, caps and other closures of plastics",N/A,0.0,2593446389.0
X,484,MEX,32,ARG,3923,"Plastic articles for the conveyance or packing of goods; stoppers, lids, caps and other closures of plastics",N/A,0.0,9484686.0
X,484,MEX,36,AUS,3923,"Plastic articles for the conveyance or packing of goods; stoppers, lids, caps and other closures of plastics",N/A,0.0,1522342.0
X,484,MEX,40,AUT,3923,"Plastic articles for the conveyance or packing of goods; stoppers, lids, caps and other closures of plastics",N/A,0.0,24517.0
X,484,MEX,56,BEL,3923,"Plastic articles for the conveyance or packing of goods; stoppers, lids, caps and other closures of plastics",N/A,0.0,791858.0
X,484,MEX,68,BOL,3923,"Plastic articles for the conveyance or packing of goods; stoppers, lids, caps and other closures of plastics",N/A,0.0,1369376.0
X,484,MEX,76,BRA,3923,"Plastic articles for the conveyance or packing of goods; stoppers, lids, caps and other closures of plastics",N/A,0.0,6992230.0
X,484,MEX,84,BLZ,3923,"Plastic articles for the conveyance or packing of goods; stoppers, lids, caps and other closures of plastics",N/A,0.0,5569102.0
X,484,MEX,124,CAN,3923,"Plastic articles for the conveyance or packing of goods; stoppers, lids, caps and other closures of plastics",N/A,0.0,24287636.0
X,484,MEX,152,CHL,3923,"Plastic articles for the conveyance or packing of goods; stoppers, lids, caps and other closures of plastics",N/A,0.0,9389977.0
X,484,MEX,156,CHN,3923,"Plastic articles for the conveyance or packing of goods; stoppers, lids, caps and other closures of plastics",N/A,0.0,5996180.0
X,484,MEX,170,COL,3923,"Plastic articles for the conveyance or packing of goods; stoppers, lids, caps and other closures of plastics",N/A,0.0,23514760.0
X,484,MEX,188,CRI,3923,"Plastic articles for the conveyance or packing of goods; stoppers, lids, caps and other closures of plastics",N/A,0.0,25704089.0
X,484,MEX,192,CUB,3923,"Plastic articles for the conveyance or packing of goods; stoppers, lids, caps and other closures of plastics",N/A,0.0,2575730.0
X,484,MEX,203,CZE,3923,"Plastic articles for the conveyance or packing of goods; stoppers, lids, caps and other closures of plastics",N/A,0.0,2375897.0
X,484,MEX,208,DNK,3923,"Plastic articles for the conveyance or packing of goods; stoppers, lids, caps and other closures of plastics",N/A,0.0,19692.0
X,484,MEX,214,DOM,3923,"Plastic articles for the conveyance or packing of goods; stoppers, lids, caps and other closures of plastics",N/A,0.0,8593525.0
X,484,MEX,218,ECU,3923,"Plastic articles for the conveyance or packing of goods; stoppers, lids, caps and other closures of plastics",N/A,0.0,6044125.0
X,484,MEX,222,SLV,3923,"Plastic articles for the conveyance or packing of goods; stoppers, lids, caps and other closures of plastics",N/A,0.0,21227904.0
X,484,MEX,251,FRA,3923,"Plastic articles for the conveyance or packing of goods; stoppers, lids, caps and other closures of plastics",N/A,0.0,413988.0
X,484,MEX,276,DEU,3923,"Plastic articles for the conveyance or packing of goods; stoppers, lids, caps and other closures of plastics",N/A,0.0,3375301.0
X,484,MEX,320,GTM,3923,"Plastic articles for the conveyance or packing of goods; stoppers, lids, caps and other closures of plastics",N/A,0.0,23100041.0
X,484,MEX,328,GUY,3923,"Plastic articles for the conveyance or packing of goods; stoppers, lids, caps and other closures of plastics",N/A,0.0,49333.0
X,484,MEX,332,HTI,3923,"Plastic articles for the conveyance or packing of goods; stoppers, lids, caps and other closures of plastics",N/A,0.0,156928.0
X,484,MEX,340,HND,3923,"Plastic articles for the conveyance or packing of goods; stoppers, lids, caps and other closures of plastics",N/A,0.0,8100673.0
X,484,MEX,344,HKG,3923,"Plastic articles for the conveyance or packing of goods; stoppers, lids, caps and other closures of plastics",N/A,0.0,162468.0
X,484,MEX,348,HUN,3923,"Plastic articles for the conveyance or packing of goods; stoppers, lids, caps and other closures of plastics",N/A,0.0,8820853.0
X,484,MEX,360,IDN,3923,"Plastic articles for the conveyance or packing of goods; stoppers, lids, caps and other closures of plastics",N/A,0.0,15516.0
X,484,MEX,372,IRL,3923,"Plastic articles for the conveyance or packing of goods; stoppers, lids, caps and other closures of plastics",N/A,0.0,1255.0
X,484,MEX,380,ITA,3923,"Plastic articles for the conveyance or packing of goods; stoppers, lids, caps and other closures of plastics",N/A,0.0,324671.0
X,484,MEX,388,JAM,3923,"Plastic articles for the conveyance or packing of goods; stoppers, lids, caps and other closures of plastics",N/A,0.0,3467838.0
X,484,MEX,392,JPN,3923,"Plastic articles for the conveyance or packing of goods; stoppers, lids, caps and other closures of plastics",N/A,0.0,13389836.0
X,484,MEX,410,KOR,3923,"Plastic articles for the conveyance or packing of goods; stoppers, lids, caps and other closures of plastics",N/A,0.0,3293433.0
X,484,MEX,458,MYS,3923,"Plastic articles for the conveyance or packing of goods; stoppers, lids, caps and other closures of plastics",N/A,0.0,110332.0
X,484,MEX,490,S19,3923,"Plastic articles for the conveyance or packing of goods; stoppers, lids, caps and other closures of plastics",N/A,0.0,35885.0
X,484,MEX,528,NLD,3923,"Plastic articles for the conveyance or packing of goods; stoppers, lids, caps and other closures of plastics",N/A,0.0,568289.0
X,484,MEX,554,NZL,3923,"Plastic articles for the conveyance or packing of goods; stoppers, lids, caps and other closures of plastics",N/A,0.0,71539.0
X,484,MEX,558,NIC,3923,"Plastic articles for the conveyance or packing of goods; stoppers, lids, caps and other closures of plastics",N/A,0.0,29600549.0
X,484,MEX,591,PAN,3923,"Plastic articles for the conveyance or packing of goods; stoppers, lids, caps and other closures of plastics",N/A,0.0,10018561.0
X,484,MEX,600,PRY,3923,"Plastic articles for the conveyance or packing of goods; stoppers, lids, caps and other closures of plastics",N/A,0.0,260456.0
X,484,MEX,604,PER,3923,"Plastic articles for the conveyance or packing of goods; stoppers, lids, caps and other closures of plastics",N/A,0.0,9508577.0
X,484,MEX,608,PHL,3923,"Plastic articles for the conveyance or packing of goods; stoppers, lids, caps and other closures of plastics",N/A,0.0,176100.0
X,484,MEX,616,POL,3923,"Plastic articles for the conveyance or packing of goods; stoppers, lids, caps and other closures of plastics",N/A,0.0,208877.0
X,484,MEX,642,ROU,3923,"Plastic articles for the conveyance or packing of goods; stoppers, lids, caps and other closures of plastics",N/A,0.0,74719.0
X,484,MEX,682,SAU,3923,"Plastic articles for the conveyance or packing of goods; stoppers, lids, caps and other closures of plastics",N/A,0.0,20678.0
X,484,MEX,699,IND,3923,"Plastic articles for the conveyance or packing of goods; stoppers, lids, caps and other closures of plastics",N/A,0.0,222540.0
X,484,MEX,702,SGP,3923,"Plastic articles for the conveyance or packing of goods; stoppers, lids, caps and other closures of plastics",N/A,0.0,353757.0
X,484,MEX,704,VNM,3923,"Plastic articles for the conveyance or packing of goods; stoppers, lids, caps and other closures of plastics",N/A,0.0,1190122.0
X,484,MEX,724,ESP,3923,"Plastic articles for the conveyance or packing of goods; stoppers, lids, caps and other closures of plastics",N/A,0.0,2938760.0
X,484,MEX,752,SWE,3923,"Plastic articles for the conveyance or packing of goods; stoppers, lids, caps and other closures of plastics",N/A,0.0,19543.0
X,484,MEX,757,CHE,3923,"Plastic articles for the conveyance or packing of goods; stoppers, lids, caps and other closures of plastics",N/A,0.0,244665.0
X,484,MEX,764,THA,3923,"Plastic articles for the conveyance or packing of goods; stoppers, lids, caps and other closures of plastics",N/A,0.0,640477.0
X,484,MEX,780,TTO,3923,"Plastic articles for the conveyance or packing of goods; stoppers, lids, caps and other closures of plastics",N/A,0.0,733421.0
X,484,MEX,792,TUR,3923,"Plastic articles for the conveyance or packing of goods; stoppers, lids, caps and other closures of plastics",N/A,0.0,331141.0
X,484,MEX,826,GBR,3923,"Plastic articles for the conveyance or packing of goods; stoppers, lids, caps and other closures of plastics",N/A,0.0,10550542.0
X,484,MEX,842,USA,3923,"Plastic articles for the conveyance or packing of goods; stoppers, lids, caps and other closures of plastics",N/A,0.0,2304307234.0
X,484,MEX,858,URY,3923,"Plastic articles for the conveyance or packing of goods; stoppers, lids, caps and other closures of plastics",N/A,0.0,769444.0
X,484,MEX,862,VEN,3923,"Plastic articles for the conveyance or packing of goods; stoppers, lids, caps and other closures of plastics",N/A,0.0,334421.0
X,484,MEX,0,W00,3924,"Tableware, kitchenware, other household articles and hygienic or toilet articles, of plastics",N/A,0.0,294580609.0
X,484,MEX,32,ARG,3924,"Tableware, kitchenware, other household articles and hygienic or toilet articles, of plastics",N/A,0.0,7555463.0
X,484,MEX,36,AUS,3924,"Tableware, kitchenware, other household articles and hygienic or toilet articles, of plastics",N/A,0.0,14805.0
X,484,MEX,68,BOL,3924,"Tableware, kitchenware, other household articles and hygienic or toilet articles, of plastics",N/A,0.0,699052.0
X,484,MEX,76,BRA,3924,"Tableware, kitchenware, other household articles and hygienic or toilet articles, of plastics",N/A,0.0,496439.0
X,484,MEX,84,BLZ,3924,"Tableware, kitchenware, other household articles and hygienic or toilet articles, of plastics",N/A,0.0,1169377.0
X,484,MEX,124,CAN,3924,"Tableware, kitchenware, other household articles and hygienic or toilet articles, of plastics",N/A,0.0,829718.0
X,484,MEX,152,CHL,3924,"Tableware, kitchenware, other household articles and hygienic or toilet articles, of plastics",N/A,0.0,1161229.0
X,484,MEX,156,CHN,3924,"Tableware, kitchenware, other household articles and hygienic or toilet articles, of plastics",kg,337.0,47943.0
X,484,MEX,170,COL,3924,"Tableware, kitchenware, other household articles and hygienic or toilet articles, of plastics",N/A,0.0,1887596.0
X,484,MEX,188,CRI,3924,"Tableware, kitchenware, other household articles and hygienic or toilet articles, of plastics",N/A,0.0,4841403.0
X,484,MEX,192,CUB,3924,"Tableware, kitchenware, other household articles and hygienic or toilet articles, of plastics",N/A,0.0,193436.0
X,484,MEX,214,DOM,3924,"Tableware, kitchenware, other household articles and hygienic or toilet articles, of plastics",N/A,0.0,1139942.0
X,484,MEX,218,ECU,3924,"Tableware, kitchenware, other household articles and hygienic or toilet articles, of plastics",N/A,0.0,893613.0
X,484,MEX,222,SLV,3924,"Tableware, kitchenware, other household articles and hygienic or toilet articles, of plastics",kg,1073980.0,5216330.0
X,484,MEX,276,DEU,3924,"Tableware, kitchenware, other household articles and hygienic or toilet articles, of plastics",N/A,0.0,13319.0
X,484,MEX,320,GTM,3924,"Tableware, kitchenware, other household articles and hygienic or toilet articles, of plastics",N/A,0.0,24176144.0
X,484,MEX,340,HND,3924,"Tableware, kitchenware, other household articles and hygienic or toilet articles, of plastics",kg,925795.0,3916679.0
X,484,MEX,388,JAM,3924,"Tableware, kitchenware, other household articles and hygienic or toilet articles, of plastics",N/A,0.0,157118.0
X,484,MEX,558,NIC,3924,"Tableware, kitchenware, other household articles and hygienic or toilet articles, of plastics",N/A,0.0,552497.0
X,484,MEX,591,PAN,3924,"Tableware, kitchenware, other household articles and hygienic or toilet articles, of plastics",N/A,0.0,1301688.0
X,484,MEX,600,PRY,3924,"Tableware, kitchenware, other household articles and hygienic or toilet articles, of plastics",kg,116.0,207.0
X,484,MEX,604,PER,3924,"Tableware, kitchenware, other household articles and hygienic or toilet articles, of plastics",N/A,0.0,167117.0
X,484,MEX,724,ESP,3924,"Tableware, kitchenware, other household articles and hygienic or toilet articles, of plastics",N/A,0.0,47991.0
X,484,MEX,780,TTO,3924,"Tableware, kitchenware, other household articles and hygienic or toilet articles, of plastics",kg,3486.0,14751.0
X,484,MEX,826,GBR,3924,"Tableware, kitchenware, other household articles and hygienic or toilet articles, of plastics",kg,12380.0,50006.0
X,484,MEX,842,USA,3924,"Tableware, kitchenware, other household articles and hygienic or toilet articles, of plastics",N/A,0.0,237870761.0
X,484,MEX,858,URY,3924,"Tableware, kitchenware, other household articles and hygienic or toilet articles, of plastics",N/A,0.0,132127.0
X,484,MEX,862,VEN,3924,"Tableware, kitchenware, other household articles and hygienic or toilet articles, of plastics",N/A,0.0,33858.0
X,484,MEX,0,W00,3925,Plastics; builders' wares n.e.c. or included,N/A,0.0,393621607.0
X,484,MEX,84,BLZ,3925,Plastics; builders' wares n.e.c. or included,N/A,0.0,268721.0
X,484,MEX,124,CAN,3925,Plastics; builders' wares n.e.c. or included,N/A,0.0,1006994.0
X,484,MEX,152,CHL,3925,Plastics; builders' wares n.e.c. or included,kg,108309.0,1148109.0
X,484,MEX,170,COL,3925,Plastics; builders' wares n.e.c. or included,N/A,0.0,408891.0
X,484,MEX,188,CRI,3925,Plastics; builders' wares n.e.c. or included,N/A,0.0,2237778.0
X,484,MEX,192,CUB,3925,Plastics; builders' wares n.e.c. or included,N/A,0.0,204351.0
X,484,MEX,214,DOM,3925,Plastics; builders' wares n.e.c. or included,N/A,0.0,330955.0
X,484,MEX,218,ECU,3925,Plastics; builders' wares n.e.c. or included,kg,844.0,8502.0
X,484,MEX,222,SLV,3925,Plastics; builders' wares n.e.c. or included,N/A,0.0,770850.0
X,484,MEX,320,GTM,3925,Plastics; builders' wares n.e.c. or included,N/A,0.0,2691238.0
X,484,MEX,332,HTI,3925,Plastics; builders' wares n.e.c. or included,N/A,0.0,20324.0
X,484,MEX,340,HND,3925,Plastics; builders' wares n.e.c. or included,N/A,0.0,290998.0
X,484,MEX,380,ITA,3925,Plastics; builders' wares n.e.c. or included,kg,38022.0,414043.0
X,484,MEX,388,JAM,3925,Plastics; builders' wares n.e.c. or included,kg,390.0,5264.0
X,484,MEX,558,NIC,3925,Plastics; builders' wares n.e.c. or included,N/A,0.0,243795.0
X,484,MEX,591,PAN,3925,Plastics; builders' wares n.e.c. or included,N/A,0.0,193557.0
X,484,MEX,604,PER,3925,Plastics; builders' wares n.e.c. or included,N/A,0.0,1100066.0
X,484,MEX,780,TTO,3925,Plastics; builders' wares n.e.c. or included,N/A,0.0,30950.0
X,484,MEX,842,USA,3925,Plastics; builders' wares n.e.c. or included,N/A,0.0,382216193.0
X,484,MEX,858,URY,3925,Plastics; builders' wares n.e.c. or included,kg,3227.0,22687.0
X,484,MEX,862,VEN,3925,Plastics; builders' wares n.e.c. or included,kg,1970.0,7341.0
X,484,MEX,0,W00,3926,"Articles of plastics and articles of other materials of heading no. 3901 to 3914, n.e.c. in chapter 39",N/A,0.0,2257008148.0
X,484,MEX,32,ARG,3926,"Articles of plastics and articles of other materials of heading no. 3901 to 3914, n.e.c. in chapter 39",N/A,0.0,7044581.0
X,484,MEX,36,AUS,3926,"Articles of plastics and articles of other materials of heading no. 3901 to 3914, n.e.c. in chapter 39",N/A,0.0,1457548.0
X,484,MEX,40,AUT,3926,"Articles of plastics and articles of other materials of heading no. 3901 to 3914, n.e.c. in chapter 39",N/A,0.0,525460.0
X,484,MEX,44,BHS,3926,"Articles of plastics and articles of other materials of heading no. 3901 to 3914, n.e.c. in chapter 39",N/A,0.0,20219.0
X,484,MEX,52,BRB,3926,"Articles of plastics and articles of other materials of heading no. 3901 to 3914, n.e.c. in chapter 39",N/A,0.0,97205.0
X,484,MEX,56,BEL,3926,"Articles of plastics and articles of other materials of heading no. 3901 to 3914, n.e.c. in chapter 39",N/A,0.0,4578648.0
X,484,MEX,68,BOL,3926,"Articles of plastics and articles of other materials of heading no. 3901 to 3914, n.e.c. in chapter 39",N/A,0.0,993938.0
X,484,MEX,76,BRA,3926,"Articles of plastics and articles of other materials of heading no. 3901 to 3914, n.e.c. in chapter 39",N/A,0.0,14894564.0
X,484,MEX,84,BLZ,3926,"Articles of plastics and articles of other materials of heading no. 3901 to 3914, n.e.c. in chapter 39",N/A,0.0,282608.0
X,484,MEX,100,BGR,3926,"Articles of plastics and articles of other materials of heading no. 3901 to 3914, n.e.c. in chapter 39",N/A,0.0,15935.0
X,484,MEX,124,CAN,3926,"Articles of plastics and articles of other materials of heading no. 3901 to 3914, n.e.c. in chapter 39",N/A,0.0,18353889.0
X,484,MEX,152,CHL,3926,"Articles of plastics and articles of other materials of heading no. 3901 to 3914, n.e.c. in chapter 39",N/A,0.0,4548508.0
X,484,MEX,156,CHN,3926,"Articles of plastics and articles of other materials of heading no. 3901 to 3914, n.e.c. in chapter 39",N/A,0.0,17341098.0
X,484,MEX,170,COL,3926,"Articles of plastics and articles of other materials of heading no. 3901 to 3914, n.e.c. in chapter 39",N/A,0.0,8470713.0
X,484,MEX,188,CRI,3926,"Articles of plastics and articles of other materials of heading no. 3901 to 3914, n.e.c. in chapter 39",N/A,0.0,3828097.0
X,484,MEX,192,CUB,3926,"Articles of plastics and articles of other materials of heading no. 3901 to 3914, n.e.c. in chapter 39",N/A,0.0,850435.0
X,484,MEX,203,CZE,3926,"Articles of plastics and articles of other materials of heading no. 3901 to 3914, n.e.c. in chapter 39",N/A,0.0,6568777.0
X,484,MEX,208,DNK,3926,"Articles of plastics and articles of other materials of heading no. 3901 to 3914, n.e.c. in chapter 39",kg,77416.0,542237.0
X,484,MEX,214,DOM,3926,"Articles of plastics and articles of other materials of heading no. 3901 to 3914, n.e.c. in chapter 39",N/A,0.0,2988644.0
X,484,MEX,218,ECU,3926,"Articles of plastics and articles of other materials of heading no. 3901 to 3914, n.e.c. in chapter 39",N/A,0.0,2346545.0
X,484,MEX,222,SLV,3926,"Articles of plastics and articles of other materials of heading no. 3901 to 3914, n.e.c. in chapter 39",N/A,0.0,10582360.0
X,484,MEX,251,FRA,3926,"Articles of plastics and articles of other materials of heading no. 3901 to 3914, n.e.c. in chapter 39",N/A,0.0,1605351.0
X,484,MEX,276,DEU,3926,"Articles of plastics and articles of other materials of heading no. 3901 to 3914, n.e.c. in chapter 39",N/A,0.0,6063473.0
X,484,MEX,320,GTM,3926,"Articles of plastics and articles of other materials of heading no. 3901 to 3914, n.e.c. in chapter 39",N/A,0.0,7911851.0
X,484,MEX,328,GUY,3926,"Articles of plastics and articles of other materials of heading no. 3901 to 3914, n.e.c. in chapter 39",N/A,0.0,12778.0
X,484,MEX,332,HTI,3926,"Articles of plastics and articles of other materials of heading no. 3901 to 3914, n.e.c. in chapter 39",N/A,0.0,305603.0
X,484,MEX,340,HND,3926,"Articles of plastics and articles of other materials of heading no. 3901 to 3914, n.e.c. in chapter 39",N/A,0.0,5931141.0
X,484,MEX,344,HKG,3926,"Articles of plastics and articles of other materials of heading no. 3901 to 3914, n.e.c. in chapter 39",N/A,0.0,993883.0
X,484,MEX,348,HUN,3926,"Articles of plastics and articles of other materials of heading no. 3901 to 3914, n.e.c. in chapter 39",N/A,0.0,304238.0
X,484,MEX,360,IDN,3926,"Articles of plastics and articles of other materials of heading no. 3901 to 3914, n.e.c. in chapter 39",kg,100068.209,2457671.0
X,484,MEX,372,IRL,3926,"Articles of plastics and articles of other materials of heading no. 3901 to 3914, n.e.c. in chapter 39",N/A,0.0,926549.0
X,484,MEX,376,ISR,3926,"Articles of plastics and articles of other materials of heading no. 3901 to 3914, n.e.c. in chapter 39",N/A,0.0,84794.0
X,484,MEX,380,ITA,3926,"Articles of plastics and articles of other materials of heading no. 3901 to 3914, n.e.c. in chapter 39",N/A,0.0,2377435.0
X,484,MEX,388,JAM,3926,"Articles of plastics and articles of other materials of heading no. 3901 to 3914, n.e.c. in chapter 39",N/A,0.0,202620.0
X,484,MEX,392,JPN,3926,"Articles of plastics and articles of other materials of heading no. 3901 to 3914, n.e.c. in chapter 39",N/A,0.0,1280109.0
X,484,MEX,410,KOR,3926,"Articles of plastics and articles of other materials of heading no. 3901 to 3914, n.e.c. in chapter 39",kg,27148229.0,6200639.0
X,484,MEX,414,KWT,3926,"Articles of plastics and articles of other materials of heading no. 3901 to 3914, n.e.c. in chapter 39",kg,9723.907,3286.0
X,484,MEX,442,LUX,3926,"Articles of plastics and articles of other materials of heading no. 3901 to 3914, n.e.c. in chapter 39",N/A,0.0,9408.0
X,484,MEX,458,MYS,3926,"Articles of plastics and articles of other materials of heading no. 3901 to 3914, n.e.c. in chapter 39",N/A,0.0,425695.0
X,484,MEX,470,MLT,3926,"Articles of plastics and articles of other materials of heading no. 3901 to 3914, n.e.c. in chapter 39",N/A,0.0,24324.0
X,484,MEX,490,S19,3926,"Articles of plastics and articles of other materials of heading no. 3901 to 3914, n.e.c. in chapter 39",N/A,0.0,306782.0
X,484,MEX,504,MAR,3926,"Articles of plastics and articles of other materials of heading no. 3901 to 3914, n.e.c. in chapter 39",kg,21969.0,13609.0
X,484,MEX,528,NLD,3926,"Articles of plastics and articles of other materials of heading no. 3901 to 3914, n.e.c. in chapter 39",N/A,0.0,4760722.0
X,484,MEX,531,CUW,3926,"Articles of plastics and articles of other materials of heading no. 3901 to 3914, n.e.c. in chapter 39",N/A,0.0,5109.0
X,484,MEX,533,ABW,3926,"Articles of plastics and articles of other materials of heading no. 3901 to 3914, n.e.c. in chapter 39",N/A,0.0,10906.0
X,484,MEX,554,NZL,3926,"Articles of plastics and articles of other materials of heading no. 3901 to 3914, n.e.c. in chapter 39",N/A,0.0,45851.0
X,484,MEX,558,NIC,3926,"Articles of plastics and articles of other materials of heading no. 3901 to 3914, n.e.c. in chapter 39",N/A,0.0,41436106.0
X,484,MEX,566,NGA,3926,"Articles of plastics and articles of other materials of heading no. 3901 to 3914, n.e.c. in chapter 39",kg,104.0,651.0
X,484,MEX,579,NOR,3926,"Articles of plastics and articles of other materials of heading no. 3901 to 3914, n.e.c. in chapter 39",N/A,0.0,11806.0
X,484,MEX,591,PAN,3926,"Articles of plastics and articles of other materials of heading no. 3901 to 3914, n.e.c. in chapter 39",N/A,0.0,3530823.0
X,484,MEX,600,PRY,3926,"Articles of plastics and articles of other materials of heading no. 3901 to 3914, n.e.c. in chapter 39",N/A,0.0,685461.0
X,484,MEX,604,PER,3926,"Articles of plastics and articles of other materials of heading no. 3901 to 3914, n.e.c. in chapter 39",N/A,0.0,4851222.0
X,484,MEX,608,PHL,3926,"Articles of plastics and articles of other materials of heading no. 3901 to 3914, n.e.c. in chapter 39",kg,226300.0,3603877.0
X,484,MEX,616,POL,3926,"Articles of plastics and articles of other materials of heading no. 3901 to 3914, n.e.c. in chapter 39",N/A,0.0,3649105.0
X,484,MEX,642,ROU,3926,"Articles of plastics and articles of other materials of heading no. 3901 to 3914, n.e.c. in chapter 39",N/A,0.0,232610.0
X,484,MEX,643,RUS,3926,"Articles of plastics and articles of other materials of heading no. 3901 to 3914, n.e.c. in chapter 39",N/A,0.0,252559.0
X,484,MEX,662,LCA,3926,"Articles of plastics and articles of other materials of heading no. 3901 to 3914, n.e.c. in chapter 39",N/A,0.0,1039.0
X,484,MEX,682,SAU,3926,"Articles of plastics and articles of other materials of heading no. 3901 to 3914, n.e.c. in chapter 39",kg,33990.359,322175.0
X,484,MEX,699,IND,3926,"Articles of plastics and articles of other materials of heading no. 3901 to 3914, n.e.c. in chapter 39",N/A,0.0,482114.0
X,484,MEX,702,SGP,3926,"Articles of plastics and articles of other materials of heading no. 3901 to 3914, n.e.c. in chapter 39",kg,51595.0,664218.0
X,484,MEX,703,SVK,3926,"Articles of plastics and articles of other materials of heading no. 3901 to 3914, n.e.c. in chapter 39",kg,3883.0,62794.0
X,484,MEX,704,VNM,3926,"Articles of plastics and articles of other materials of heading no. 3901 to 3914, n.e.c. in chapter 39",N/A,0.0,265525.0
X,484,MEX,710,ZAF,3926,"Articles of plastics and articles of other materials of heading no. 3901 to 3914, n.e.c. in chapter 39",N/A,0.0,97171.0
X,484,MEX,724,ESP,3926,"Articles of plastics and articles of other materials of heading no. 3901 to 3914, n.e.c. in chapter 39",N/A,0.0,2502488.0
X,484,MEX,752,SWE,3926,"Articles of plastics and articles of other materials of heading no. 3901 to 3914, n.e.c. in chapter 39",N/A,0.0,656443.0
X,484,MEX,757,CHE,3926,"Articles of plastics and articles of other materials of heading no. 3901 to 3914, n.e.c. in chapter 39",N/A,0.0,254226.0
X,484,MEX,764,THA,3926,"Articles of plastics and articles of other materials of heading no. 3901 to 3914, n.e.c. in chapter 39",N/A,0.0,964485.0
X,484,MEX,780,TTO,3926,"Articles of plastics and articles of other materials of heading no. 3901 to 3914, n.e.c. in chapter 39",N/A,0.0,230927.0
X,484,MEX,784,ARE,3926,"Articles of plastics and articles of other materials of heading no. 3901 to 3914, n.e.c. in chapter 39",N/A,0.0,289015.0
X,484,MEX,788,TUN,3926,"Articles of plastics and articles of other materials of heading no. 3901 to 3914, n.e.c. in chapter 39",kg,1382.0,22331.0
X,484,MEX,792,TUR,3926,"Articles of plastics and articles of other materials of heading no. 3901 to 3914, n.e.c. in chapter 39",kg,11388.0,39930.0
X,484,MEX,818,EGY,3926,"Articles of plastics and articles of other materials of heading no. 3901 to 3914, n.e.c. in chapter 39",kg,545.045,2514.0
X,484,MEX,826,GBR,3926,"Articles of plastics and articles of other materials of heading no. 3901 to 3914, n.e.c. in chapter 39",N/A,0.0,3427786.0
X,484,MEX,842,USA,3926,"Articles of plastics and articles of other materials of heading no. 3901 to 3914, n.e.c. in chapter 39",N/A,0.0,2038943639.0
X,484,MEX,858,URY,3926,"Articles of plastics and articles of other materials of heading no. 3901 to 3914, n.e.c. in chapter 39",N/A,0.0,795326.0
X,484,MEX,862,VEN,3926,"Articles of plastics and articles of other materials of heading no. 3901 to 3914, n.e.c. in chapter 39",N/A,0.0,128817.0
X,484,MEX,899,_X ,3926,"Articles of plastics and articles of other materials of heading no. 3901 to 3914, n.e.c. in chapter 39",N/A,0.0,5129.0
X,484,MEX,0,W00,4001,"Natural rubber, balata, gutta-percha, guayule, chicle and similar gums; in primary forms or in plates, sheets or strip",N/A,0.0,2439972.0
X,484,MEX,320,GTM,4001,"Natural rubber, balata, gutta-percha, guayule, chicle and similar gums; in primary forms or in plates, sheets or strip",N/A,0.0,27970.0
X,484,MEX,842,USA,4001,"Natural rubber, balata, gutta-percha, guayule, chicle and similar gums; in primary forms or in plates, sheets or strip",N/A,0.0,2412002.0
X,484,MEX,0,W00,4002,"Synthetic rubber and factice derived from oils, in primary forms or in plates, sheets or strip; mixtures of heading no. 4001 and 4002, in primary forms or in plates, sheets or strip",N/A,0.0,215709559.0
X,484,MEX,76,BRA,4002,"Synthetic rubber and factice derived from oils, in primary forms or in plates, sheets or strip; mixtures of heading no. 4001 and 4002, in primary forms or in plates, sheets or strip",N/A,0.0,49330392.0
X,484,MEX,156,CHN,4002,"Synthetic rubber and factice derived from oils, in primary forms or in plates, sheets or strip; mixtures of heading no. 4001 and 4002, in primary forms or in plates, sheets or strip",N/A,0.0,1436275.0
X,484,MEX,170,COL,4002,"Synthetic rubber and factice derived from oils, in primary forms or in plates, sheets or strip; mixtures of heading no. 4001 and 4002, in primary forms or in plates, sheets or strip",N/A,0.0,11047589.0
X,484,MEX,188,CRI,4002,"Synthetic rubber and factice derived from oils, in primary forms or in plates, sheets or strip; mixtures of heading no. 4001 and 4002, in primary forms or in plates, sheets or strip",N/A,0.0,5230544.0
X,484,MEX,320,GTM,4002,"Synthetic rubber and factice derived from oils, in primary forms or in plates, sheets or strip; mixtures of heading no. 4001 and 4002, in primary forms or in plates, sheets or strip",N/A,0.0,1477174.0
X,484,MEX,392,JPN,4002,"Synthetic rubber and factice derived from oils, in primary forms or in plates, sheets or strip; mixtures of heading no. 4001 and 4002, in primary forms or in plates, sheets or strip",N/A,0.0,141870.0
X,484,MEX,842,USA,4002,"Synthetic rubber and factice derived from oils, in primary forms or in plates, sheets or strip; mixtures of heading no. 4001 and 4002, in primary forms or in plates, sheets or strip",N/A,0.0,147045715.0
X,484,MEX,0,W00,4004,"Waste, parings and scrap of rubber (other than hard rubber) and powders and granules obtained therefrom",kg,3748642.0,1444647.0
X,484,MEX,842,USA,4004,"Waste, parings and scrap of rubber (other than hard rubber) and powders and granules obtained therefrom",kg,3748642.0,1444647.0
X,484,MEX,0,W00,4005,"Compounded rubber, unvulcanised, in primary forms or in plates, sheets or strip",N/A,0.0,40542072.0
X,484,MEX,56,BEL,4005,"Compounded rubber, unvulcanised, in primary forms or in plates, sheets or strip",N/A,0.0,141439.0
X,484,MEX,76,BRA,4005,"Compounded rubber, unvulcanised, in primary forms or in plates, sheets or strip",N/A,0.0,15073.0
X,484,MEX,124,CAN,4005,"Compounded rubber, unvulcanised, in primary forms or in plates, sheets or strip",N/A,0.0,28360.0
X,484,MEX,156,CHN,4005,"Compounded rubber, unvulcanised, in primary forms or in plates, sheets or strip",N/A,0.0,19295.0
X,484,MEX,170,COL,4005,"Compounded rubber, unvulcanised, in primary forms or in plates, sheets or strip",N/A,0.0,2888966.0
X,484,MEX,188,CRI,4005,"Compounded rubber, unvulcanised, in primary forms or in plates, sheets or strip",N/A,0.0,9956513.0
X,484,MEX,192,CUB,4005,"Compounded rubber, unvulcanised, in primary forms or in plates, sheets or strip",N/A,0.0,101249.0
X,484,MEX,222,SLV,4005,"Compounded rubber, unvulcanised, in primary forms or in plates, sheets or strip",N/A,0.0,385576.0
X,484,MEX,320,GTM,4005,"Compounded rubber, unvulcanised, in primary forms or in plates, sheets or strip",N/A,0.0,1618786.0
X,484,MEX,340,HND,4005,"Compounded rubber, unvulcanised, in primary forms or in plates, sheets or strip",N/A,0.0,44934.0
X,484,MEX,392,JPN,4005,"Compounded rubber, unvulcanised, in primary forms or in plates, sheets or strip",N/A,0.0,514.0
X,484,MEX,591,PAN,4005,"Compounded rubber, unvulcanised, in primary forms or in plates, sheets or strip",N/A,0.0,701.0
X,484,MEX,842,USA,4005,"Compounded rubber, unvulcanised, in primary forms or in plates, sheets or strip",N/A,0.0,25340666.0
X,484,MEX,0,W00,4006,"Unvulcanised rubber in other forms (e.g. rods, tubes and profile shapes) and articles (e.g. discs and rings)",N/A,0.0,772368.0
X,484,MEX,320,GTM,4006,"Unvulcanised rubber in other forms (e.g. rods, tubes and profile shapes) and articles (e.g. discs and rings)",N/A,0.0,86659.0
X,484,MEX,842,USA,4006,"Unvulcanised rubber in other forms (e.g. rods, tubes and profile shapes) and articles (e.g. discs and rings)",N/A,0.0,685709.0
X,484,MEX,0,W00,4007,Vulcanised rubber thread and cord,kg,234.0,2122.0
X,484,MEX,842,USA,4007,Vulcanised rubber thread and cord,kg,234.0,2122.0
X,484,MEX,0,W00,4008,"Plates, sheets, strip, rods and profile shapes, of vulcanised rubber other than hard rubber",N/A,0.0,48475967.0
X,484,MEX,32,ARG,4008,"Plates, sheets, strip, rods and profile shapes, of vulcanised rubber other than hard rubber",N/A,0.0,126922.0
X,484,MEX,76,BRA,4008,"Plates, sheets, strip, rods and profile shapes, of vulcanised rubber other than hard rubber",N/A,0.0,126518.0
X,484,MEX,124,CAN,4008,"Plates, sheets, strip, rods and profile shapes, of vulcanised rubber other than hard rubber",N/A,0.0,104914.0
X,484,MEX,152,CHL,4008,"Plates, sheets, strip, rods and profile shapes, of vulcanised rubber other than hard rubber",N/A,0.0,115601.0
X,484,MEX,156,CHN,4008,"Plates, sheets, strip, rods and profile shapes, of vulcanised rubber other than hard rubber",N/A,0.0,5879.0
X,484,MEX,170,COL,4008,"Plates, sheets, strip, rods and profile shapes, of vulcanised rubber other than hard rubber",N/A,0.0,315025.0
X,484,MEX,188,CRI,4008,"Plates, sheets, strip, rods and profile shapes, of vulcanised rubber other than hard rubber",N/A,0.0,38264.0
X,484,MEX,214,DOM,4008,"Plates, sheets, strip, rods and profile shapes, of vulcanised rubber other than hard rubber",N/A,0.0,13126.0
X,484,MEX,222,SLV,4008,"Plates, sheets, strip, rods and profile shapes, of vulcanised rubber other than hard rubber",N/A,0.0,57473.0
X,484,MEX,276,DEU,4008,"Plates, sheets, strip, rods and profile shapes, of vulcanised rubber other than hard rubber",N/A,0.0,1296.0
X,484,MEX,320,GTM,4008,"Plates, sheets, strip, rods and profile shapes, of vulcanised rubber other than hard rubber",N/A,0.0,340190.0
X,484,MEX,340,HND,4008,"Plates, sheets, strip, rods and profile shapes, of vulcanised rubber other than hard rubber",N/A,0.0,320230.0
X,484,MEX,558,NIC,4008,"Plates, sheets, strip, rods and profile shapes, of vulcanised rubber other than hard rubber",N/A,0.0,18088.0
X,484,MEX,591,PAN,4008,"Plates, sheets, strip, rods and profile shapes, of vulcanised rubber other than hard rubber",N/A,0.0,59541.0
X,484,MEX,604,PER,4008,"Plates, sheets, strip, rods and profile shapes, of vulcanised rubber other than hard rubber",N/A,0.0,147627.0
X,484,MEX,842,USA,4008,"Plates, sheets, strip, rods and profile shapes, of vulcanised rubber other than hard rubber",N/A,0.0,46666696.0
X,484,MEX,858,URY,4008,"Plates, sheets, strip, rods and profile shapes, of vulcanised rubber other than hard rubber",N/A,0.0,18577.0
X,484,MEX,0,W00,4009,"Tubes, pipes and hoses, of vulcanised rubber (other than hard rubber), with or without their fittings (e.g. joints, elbows, flanges)",N/A,0.0,631326429.0
X,484,MEX,32,ARG,4009,"Tubes, pipes and hoses, of vulcanised rubber (other than hard rubber), with or without their fittings (e.g. joints, elbows, flanges)",N/A,0.0,429544.0
X,484,MEX,36,AUS,4009,"Tubes, pipes and hoses, of vulcanised rubber (other than hard rubber), with or without their fittings (e.g. joints, elbows, flanges)",N/A,0.0,443917.0
X,484,MEX,44,BHS,4009,"Tubes, pipes and hoses, of vulcanised rubber (other than hard rubber), with or without their fittings (e.g. joints, elbows, flanges)",N/A,0.0,188.0
X,484,MEX,52,BRB,4009,"Tubes, pipes and hoses, of vulcanised rubber (other than hard rubber), with or without their fittings (e.g. joints, elbows, flanges)",N/A,0.0,2796.0
X,484,MEX,56,BEL,4009,"Tubes, pipes and hoses, of vulcanised rubber (other than hard rubber), with or without their fittings (e.g. joints, elbows, flanges)",N/A,0.0,75445.0
X,484,MEX,68,BOL,4009,"Tubes, pipes and hoses, of vulcanised rubber (other than hard rubber), with or without their fittings (e.g. joints, elbows, flanges)",N/A,0.0,400115.0
X,484,MEX,76,BRA,4009,"Tubes, pipes and hoses, of vulcanised rubber (other than hard rubber), with or without their fittings (e.g. joints, elbows, flanges)",N/A,0.0,4491018.0
X,484,MEX,84,BLZ,4009,"Tubes, pipes and hoses, of vulcanised rubber (other than hard rubber), with or without their fittings (e.g. joints, elbows, flanges)",N/A,0.0,31996.0
X,484,MEX,124,CAN,4009,"Tubes, pipes and hoses, of vulcanised rubber (other than hard rubber), with or without their fittings (e.g. joints, elbows, flanges)",N/A,0.0,11629882.0
X,484,MEX,152,CHL,4009,"Tubes, pipes and hoses, of vulcanised rubber (other than hard rubber), with or without their fittings (e.g. joints, elbows, flanges)",N/A,0.0,1189530.0
X,484,MEX,156,CHN,4009,"Tubes, pipes and hoses, of vulcanised rubber (other than hard rubber), with or without their fittings (e.g. joints, elbows, flanges)",N/A,0.0,10373403.0
X,484,MEX,170,COL,4009,"Tubes, pipes and hoses, of vulcanised rubber (other than hard rubber), with or without their fittings (e.g. joints, elbows, flanges)",N/A,0.0,350300.0
X,484,MEX,188,CRI,4009,"Tubes, pipes and hoses, of vulcanised rubber (other than hard rubber), with or without their fittings (e.g. joints, elbows, flanges)",N/A,0.0,1722819.0
X,484,MEX,192,CUB,4009,"Tubes, pipes and hoses, of vulcanised rubber (other than hard rubber), with or without their fittings (e.g. joints, elbows, flanges)",N/A,0.0,132968.0
X,484,MEX,214,DOM,4009,"Tubes, pipes and hoses, of vulcanised rubber (other than hard rubber), with or without their fittings (e.g. joints, elbows, flanges)",N/A,0.0,462547.0
X,484,MEX,218,ECU,4009,"Tubes, pipes and hoses, of vulcanised rubber (other than hard rubber), with or without their fittings (e.g. joints, elbows, flanges)",N/A,0.0,302648.0
X,484,MEX,222,SLV,4009,"Tubes, pipes and hoses, of vulcanised rubber (other than hard rubber), with or without their fittings (e.g. joints, elbows, flanges)",N/A,0.0,347085.0
X,484,MEX,276,DEU,4009,"Tubes, pipes and hoses, of vulcanised rubber (other than hard rubber), with or without their fittings (e.g. joints, elbows, flanges)",N/A,0.0,607248.0
X,484,MEX,320,GTM,4009,"Tubes, pipes and hoses, of vulcanised rubber (other than hard rubber), with or without their fittings (e.g. joints, elbows, flanges)",N/A,0.0,1648820.0
X,484,MEX,332,HTI,4009,"Tubes, pipes and hoses, of vulcanised rubber (other than hard rubber), with or without their fittings (e.g. joints, elbows, flanges)",N/A,0.0,14767.0
X,484,MEX,340,HND,4009,"Tubes, pipes and hoses, of vulcanised rubber (other than hard rubber), with or without their fittings (e.g. joints, elbows, flanges)",N/A,0.0,1630010.0
X,484,MEX,392,JPN,4009,"Tubes, pipes and hoses, of vulcanised rubber (other than hard rubber), with or without their fittings (e.g. joints, elbows, flanges)",N/A,0.0,38240.0
X,484,MEX,410,KOR,4009,"Tubes, pipes and hoses, of vulcanised rubber (other than hard rubber), with or without their fittings (e.g. joints, elbows, flanges)",N/A,0.0,257705.0
X,484,MEX,528,NLD,4009,"Tubes, pipes and hoses, of vulcanised rubber (other than hard rubber), with or without their fittings (e.g. joints, elbows, flanges)",N/A,0.0,316561.0
X,484,MEX,533,ABW,4009,"Tubes, pipes and hoses, of vulcanised rubber (other than hard rubber), with or without their fittings (e.g. joints, elbows, flanges)",N/A,0.0,709.0
X,484,MEX,558,NIC,4009,"Tubes, pipes and hoses, of vulcanised rubber (other than hard rubber), with or without their fittings (e.g. joints, elbows, flanges)",N/A,0.0,939703.0
X,484,MEX,591,PAN,4009,"Tubes, pipes and hoses, of vulcanised rubber (other than hard rubber), with or without their fittings (e.g. joints, elbows, flanges)",N/A,0.0,1162388.0
X,484,MEX,600,PRY,4009,"Tubes, pipes and hoses, of vulcanised rubber (other than hard rubber), with or without their fittings (e.g. joints, elbows, flanges)",N/A,0.0,40839.0
X,484,MEX,604,PER,4009,"Tubes, pipes and hoses, of vulcanised rubber (other than hard rubber), with or without their fittings (e.g. joints, elbows, flanges)",N/A,0.0,815058.0
X,484,MEX,616,POL,4009,"Tubes, pipes and hoses, of vulcanised rubber (other than hard rubber), with or without their fittings (e.g. joints, elbows, flanges)",N/A,0.0,2150786.0
X,484,MEX,699,IND,4009,"Tubes, pipes and hoses, of vulcanised rubber (other than hard rubber), with or without their fittings (e.g. joints, elbows, flanges)",N/A,0.0,88607.0
X,484,MEX,724,ESP,4009,"Tubes, pipes and hoses, of vulcanised rubber (other than hard rubber), with or without their fittings (e.g. joints, elbows, flanges)",N/A,0.0,1441536.0
X,484,MEX,764,THA,4009,"Tubes, pipes and hoses, of vulcanised rubber (other than hard rubber), with or without their fittings (e.g. joints, elbows, flanges)",N/A,0.0,19602.0
X,484,MEX,780,TTO,4009,"Tubes, pipes and hoses, of vulcanised rubber (other than hard rubber), with or without their fittings (e.g. joints, elbows, flanges)",N/A,0.0,5301.0
X,484,MEX,842,USA,4009,"Tubes, pipes and hoses, of vulcanised rubber (other than hard rubber), with or without their fittings (e.g. joints, elbows, flanges)",N/A,0.0,587619557.0
X,484,MEX,858,URY,4009,"Tubes, pipes and hoses, of vulcanised rubber (other than hard rubber), with or without their fittings (e.g. joints, elbows, flanges)",N/A,0.0,102728.0
X,484,MEX,862,VEN,4009,"Tubes, pipes and hoses, of vulcanised rubber (other than hard rubber), with or without their fittings (e.g. joints, elbows, flanges)",N/A,0.0,40063.0
X,484,MEX,0,W00,4010,"Conveyor or transmission belts or belting, of vulcanised rubber",N/A,0.0,147722103.0
X,484,MEX,32,ARG,4010,"Conveyor or transmission belts or belting, of vulcanised rubber",N/A,0.0,166659.0
X,484,MEX,36,AUS,4010,"Conveyor or transmission belts or belting, of vulcanised rubber",N/A,0.0,1920.0
X,484,MEX,56,BEL,4010,"Conveyor or transmission belts or belting, of vulcanised rubber",N/A,0.0,58820.0
X,484,MEX,68,BOL,4010,"Conveyor or transmission belts or belting, of vulcanised rubber",N/A,0.0,41360.0
X,484,MEX,76,BRA,4010,"Conveyor or transmission belts or belting, of vulcanised rubber",N/A,0.0,509632.0
X,484,MEX,84,BLZ,4010,"Conveyor or transmission belts or belting, of vulcanised rubber",N/A,0.0,16492.0
X,484,MEX,124,CAN,4010,"Conveyor or transmission belts or belting, of vulcanised rubber",N/A,0.0,5113352.0
X,484,MEX,152,CHL,4010,"Conveyor or transmission belts or belting, of vulcanised rubber",N/A,0.0,54412.0
X,484,MEX,156,CHN,4010,"Conveyor or transmission belts or belting, of vulcanised rubber",N/A,0.0,40813.0
X,484,MEX,170,COL,4010,"Conveyor or transmission belts or belting, of vulcanised rubber",N/A,0.0,115524.0
X,484,MEX,188,CRI,4010,"Conveyor or transmission belts or belting, of vulcanised rubber",N/A,0.0,387997.0
X,484,MEX,192,CUB,4010,"Conveyor or transmission belts or belting, of vulcanised rubber",N/A,0.0,49226.0
X,484,MEX,214,DOM,4010,"Conveyor or transmission belts or belting, of vulcanised rubber",N/A,0.0,910723.0
X,484,MEX,218,ECU,4010,"Conveyor or transmission belts or belting, of vulcanised rubber",N/A,0.0,29864.0
X,484,MEX,222,SLV,4010,"Conveyor or transmission belts or belting, of vulcanised rubber",N/A,0.0,396584.0
X,484,MEX,276,DEU,4010,"Conveyor or transmission belts or belting, of vulcanised rubber",N/A,0.0,35297.0
X,484,MEX,320,GTM,4010,"Conveyor or transmission belts or belting, of vulcanised rubber",N/A,0.0,498142.0
X,484,MEX,340,HND,4010,"Conveyor or transmission belts or belting, of vulcanised rubber",N/A,0.0,1247015.0
X,484,MEX,410,KOR,4010,"Conveyor or transmission belts or belting, of vulcanised rubber",N/A,0.0,93423.0
X,484,MEX,558,NIC,4010,"Conveyor or transmission belts or belting, of vulcanised rubber",N/A,0.0,271210.0
X,484,MEX,591,PAN,4010,"Conveyor or transmission belts or belting, of vulcanised rubber",N/A,0.0,261247.0
X,484,MEX,600,PRY,4010,"Conveyor or transmission belts or belting, of vulcanised rubber",N/A,0.0,4383.0
X,484,MEX,604,PER,4010,"Conveyor or transmission belts or belting, of vulcanised rubber",N/A,0.0,35143.0
X,484,MEX,724,ESP,4010,"Conveyor or transmission belts or belting, of vulcanised rubber",N/A,0.0,9657.0
X,484,MEX,780,TTO,4010,"Conveyor or transmission belts or belting, of vulcanised rubber",N/A,0.0,4863.0
X,484,MEX,826,GBR,4010,"Conveyor or transmission belts or belting, of vulcanised rubber",N/A,0.0,11380.0
X,484,MEX,842,USA,4010,"Conveyor or transmission belts or belting, of vulcanised rubber",N/A,0.0,137356965.0
X,484,MEX,0,W00,4011,"New pneumatic tyres, of rubber",N/A,0.0,1586706224.0
X,484,MEX,32,ARG,4011,"New pneumatic tyres, of rubber",N/A,0.0,634895.0
X,484,MEX,36,AUS,4011,"New pneumatic tyres, of rubber",N/A,0.0,256553.0
X,484,MEX,56,BEL,4011,"New pneumatic tyres, of rubber",N/A,0.0,340377.0
X,484,MEX,68,BOL,4011,"New pneumatic tyres, of rubber",N/A,0.0,2659176.0
X,484,MEX,76,BRA,4011,"New pneumatic tyres, of rubber",N/A,0.0,23074086.0
X,484,MEX,84,BLZ,4011,"New pneumatic tyres, of rubber",N/A,0.0,305434.0
X,484,MEX,124,CAN,4011,"New pneumatic tyres, of rubber",N/A,0.0,32801600.0
X,484,MEX,152,CHL,4011,"New pneumatic tyres, of rubber",N/A,0.0,1703245.0
X,484,MEX,156,CHN,4011,"New pneumatic tyres, of rubber",u,61483.0,4746458.0
X,484,MEX,170,COL,4011,"New pneumatic tyres, of rubber",N/A,0.0,10661233.0
X,484,MEX,188,CRI,4011,"New pneumatic tyres, of rubber",N/A,0.0,3637279.0
X,484,MEX,192,CUB,4011,"New pneumatic tyres, of rubber",N/A,0.0,215823.0
X,484,MEX,214,DOM,4011,"New pneumatic tyres, of rubber",N/A,0.0,556433.0
X,484,MEX,218,ECU,4011,"New pneumatic tyres, of rubber",N/A,0.0,13600874.0
X,484,MEX,222,SLV,4011,"New pneumatic tyres, of rubber",N/A,0.0,928017.0
X,484,MEX,276,DEU,4011,"New pneumatic tyres, of rubber",N/A,0.0,4951955.0
X,484,MEX,320,GTM,4011,"New pneumatic tyres, of rubber",N/A,0.0,5332828.0
X,484,MEX,340,HND,4011,"New pneumatic tyres, of rubber",N/A,0.0,1726229.0
X,484,MEX,344,HKG,4011,"New pneumatic tyres, of rubber",N/A,0.0,234942.0
X,484,MEX,392,JPN,4011,"New pneumatic tyres, of rubber",N/A,0.0,370904.0
X,484,MEX,410,KOR,4011,"New pneumatic tyres, of rubber",u,108696.0,6274538.0
X,484,MEX,528,NLD,4011,"New pneumatic tyres, of rubber",u,6618.0,468346.0
X,484,MEX,531,CUW,4011,"New pneumatic tyres, of rubber",N/A,0.0,270685.0
X,484,MEX,558,NIC,4011,"New pneumatic tyres, of rubber",N/A,0.0,155609.0
X,484,MEX,591,PAN,4011,"New pneumatic tyres, of rubber",N/A,0.0,3097808.0
X,484,MEX,604,PER,4011,"New pneumatic tyres, of rubber",N/A,0.0,3097239.0
X,484,MEX,699,IND,4011,"New pneumatic tyres, of rubber",u,2056.0,140150.0
X,484,MEX,724,ESP,4011,"New pneumatic tyres, of rubber",N/A,0.0,123631.0
X,484,MEX,784,ARE,4011,"New pneumatic tyres, of rubber",u,3879.0,273715.0
X,484,MEX,842,USA,4011,"New pneumatic tyres, of rubber",N/A,0.0,1403327187.0
X,484,MEX,858,URY,4011,"New pneumatic tyres, of rubber",N/A,0.0,363948.0
X,484,MEX,862,VEN,4011,"New pneumatic tyres, of rubber",N/A,0.0,130477.0
X,484,MEX,899,_X ,4011,"New pneumatic tyres, of rubber",N/A,0.0,60244550.0
X,484,MEX,0,W00,4012,"Retreaded or used pneumatic tyres of rubber; solid or cushion tyres, tyre treads and tyre flaps, of rubber",N/A,0.0,56768572.0
X,484,MEX,56,BEL,4012,"Retreaded or used pneumatic tyres of rubber; solid or cushion tyres, tyre treads and tyre flaps, of rubber",kg,119652.121,382382.0
X,484,MEX,170,COL,4012,"Retreaded or used pneumatic tyres of rubber; solid or cushion tyres, tyre treads and tyre flaps, of rubber",kg,1001890.55,3201823.0
X,484,MEX,188,CRI,4012,"Retreaded or used pneumatic tyres of rubber; solid or cushion tyres, tyre treads and tyre flaps, of rubber",kg,24777.979,79185.0
X,484,MEX,218,ECU,4012,"Retreaded or used pneumatic tyres of rubber; solid or cushion tyres, tyre treads and tyre flaps, of rubber",kg,382023.336,1220863.0
X,484,MEX,320,GTM,4012,"Retreaded or used pneumatic tyres of rubber; solid or cushion tyres, tyre treads and tyre flaps, of rubber",kg,314544.06,1005214.0
X,484,MEX,842,USA,4012,"Retreaded or used pneumatic tyres of rubber; solid or cushion tyres, tyre treads and tyre flaps, of rubber",N/A,0.0,50879105.0
X,484,MEX,0,W00,4013,"Inner tubes, of rubber",N/A,0.0,2003276.0
X,484,MEX,192,CUB,4013,"Inner tubes, of rubber",N/A,0.0,35639.0
X,484,MEX,320,GTM,4013,"Inner tubes, of rubber",N/A,0.0,9221.0
X,484,MEX,842,USA,4013,"Inner tubes, of rubber",N/A,0.0,1958416.0
X,484,MEX,0,W00,4014,"Hygienic or pharmaceutical articles (including teats), of vulcanised rubber other than hard rubber, with or without fittings of hard rubber",N/A,0.0,16321854.0
X,484,MEX,188,CRI,4014,"Hygienic or pharmaceutical articles (including teats), of vulcanised rubber other than hard rubber, with or without fittings of hard rubber",N/A,0.0,13991.0
X,484,MEX,192,CUB,4014,"Hygienic or pharmaceutical articles (including teats), of vulcanised rubber other than hard rubber, with or without fittings of hard rubber",N/A,0.0,4185.0
X,484,MEX,214,DOM,4014,"Hygienic or pharmaceutical articles (including teats), of vulcanised rubber other than hard rubber, with or without fittings of hard rubber",N/A,0.0,23522.0
X,484,MEX,222,SLV,4014,"Hygienic or pharmaceutical articles (including teats), of vulcanised rubber other than hard rubber, with or without fittings of hard rubber",kg,401.0,8714.0
X,484,MEX,320,GTM,4014,"Hygienic or pharmaceutical articles (including teats), of vulcanised rubber other than hard rubber, with or without fittings of hard rubber",N/A,0.0,502040.0
X,484,MEX,340,HND,4014,"Hygienic or pharmaceutical articles (including teats), of vulcanised rubber other than hard rubber, with or without fittings of hard rubber",N/A,0.0,6079.0
X,484,MEX,591,PAN,4014,"Hygienic or pharmaceutical articles (including teats), of vulcanised rubber other than hard rubber, with or without fittings of hard rubber",N/A,0.0,58762.0
X,484,MEX,842,USA,4014,"Hygienic or pharmaceutical articles (including teats), of vulcanised rubber other than hard rubber, with or without fittings of hard rubber",kg,890931.0,15704561.0
X,484,MEX,0,W00,4015,"Articles of apparel and clothing accessories (including gloves, mittens and mitts), for all purposes, of vulcanised rubber other than hard rubber",N/A,0.0,10789057.0
X,484,MEX,84,BLZ,4015,"Articles of apparel and clothing accessories (including gloves, mittens and mitts), for all purposes, of vulcanised rubber other than hard rubber",kg,2221.0,10391.0
X,484,MEX,152,CHL,4015,"Articles of apparel and clothing accessories (including gloves, mittens and mitts), for all purposes, of vulcanised rubber other than hard rubber",N/A,0.0,29876.0
X,484,MEX,170,COL,4015,"Articles of apparel and clothing accessories (including gloves, mittens and mitts), for all purposes, of vulcanised rubber other than hard rubber",N/A,0.0,371348.0
X,484,MEX,188,CRI,4015,"Articles of apparel and clothing accessories (including gloves, mittens and mitts), for all purposes, of vulcanised rubber other than hard rubber",N/A,0.0,609881.0
X,484,MEX,192,CUB,4015,"Articles of apparel and clothing accessories (including gloves, mittens and mitts), for all purposes, of vulcanised rubber other than hard rubber",N/A,0.0,130390.0
X,484,MEX,214,DOM,4015,"Articles of apparel and clothing accessories (including gloves, mittens and mitts), for all purposes, of vulcanised rubber other than hard rubber",N/A,0.0,48749.0
X,484,MEX,222,SLV,4015,"Articles of apparel and clothing accessories (including gloves, mittens and mitts), for all purposes, of vulcanised rubber other than hard rubber",N/A,0.0,163247.0
X,484,MEX,320,GTM,4015,"Articles of apparel and clothing accessories (including gloves, mittens and mitts), for all purposes, of vulcanised rubber other than hard rubber",N/A,0.0,2542710.0
X,484,MEX,340,HND,4015,"Articles of apparel and clothing accessories (including gloves, mittens and mitts), for all purposes, of vulcanised rubber other than hard rubber",kg,3578.0,34099.0
X,484,MEX,558,NIC,4015,"Articles of apparel and clothing accessories (including gloves, mittens and mitts), for all purposes, of vulcanised rubber other than hard rubber",N/A,0.0,6234.0
X,484,MEX,591,PAN,4015,"Articles of apparel and clothing accessories (including gloves, mittens and mitts), for all purposes, of vulcanised rubber other than hard rubber",N/A,0.0,619772.0
X,484,MEX,604,PER,4015,"Articles of apparel and clothing accessories (including gloves, mittens and mitts), for all purposes, of vulcanised rubber other than hard rubber",kg,4135.0,51648.0
X,484,MEX,724,ESP,4015,"Articles of apparel and clothing accessories (including gloves, mittens and mitts), for all purposes, of vulcanised rubber other than hard rubber",kg,196.0,2778.0
X,484,MEX,842,USA,4015,"Articles of apparel and clothing accessories (including gloves, mittens and mitts), for all purposes, of vulcanised rubber other than hard rubber",N/A,0.0,6165236.0
X,484,MEX,862,VEN,4015,"Articles of apparel and clothing accessories (including gloves, mittens and mitts), for all purposes, of vulcanised rubber other than hard rubber",N/A,0.0,2698.0
X,484,MEX,0,W00,4016,"Articles of vulcanised rubber other than hard rubber, n.e.c. in chapter 40",N/A,0.0,872802353.0
X,484,MEX,32,ARG,4016,"Articles of vulcanised rubber other than hard rubber, n.e.c. in chapter 40",N/A,0.0,1342945.0
X,484,MEX,36,AUS,4016,"Articles of vulcanised rubber other than hard rubber, n.e.c. in chapter 40",N/A,0.0,607009.0
X,484,MEX,40,AUT,4016,"Articles of vulcanised rubber other than hard rubber, n.e.c. in chapter 40",N/A,0.0,22301.0
X,484,MEX,44,BHS,4016,"Articles of vulcanised rubber other than hard rubber, n.e.c. in chapter 40",N/A,0.0,909.0
X,484,MEX,52,BRB,4016,"Articles of vulcanised rubber other than hard rubber, n.e.c. in chapter 40",N/A,0.0,20153.0
X,484,MEX,56,BEL,4016,"Articles of vulcanised rubber other than hard rubber, n.e.c. in chapter 40",N/A,0.0,1210192.0
X,484,MEX,68,BOL,4016,"Articles of vulcanised rubber other than hard rubber, n.e.c. in chapter 40",N/A,0.0,120089.0
X,484,MEX,76,BRA,4016,"Articles of vulcanised rubber other than hard rubber, n.e.c. in chapter 40",N/A,0.0,8292330.0
X,484,MEX,84,BLZ,4016,"Articles of vulcanised rubber other than hard rubber, n.e.c. in chapter 40",N/A,0.0,31191.0
X,484,MEX,124,CAN,4016,"Articles of vulcanised rubber other than hard rubber, n.e.c. in chapter 40",N/A,0.0,7367910.0
X,484,MEX,152,CHL,4016,"Articles of vulcanised rubber other than hard rubber, n.e.c. in chapter 40",N/A,0.0,614080.0
X,484,MEX,156,CHN,4016,"Articles of vulcanised rubber other than hard rubber, n.e.c. in chapter 40",N/A,0.0,8026999.0
X,484,MEX,170,COL,4016,"Articles of vulcanised rubber other than hard rubber, n.e.c. in chapter 40",N/A,0.0,2566416.0
X,484,MEX,188,CRI,4016,"Articles of vulcanised rubber other than hard rubber, n.e.c. in chapter 40",N/A,0.0,825199.0
X,484,MEX,192,CUB,4016,"Articles of vulcanised rubber other than hard rubber, n.e.c. in chapter 40",N/A,0.0,115459.0
X,484,MEX,203,CZE,4016,"Articles of vulcanised rubber other than hard rubber, n.e.c. in chapter 40",N/A,0.0,227571.0
X,484,MEX,208,DNK,4016,"Articles of vulcanised rubber other than hard rubber, n.e.c. in chapter 40",N/A,0.0,4417.0
X,484,MEX,214,DOM,4016,"Articles of vulcanised rubber other than hard rubber, n.e.c. in chapter 40",N/A,0.0,335951.0
X,484,MEX,218,ECU,4016,"Articles of vulcanised rubber other than hard rubber, n.e.c. in chapter 40",N/A,0.0,630226.0
X,484,MEX,222,SLV,4016,"Articles of vulcanised rubber other than hard rubber, n.e.c. in chapter 40",N/A,0.0,1460664.0
X,484,MEX,251,FRA,4016,"Articles of vulcanised rubber other than hard rubber, n.e.c. in chapter 40",N/A,0.0,14388891.0
X,484,MEX,276,DEU,4016,"Articles of vulcanised rubber other than hard rubber, n.e.c. in chapter 40",N/A,0.0,2290977.0
X,484,MEX,320,GTM,4016,"Articles of vulcanised rubber other than hard rubber, n.e.c. in chapter 40",N/A,0.0,1654630.0
X,484,MEX,328,GUY,4016,"Articles of vulcanised rubber other than hard rubber, n.e.c. in chapter 40",N/A,0.0,277.0
X,484,MEX,332,HTI,4016,"Articles of vulcanised rubber other than hard rubber, n.e.c. in chapter 40",N/A,0.0,12595.0
X,484,MEX,340,HND,4016,"Articles of vulcanised rubber other than hard rubber, n.e.c. in chapter 40",N/A,0.0,1887298.0
X,484,MEX,344,HKG,4016,"Articles of vulcanised rubber other than hard rubber, n.e.c. in chapter 40",N/A,0.0,18543.0
X,484,MEX,348,HUN,4016,"Articles of vulcanised rubber other than hard rubber, n.e.c. in chapter 40",N/A,0.0,41474.0
X,484,MEX,360,IDN,4016,"Articles of vulcanised rubber other than hard rubber, n.e.c. in chapter 40",N/A,0.0,17407.0
X,484,MEX,368,IRQ,4016,"Articles of vulcanised rubber other than hard rubber, n.e.c. in chapter 40",kg,7.46,5584.0
X,484,MEX,376,ISR,4016,"Articles of vulcanised rubber other than hard rubber, n.e.c. in chapter 40",N/A,0.0,3334.0
X,484,MEX,380,ITA,4016,"Articles of vulcanised rubber other than hard rubber, n.e.c. in chapter 40",N/A,0.0,216221.0
X,484,MEX,388,JAM,4016,"Articles of vulcanised rubber other than hard rubber, n.e.c. in chapter 40",N/A,0.0,49565.0
X,484,MEX,392,JPN,4016,"Articles of vulcanised rubber other than hard rubber, n.e.c. in chapter 40",N/A,0.0,354235.0
X,484,MEX,410,KOR,4016,"Articles of vulcanised rubber other than hard rubber, n.e.c. in chapter 40",N/A,0.0,62701.0
X,484,MEX,458,MYS,4016,"Articles of vulcanised rubber other than hard rubber, n.e.c. in chapter 40",N/A,0.0,181896.0
X,484,MEX,490,S19,4016,"Articles of vulcanised rubber other than hard rubber, n.e.c. in chapter 40",N/A,0.0,2952.0
X,484,MEX,504,MAR,4016,"Articles of vulcanised rubber other than hard rubber, n.e.c. in chapter 40",N/A,0.0,15585.0
X,484,MEX,528,NLD,4016,"Articles of vulcanised rubber other than hard rubber, n.e.c. in chapter 40",N/A,0.0,508624.0
X,484,MEX,533,ABW,4016,"Articles of vulcanised rubber other than hard rubber, n.e.c. in chapter 40",N/A,0.0,3697.0
X,484,MEX,558,NIC,4016,"Articles of vulcanised rubber other than hard rubber, n.e.c. in chapter 40",N/A,0.0,14116676.0
X,484,MEX,591,PAN,4016,"Articles of vulcanised rubber other than hard rubber, n.e.c. in chapter 40",N/A,0.0,990053.0
X,484,MEX,600,PRY,4016,"Articles of vulcanised rubber other than hard rubber, n.e.c. in chapter 40",N/A,0.0,81965.0
X,484,MEX,604,PER,4016,"Articles of vulcanised rubber other than hard rubber, n.e.c. in chapter 40",N/A,0.0,577978.0
X,484,MEX,616,POL,4016,"Articles of vulcanised rubber other than hard rubber, n.e.c. in chapter 40",N/A,0.0,2168308.0
X,484,MEX,620,PRT,4016,"Articles of vulcanised rubber other than hard rubber, n.e.c. in chapter 40",N/A,0.0,5436.0
X,484,MEX,642,ROU,4016,"Articles of vulcanised rubber other than hard rubber, n.e.c. in chapter 40",N/A,0.0,108567.0
X,484,MEX,643,RUS,4016,"Articles of vulcanised rubber other than hard rubber, n.e.c. in chapter 40",N/A,0.0,443871.0
X,484,MEX,662,LCA,4016,"Articles of vulcanised rubber other than hard rubber, n.e.c. in chapter 40",N/A,0.0,209.0
X,484,MEX,682,SAU,4016,"Articles of vulcanised rubber other than hard rubber, n.e.c. in chapter 40",N/A,0.0,154421.0
X,484,MEX,699,IND,4016,"Articles of vulcanised rubber other than hard rubber, n.e.c. in chapter 40",N/A,0.0,599836.0
X,484,MEX,702,SGP,4016,"Articles of vulcanised rubber other than hard rubber, n.e.c. in chapter 40",N/A,0.0,406405.0
X,484,MEX,710,ZAF,4016,"Articles of vulcanised rubber other than hard rubber, n.e.c. in chapter 40",N/A,0.0,89349.0
X,484,MEX,724,ESP,4016,"Articles of vulcanised rubber other than hard rubber, n.e.c. in chapter 40",N/A,0.0,152397.0
X,484,MEX,752,SWE,4016,"Articles of vulcanised rubber other than hard rubber, n.e.c. in chapter 40",N/A,0.0,24195.0
X,484,MEX,757,CHE,4016,"Articles of vulcanised rubber other than hard rubber, n.e.c. in chapter 40",N/A,0.0,2118.0
X,484,MEX,764,THA,4016,"Articles of vulcanised rubber other than hard rubber, n.e.c. in chapter 40",N/A,0.0,283610.0
X,484,MEX,780,TTO,4016,"Articles of vulcanised rubber other than hard rubber, n.e.c. in chapter 40",N/A,0.0,210916.0
X,484,MEX,784,ARE,4016,"Articles of vulcanised rubber other than hard rubber, n.e.c. in chapter 40",N/A,0.0,114676.0
X,484,MEX,792,TUR,4016,"Articles of vulcanised rubber other than hard rubber, n.e.c. in chapter 40",N/A,0.0,590286.0
X,484,MEX,826,GBR,4016,"Articles of vulcanised rubber other than hard rubber, n.e.c. in chapter 40",N/A,0.0,915344.0
X,484,MEX,842,USA,4016,"Articles of vulcanised rubber other than hard rubber, n.e.c. in chapter 40",N/A,0.0,795114771.0
X,484,MEX,858,URY,4016,"Articles of vulcanised rubber other than hard rubber, n.e.c. in chapter 40",N/A,0.0,53182.0
X,484,MEX,862,VEN,4016,"Articles of vulcanised rubber other than hard rubber, n.e.c. in chapter 40",N/A,0.0,59287.0
X,484,MEX,0,W00,4017,"Hard rubber (e.g. ebonite) in all forms, including waste and scrap; articles of hard rubber",kg,44230.0,102624.0
X,484,MEX,842,USA,4017,"Hard rubber (e.g. ebonite) in all forms, including waste and scrap; articles of hard rubber",kg,44230.0,102624.0
X,484,MEX,0,W00,5006,"Silk yarn and yarn spun from silk waste, put up for retail sale; silk-worm gut",kg,731.0,137950.0
X,484,MEX,842,USA,5006,"Silk yarn and yarn spun from silk waste, put up for retail sale; silk-worm gut",kg,731.0,137950.0
X,484,MEX,0,W00,5007,Woven fabrics of silk or of silk waste,N/A,0.0,10829.0
X,484,MEX,842,USA,5007,Woven fabrics of silk or of silk waste,N/A,0.0,10829.0
X,484,MEX,0,W00,5107,"Yarn of combed wool, not put up for retail sale",N/A,0.0,3435550.0
X,484,MEX,842,USA,5107,"Yarn of combed wool, not put up for retail sale",N/A,0.0,3435550.0
X,484,MEX,0,W00,5111,Woven fabrics of carded wool or of carded fine animal hair,N/A,0.0,11131282.0
X,484,MEX,842,USA,5111,Woven fabrics of carded wool or of carded fine animal hair,N/A,0.0,11131282.0
X,484,MEX,0,W00,5112,Woven fabrics of combed wool or of combed fine animal hair,N/A,0.0,8011848.0
X,484,MEX,320,GTM,5112,Woven fabrics of combed wool or of combed fine animal hair,N/A,0.0,2465544.0
X,484,MEX,842,USA,5112,Woven fabrics of combed wool or of combed fine animal hair,N/A,0.0,5546304.0
X,484,MEX,0,W00,7001,"Glass; cullet and other waste and scrap of glass, glass in the mass",kg,5378337.0,1648395.0
X,484,MEX,842,USA,7001,"Glass; cullet and other waste and scrap of glass, glass in the mass",kg,5378337.0,1648395.0
X,484,MEX,0,W00,7002,"Glass in balls (other than microspheres of heading no. 7018), rods or tubes, unworked",N/A,0.0,127059.0
X,484,MEX,842,USA,7002,"Glass in balls (other than microspheres of heading no. 7018), rods or tubes, unworked",N/A,0.0,127059.0
X,484,MEX,0,W00,7003,"Glass; cast glass and rolled glass in sheets or profiles, whether or not having an absorbent, reflecting or non-reflecting layer, but not otherwise worked",N/A,0.0,5944084.0
X,484,MEX,84,BLZ,7003,"Glass; cast glass and rolled glass in sheets or profiles, whether or not having an absorbent, reflecting or non-reflecting layer, but not otherwise worked",N/A,0.0,2649.0
X,484,MEX,842,USA,7003,"Glass; cast glass and rolled glass in sheets or profiles, whether or not having an absorbent, reflecting or non-reflecting layer, but not otherwise worked",N/A,0.0,5941435.0
X,484,MEX,0,W00,7004,"Glass; drawn glass and blown glass, in sheets, whether or not having an absorbent, reflecting or non-reflecting layer, but not otherwise worked",N/A,0.0,2425.0
X,484,MEX,842,USA,7004,"Glass; drawn glass and blown glass, in sheets, whether or not having an absorbent, reflecting or non-reflecting layer, but not otherwise worked",N/A,0.0,2425.0
X,484,MEX,0,W00,7005,"Glass; float glass and surface ground or polished glass, in sheets, whether or not having an absorbent, reflecting or non-reflecting layer, but not otherwise worked",N/A,0.0,10377592.0
X,484,MEX,84,BLZ,7005,"Glass; float glass and surface ground or polished glass, in sheets, whether or not having an absorbent, reflecting or non-reflecting layer, but not otherwise worked",N/A,0.0,188884.0
X,484,MEX,124,CAN,7005,"Glass; float glass and surface ground or polished glass, in sheets, whether or not having an absorbent, reflecting or non-reflecting layer, but not otherwise worked",N/A,0.0,1740677.0
X,484,MEX,152,CHL,7005,"Glass; float glass and surface ground or polished glass, in sheets, whether or not having an absorbent, reflecting or non-reflecting layer, but not otherwise worked",N/A,0.0,139825.0
X,484,MEX,604,PER,7005,"Glass; float glass and surface ground or polished glass, in sheets, whether or not having an absorbent, reflecting or non-reflecting layer, but not otherwise worked",N/A,0.0,96496.0
X,484,MEX,842,USA,7005,"Glass; float glass and surface ground or polished glass, in sheets, whether or not having an absorbent, reflecting or non-reflecting layer, but not otherwise worked",N/A,0.0,8211710.0
X,484,MEX,0,W00,7006,"Glass of heading no. 7003, 7004 or 7005, bent, edge-worked, engraved, drilled, enamelled or otherwise worked, not framed or fitted with other materials",kg,3123514.0,4107348.0
X,484,MEX,842,USA,7006,"Glass of heading no. 7003, 7004 or 7005, bent, edge-worked, engraved, drilled, enamelled or otherwise worked, not framed or fitted with other materials",kg,3123514.0,4107348.0
X,484,MEX,0,W00,7007,"Safety glass, consisting of toughened (tempered) or laminated glass",N/A,0.0,305743469.0
X,484,MEX,32,ARG,7007,"Safety glass, consisting of toughened (tempered) or laminated glass",N/A,0.0,186770.0
X,484,MEX,56,BEL,7007,"Safety glass, consisting of toughened (tempered) or laminated glass",N/A,0.0,469012.0
X,484,MEX,76,BRA,7007,"Safety glass, consisting of toughened (tempered) or laminated glass",N/A,0.0,155515.0
X,484,MEX,84,BLZ,7007,"Safety glass, consisting of toughened (tempered) or laminated glass",N/A,0.0,54710.0
X,484,MEX,124,CAN,7007,"Safety glass, consisting of toughened (tempered) or laminated glass",N/A,0.0,1567538.0
X,484,MEX,152,CHL,7007,"Safety glass, consisting of toughened (tempered) or laminated glass",N/A,0.0,34411.0
X,484,MEX,156,CHN,7007,"Safety glass, consisting of toughened (tempered) or laminated glass",N/A,0.0,380905.0
X,484,MEX,170,COL,7007,"Safety glass, consisting of toughened (tempered) or laminated glass",N/A,0.0,1780510.0
X,484,MEX,188,CRI,7007,"Safety glass, consisting of toughened (tempered) or laminated glass",N/A,0.0,94398.0
X,484,MEX,192,CUB,7007,"Safety glass, consisting of toughened (tempered) or laminated glass",N/A,0.0,32828.0
X,484,MEX,214,DOM,7007,"Safety glass, consisting of toughened (tempered) or laminated glass",N/A,0.0,735046.0
X,484,MEX,218,ECU,7007,"Safety glass, consisting of toughened (tempered) or laminated glass",N/A,0.0,658862.0
X,484,MEX,222,SLV,7007,"Safety glass, consisting of toughened (tempered) or laminated glass",N/A,0.0,653818.0
X,484,MEX,276,DEU,7007,"Safety glass, consisting of toughened (tempered) or laminated glass",N/A,0.0,695727.0
X,484,MEX,320,GTM,7007,"Safety glass, consisting of toughened (tempered) or laminated glass",N/A,0.0,1073671.0
X,484,MEX,340,HND,7007,"Safety glass, consisting of toughened (tempered) or laminated glass",N/A,0.0,146951.0
X,484,MEX,392,JPN,7007,"Safety glass, consisting of toughened (tempered) or laminated glass",N/A,0.0,1340.0
X,484,MEX,528,NLD,7007,"Safety glass, consisting of toughened (tempered) or laminated glass",N/A,0.0,144602.0
X,484,MEX,558,NIC,7007,"Safety glass, consisting of toughened (tempered) or laminated glass",N/A,0.0,236974.0
X,484,MEX,591,PAN,7007,"Safety glass, consisting of toughened (tempered) or laminated glass",N/A,0.0,280940.0
X,484,MEX,604,PER,7007,"Safety glass, consisting of toughened (tempered) or laminated glass",N/A,0.0,61962.0
X,484,MEX,842,USA,7007,"Safety glass, consisting of toughened (tempered) or laminated glass",N/A,0.0,296296979.0
X,484,MEX,0,W00,7008,Glass; multiple-walled insulating units of glass,kg,47756401.0,117950145.0
X,484,MEX,842,USA,7008,Glass; multiple-walled insulating units of glass,kg,47756401.0,117950145.0
X,484,MEX,0,W00,7009,"Glass mirrors; whether or not framed, including rear-view mirrors",N/A,0.0,169810312.0
X,484,MEX,32,ARG,7009,"Glass mirrors; whether or not framed, including rear-view mirrors",N/A,0.0,32756.0
X,484,MEX,56,BEL,7009,"Glass mirrors; whether or not framed, including rear-view mirrors",N/A,0.0,279369.0
X,484,MEX,68,BOL,7009,"Glass mirrors; whether or not framed, including rear-view mirrors",N/A,0.0,4696.0
X,484,MEX,76,BRA,7009,"Glass mirrors; whether or not framed, including rear-view mirrors",N/A,0.0,64059.0
X,484,MEX,84,BLZ,7009,"Glass mirrors; whether or not framed, including rear-view mirrors",N/A,0.0,33795.0
X,484,MEX,124,CAN,7009,"Glass mirrors; whether or not framed, including rear-view mirrors",N/A,0.0,1230259.0
X,484,MEX,152,CHL,7009,"Glass mirrors; whether or not framed, including rear-view mirrors",N/A,0.0,100311.0
X,484,MEX,170,COL,7009,"Glass mirrors; whether or not framed, including rear-view mirrors",N/A,0.0,162031.0
X,484,MEX,188,CRI,7009,"Glass mirrors; whether or not framed, including rear-view mirrors",N/A,0.0,462805.0
X,484,MEX,192,CUB,7009,"Glass mirrors; whether or not framed, including rear-view mirrors",N/A,0.0,30543.0
X,484,MEX,214,DOM,7009,"Glass mirrors; whether or not framed, including rear-view mirrors",N/A,0.0,325365.0
X,484,MEX,218,ECU,7009,"Glass mirrors; whether or not framed, including rear-view mirrors",N/A,0.0,13450.0
X,484,MEX,222,SLV,7009,"Glass mirrors; whether or not framed, including rear-view mirrors",N/A,0.0,233716.0
X,484,MEX,276,DEU,7009,"Glass mirrors; whether or not framed, including rear-view mirrors",N/A,0.0,269533.0
X,484,MEX,320,GTM,7009,"Glass mirrors; whether or not framed, including rear-view mirrors",N/A,0.0,313237.0
X,484,MEX,340,HND,7009,"Glass mirrors; whether or not framed, including rear-view mirrors",N/A,0.0,166094.0
X,484,MEX,392,JPN,7009,"Glass mirrors; whether or not framed, including rear-view mirrors",N/A,0.0,49527.0
X,484,MEX,558,NIC,7009,"Glass mirrors; whether or not framed, including rear-view mirrors",N/A,0.0,129246.0
X,484,MEX,591,PAN,7009,"Glass mirrors; whether or not framed, including rear-view mirrors",N/A,0.0,525503.0
X,484,MEX,600,PRY,7009,"Glass mirrors; whether or not framed, including rear-view mirrors",N/A,0.0,5942.0
X,484,MEX,604,PER,7009,"Glass mirrors; whether or not framed, including rear-view mirrors",N/A,0.0,56769.0
X,484,MEX,842,USA,7009,"Glass mirrors; whether or not framed, including rear-view mirrors",N/A,0.0,165320432.0
X,484,MEX,858,URY,7009,"Glass mirrors; whether or not framed, including rear-view mirrors",N/A,0.0,874.0
X,484,MEX,0,W00,7010,"Carboys, bottles, flasks, jars, pots, phials, ampoules, containers of glass of a kind used for the conveyance or packing of goods; preserving jars of glass; stoppers, lids and other closures of glass",N/A,0.0,651611033.0
X,484,MEX,32,ARG,7010,"Carboys, bottles, flasks, jars, pots, phials, ampoules, containers of glass of a kind used for the conveyance or packing of goods; preserving jars of glass; stoppers, lids and other closures of glass",kg,1221930.0,2284807.0
X,484,MEX,76,BRA,7010,"Carboys, bottles, flasks, jars, pots, phials, ampoules, containers of glass of a kind used for the conveyance or packing of goods; preserving jars of glass; stoppers, lids and other closures of glass",N/A,0.0,19213793.0
X,484,MEX,84,BLZ,7010,"Carboys, bottles, flasks, jars, pots, phials, ampoules, containers of glass of a kind used for the conveyance or packing of goods; preserving jars of glass; stoppers, lids and other closures of glass",kg,399437.0,445454.0
X,484,MEX,124,CAN,7010,"Carboys, bottles, flasks, jars, pots, phials, ampoules, containers of glass of a kind used for the conveyance or packing of goods; preserving jars of glass; stoppers, lids and other closures of glass",N/A,0.0,35408453.0
X,484,MEX,152,CHL,7010,"Carboys, bottles, flasks, jars, pots, phials, ampoules, containers of glass of a kind used for the conveyance or packing of goods; preserving jars of glass; stoppers, lids and other closures of glass",N/A,0.0,1976381.0
X,484,MEX,156,CHN,7010,"Carboys, bottles, flasks, jars, pots, phials, ampoules, containers of glass of a kind used for the conveyance or packing of goods; preserving jars of glass; stoppers, lids and other closures of glass",N/A,0.0,748079.0
X,484,MEX,170,COL,7010,"Carboys, bottles, flasks, jars, pots, phials, ampoules, containers of glass of a kind used for the conveyance or packing of goods; preserving jars of glass; stoppers, lids and other closures of glass",N/A,0.0,19675497.0
X,484,MEX,188,CRI,7010,"Carboys, bottles, flasks, jars, pots, phials, ampoules, containers of glass of a kind used for the conveyance or packing of goods; preserving jars of glass; stoppers, lids and other closures of glass",N/A,0.0,1458536.0
X,484,MEX,192,CUB,7010,"Carboys, bottles, flasks, jars, pots, phials, ampoules, containers of glass of a kind used for the conveyance or packing of goods; preserving jars of glass; stoppers, lids and other closures of glass",N/A,0.0,529591.0
X,484,MEX,214,DOM,7010,"Carboys, bottles, flasks, jars, pots, phials, ampoules, containers of glass of a kind used for the conveyance or packing of goods; preserving jars of glass; stoppers, lids and other closures of glass",kg,1744050.0,1682260.0
X,484,MEX,218,ECU,7010,"Carboys, bottles, flasks, jars, pots, phials, ampoules, containers of glass of a kind used for the conveyance or packing of goods; preserving jars of glass; stoppers, lids and other closures of glass",kg,38754.0,79480.0
X,484,MEX,222,SLV,7010,"Carboys, bottles, flasks, jars, pots, phials, ampoules, containers of glass of a kind used for the conveyance or packing of goods; preserving jars of glass; stoppers, lids and other closures of glass",N/A,0.0,1476041.0
X,484,MEX,251,FRA,7010,"Carboys, bottles, flasks, jars, pots, phials, ampoules, containers of glass of a kind used for the conveyance or packing of goods; preserving jars of glass; stoppers, lids and other closures of glass",N/A,0.0,3896017.0
X,484,MEX,276,DEU,7010,"Carboys, bottles, flasks, jars, pots, phials, ampoules, containers of glass of a kind used for the conveyance or packing of goods; preserving jars of glass; stoppers, lids and other closures of glass",N/A,0.0,868771.0
X,484,MEX,320,GTM,7010,"Carboys, bottles, flasks, jars, pots, phials, ampoules, containers of glass of a kind used for the conveyance or packing of goods; preserving jars of glass; stoppers, lids and other closures of glass",N/A,0.0,6946807.0
X,484,MEX,340,HND,7010,"Carboys, bottles, flasks, jars, pots, phials, ampoules, containers of glass of a kind used for the conveyance or packing of goods; preserving jars of glass; stoppers, lids and other closures of glass",kg,7214.0,60833.0
X,484,MEX,380,ITA,7010,"Carboys, bottles, flasks, jars, pots, phials, ampoules, containers of glass of a kind used for the conveyance or packing of goods; preserving jars of glass; stoppers, lids and other closures of glass",kg,126784.0,423189.0
X,484,MEX,558,NIC,7010,"Carboys, bottles, flasks, jars, pots, phials, ampoules, containers of glass of a kind used for the conveyance or packing of goods; preserving jars of glass; stoppers, lids and other closures of glass",N/A,0.0,1490235.0
X,484,MEX,591,PAN,7010,"Carboys, bottles, flasks, jars, pots, phials, ampoules, containers of glass of a kind used for the conveyance or packing of goods; preserving jars of glass; stoppers, lids and other closures of glass",N/A,0.0,1058771.0
X,484,MEX,604,PER,7010,"Carboys, bottles, flasks, jars, pots, phials, ampoules, containers of glass of a kind used for the conveyance or packing of goods; preserving jars of glass; stoppers, lids and other closures of glass",N/A,0.0,696890.0
X,484,MEX,724,ESP,7010,"Carboys, bottles, flasks, jars, pots, phials, ampoules, containers of glass of a kind used for the conveyance or packing of goods; preserving jars of glass; stoppers, lids and other closures of glass",kg,981811.0,9473703.0
X,484,MEX,826,GBR,7010,"Carboys, bottles, flasks, jars, pots, phials, ampoules, containers of glass of a kind used for the conveyance or packing of goods; preserving jars of glass; stoppers, lids and other closures of glass",kg,4957692.0,3574478.0
X,484,MEX,842,USA,7010,"Carboys, bottles, flasks, jars, pots, phials, ampoules, containers of glass of a kind used for the conveyance or packing of goods; preserving jars of glass; stoppers, lids and other closures of glass",N/A,0.0,538142967.0
X,484,MEX,0,W00,7011,"Glass envelopes (including bulbs and tubes), open and glass parts thereof, without fittings, for electric lamps, cathode-ray tubes or the like",N/A,0.0,299322.0
X,484,MEX,170,COL,7011,"Glass envelopes (including bulbs and tubes), open and glass parts thereof, without fittings, for electric lamps, cathode-ray tubes or the like",N/A,0.0,459.0
X,484,MEX,842,USA,7011,"Glass envelopes (including bulbs and tubes), open and glass parts thereof, without fittings, for electric lamps, cathode-ray tubes or the like",N/A,0.0,298863.0
X,484,MEX,0,W00,7013,"Glassware of a kind used for table, kitchen, toilet, office, indoor decoration or similar purposes (other than of heading no. 7010 or 7018)",N/A,0.0,121884379.0
X,484,MEX,36,AUS,7013,"Glassware of a kind used for table, kitchen, toilet, office, indoor decoration or similar purposes (other than of heading no. 7010 or 7018)",N/A,0.0,23280.0
X,484,MEX,76,BRA,7013,"Glassware of a kind used for table, kitchen, toilet, office, indoor decoration or similar purposes (other than of heading no. 7010 or 7018)",N/A,0.0,166822.0
X,484,MEX,152,CHL,7013,"Glassware of a kind used for table, kitchen, toilet, office, indoor decoration or similar purposes (other than of heading no. 7010 or 7018)",N/A,0.0,1322400.0
X,484,MEX,170,COL,7013,"Glassware of a kind used for table, kitchen, toilet, office, indoor decoration or similar purposes (other than of heading no. 7010 or 7018)",N/A,0.0,695012.0
X,484,MEX,188,CRI,7013,"Glassware of a kind used for table, kitchen, toilet, office, indoor decoration or similar purposes (other than of heading no. 7010 or 7018)",N/A,0.0,817990.0
X,484,MEX,192,CUB,7013,"Glassware of a kind used for table, kitchen, toilet, office, indoor decoration or similar purposes (other than of heading no. 7010 or 7018)",N/A,0.0,8117.0
X,484,MEX,214,DOM,7013,"Glassware of a kind used for table, kitchen, toilet, office, indoor decoration or similar purposes (other than of heading no. 7010 or 7018)",N/A,0.0,1110378.0
X,484,MEX,222,SLV,7013,"Glassware of a kind used for table, kitchen, toilet, office, indoor decoration or similar purposes (other than of heading no. 7010 or 7018)",N/A,0.0,778758.0
X,484,MEX,251,FRA,7013,"Glassware of a kind used for table, kitchen, toilet, office, indoor decoration or similar purposes (other than of heading no. 7010 or 7018)",N/A,0.0,2281.0
X,484,MEX,276,DEU,7013,"Glassware of a kind used for table, kitchen, toilet, office, indoor decoration or similar purposes (other than of heading no. 7010 or 7018)",N/A,0.0,25679.0
X,484,MEX,320,GTM,7013,"Glassware of a kind used for table, kitchen, toilet, office, indoor decoration or similar purposes (other than of heading no. 7010 or 7018)",N/A,0.0,3885489.0
X,484,MEX,340,HND,7013,"Glassware of a kind used for table, kitchen, toilet, office, indoor decoration or similar purposes (other than of heading no. 7010 or 7018)",N/A,0.0,193921.0
X,484,MEX,388,JAM,7013,"Glassware of a kind used for table, kitchen, toilet, office, indoor decoration or similar purposes (other than of heading no. 7010 or 7018)",N/A,0.0,18478.0
X,484,MEX,528,NLD,7013,"Glassware of a kind used for table, kitchen, toilet, office, indoor decoration or similar purposes (other than of heading no. 7010 or 7018)",N/A,0.0,239869.0
X,484,MEX,558,NIC,7013,"Glassware of a kind used for table, kitchen, toilet, office, indoor decoration or similar purposes (other than of heading no. 7010 or 7018)",N/A,0.0,80521.0
X,484,MEX,591,PAN,7013,"Glassware of a kind used for table, kitchen, toilet, office, indoor decoration or similar purposes (other than of heading no. 7010 or 7018)",N/A,0.0,283787.0
X,484,MEX,604,PER,7013,"Glassware of a kind used for table, kitchen, toilet, office, indoor decoration or similar purposes (other than of heading no. 7010 or 7018)",N/A,0.0,244685.0
X,484,MEX,724,ESP,7013,"Glassware of a kind used for table, kitchen, toilet, office, indoor decoration or similar purposes (other than of heading no. 7010 or 7018)",N/A,0.0,26612.0
X,484,MEX,826,GBR,7013,"Glassware of a kind used for table, kitchen, toilet, office, indoor decoration or similar purposes (other than of heading no. 7010 or 7018)",N/A,0.0,79274.0
X,484,MEX,842,USA,7013,"Glassware of a kind used for table, kitchen, toilet, office, indoor decoration or similar purposes (other than of heading no. 7010 or 7018)",N/A,0.0,111881026.0
X,484,MEX,0,W00,7014,"Signalling glassware and optical elements of glass (other than those of heading no. 7015), not optically worked",kg,98.0,3113.0
X,484,MEX,842,USA,7014,"Signalling glassware and optical elements of glass (other than those of heading no. 7015), not optically worked",kg,98.0,3113.0
X,484,MEX,0,W00,7015,"Clock, watch and similar glasses, glasses for non-corrective or corrective spectacles, curved, bent, hallowed etc, not optically worked; hollow glass spheres and their segments for manufacture",N/A,0.0,156781.0
X,484,MEX,842,USA,7015,"Clock, watch and similar glasses, glasses for non-corrective or corrective spectacles, curved, bent, hallowed etc, not optically worked; hollow glass spheres and their segments for manufacture",N/A,0.0,156781.0
X,484,MEX,0,W00,7016,"Glass; paving blocks, slabs, bricks, tiles etc, of pressed, moulded glass, whether or not wired, glass smallwares for decorative purposes leaded lights and the like; multicellular or foam glass",N/A,0.0,13233066.0
X,484,MEX,320,GTM,7016,"Glass; paving blocks, slabs, bricks, tiles etc, of pressed, moulded glass, whether or not wired, glass smallwares for decorative purposes leaded lights and the like; multicellular or foam glass",kg,6128.0,36614.0
X,484,MEX,842,USA,7016,"Glass; paving blocks, slabs, bricks, tiles etc, of pressed, moulded glass, whether or not wired, glass smallwares for decorative purposes leaded lights and the like; multicellular or foam glass",N/A,0.0,13196452.0
X,484,MEX,0,W00,7017,"Laboratory, hygienic or pharmaceutical glassware, whether or not graduated or calibrated",N/A,0.0,45882591.0
X,484,MEX,76,BRA,7017,"Laboratory, hygienic or pharmaceutical glassware, whether or not graduated or calibrated",N/A,0.0,105085.0
X,484,MEX,170,COL,7017,"Laboratory, hygienic or pharmaceutical glassware, whether or not graduated or calibrated",kg,727.0,9059.0
X,484,MEX,188,CRI,7017,"Laboratory, hygienic or pharmaceutical glassware, whether or not graduated or calibrated",N/A,0.0,25367.0
X,484,MEX,222,SLV,7017,"Laboratory, hygienic or pharmaceutical glassware, whether or not graduated or calibrated",N/A,0.0,19211.0
X,484,MEX,320,GTM,7017,"Laboratory, hygienic or pharmaceutical glassware, whether or not graduated or calibrated",N/A,0.0,170454.0
X,484,MEX,604,PER,7017,"Laboratory, hygienic or pharmaceutical glassware, whether or not graduated or calibrated",N/A,0.0,158588.0
X,484,MEX,842,USA,7017,"Laboratory, hygienic or pharmaceutical glassware, whether or not graduated or calibrated",N/A,0.0,45394827.0
X,484,MEX,0,W00,7018,"Glass beads, imitation pearls, precious or semi-precious stones and similar glass smallwares, statuettes and other ornaments of worked glass; glass microspheres not exceeding 1mm in diameter",N/A,0.0,747648.0
X,484,MEX,188,CRI,7018,"Glass beads, imitation pearls, precious or semi-precious stones and similar glass smallwares, statuettes and other ornaments of worked glass; glass microspheres not exceeding 1mm in diameter",N/A,0.0,70776.0
X,484,MEX,842,USA,7018,"Glass beads, imitation pearls, precious or semi-precious stones and similar glass smallwares, statuettes and other ornaments of worked glass; glass microspheres not exceeding 1mm in diameter",N/A,0.0,676872.0
X,484,MEX,0,W00,7019,"Glass fibres (including glass wool) and articles thereof (e.g. yarn, woven fabrics)",N/A,0.0,464114519.0
X,484,MEX,32,ARG,7019,"Glass fibres (including glass wool) and articles thereof (e.g. yarn, woven fabrics)",N/A,0.0,42941.0
X,484,MEX,56,BEL,7019,"Glass fibres (including glass wool) and articles thereof (e.g. yarn, woven fabrics)",N/A,0.0,3840976.0
X,484,MEX,68,BOL,7019,"Glass fibres (including glass wool) and articles thereof (e.g. yarn, woven fabrics)",N/A,0.0,24978.0
X,484,MEX,76,BRA,7019,"Glass fibres (including glass wool) and articles thereof (e.g. yarn, woven fabrics)",N/A,0.0,2703658.0
X,484,MEX,84,BLZ,7019,"Glass fibres (including glass wool) and articles thereof (e.g. yarn, woven fabrics)",N/A,0.0,13313.0
X,484,MEX,124,CAN,7019,"Glass fibres (including glass wool) and articles thereof (e.g. yarn, woven fabrics)",N/A,0.0,14103213.0
X,484,MEX,152,CHL,7019,"Glass fibres (including glass wool) and articles thereof (e.g. yarn, woven fabrics)",N/A,0.0,2348139.0
X,484,MEX,156,CHN,7019,"Glass fibres (including glass wool) and articles thereof (e.g. yarn, woven fabrics)",N/A,0.0,350695.0
X,484,MEX,170,COL,7019,"Glass fibres (including glass wool) and articles thereof (e.g. yarn, woven fabrics)",N/A,0.0,2220609.0
X,484,MEX,188,CRI,7019,"Glass fibres (including glass wool) and articles thereof (e.g. yarn, woven fabrics)",N/A,0.0,871133.0
X,484,MEX,203,CZE,7019,"Glass fibres (including glass wool) and articles thereof (e.g. yarn, woven fabrics)",N/A,0.0,867331.0
X,484,MEX,214,DOM,7019,"Glass fibres (including glass wool) and articles thereof (e.g. yarn, woven fabrics)",N/A,0.0,344080.0
X,484,MEX,218,ECU,7019,"Glass fibres (including glass wool) and articles thereof (e.g. yarn, woven fabrics)",N/A,0.0,882282.0
X,484,MEX,222,SLV,7019,"Glass fibres (including glass wool) and articles thereof (e.g. yarn, woven fabrics)",N/A,0.0,668966.0
X,484,MEX,251,FRA,7019,"Glass fibres (including glass wool) and articles thereof (e.g. yarn, woven fabrics)",N/A,0.0,1727187.0
X,484,MEX,276,DEU,7019,"Glass fibres (including glass wool) and articles thereof (e.g. yarn, woven fabrics)",N/A,0.0,6098133.0
X,484,MEX,320,GTM,7019,"Glass fibres (including glass wool) and articles thereof (e.g. yarn, woven fabrics)",N/A,0.0,930077.0
X,484,MEX,340,HND,7019,"Glass fibres (including glass wool) and articles thereof (e.g. yarn, woven fabrics)",N/A,0.0,1217330.0
X,484,MEX,380,ITA,7019,"Glass fibres (including glass wool) and articles thereof (e.g. yarn, woven fabrics)",N/A,0.0,1159444.0
X,484,MEX,388,JAM,7019,"Glass fibres (including glass wool) and articles thereof (e.g. yarn, woven fabrics)",N/A,0.0,62021.0
X,484,MEX,392,JPN,7019,"Glass fibres (including glass wool) and articles thereof (e.g. yarn, woven fabrics)",N/A,0.0,305500.0
X,484,MEX,410,KOR,7019,"Glass fibres (including glass wool) and articles thereof (e.g. yarn, woven fabrics)",N/A,0.0,1092718.0
X,484,MEX,558,NIC,7019,"Glass fibres (including glass wool) and articles thereof (e.g. yarn, woven fabrics)",N/A,0.0,1766108.0
X,484,MEX,591,PAN,7019,"Glass fibres (including glass wool) and articles thereof (e.g. yarn, woven fabrics)",N/A,0.0,88990.0
X,484,MEX,604,PER,7019,"Glass fibres (including glass wool) and articles thereof (e.g. yarn, woven fabrics)",N/A,0.0,484413.0
X,484,MEX,699,IND,7019,"Glass fibres (including glass wool) and articles thereof (e.g. yarn, woven fabrics)",N/A,0.0,102369.0
X,484,MEX,724,ESP,7019,"Glass fibres (including glass wool) and articles thereof (e.g. yarn, woven fabrics)",N/A,0.0,3987478.0
X,484,MEX,784,ARE,7019,"Glass fibres (including glass wool) and articles thereof (e.g. yarn, woven fabrics)",kg,4507.0,14809.0
X,484,MEX,826,GBR,7019,"Glass fibres (including glass wool) and articles thereof (e.g. yarn, woven fabrics)",N/A,0.0,352331.0
X,484,MEX,842,USA,7019,"Glass fibres (including glass wool) and articles thereof (e.g. yarn, woven fabrics)",N/A,0.0,415376901.0
X,484,MEX,862,VEN,7019,"Glass fibres (including glass wool) and articles thereof (e.g. yarn, woven fabrics)",N/A,0.0,66396.0
X,484,MEX,0,W00,7020,Glass; articles n.e.c. in chapter 70,kg,1014298.817,5217922.0
X,484,MEX,170,COL,7020,Glass; articles n.e.c. in chapter 70,kg,35.851,313.0
X,484,MEX,188,CRI,7020,Glass; articles n.e.c. in chapter 70,kg,4.0,255.0
X,484,MEX,320,GTM,7020,Glass; articles n.e.c. in chapter 70,kg,30.0,2721.0
X,484,MEX,591,PAN,7020,Glass; articles n.e.c. in chapter 70,kg,36.0,265.0
X,484,MEX,842,USA,7020,Glass; articles n.e.c. in chapter 70,kg,1014192.966,5214368.0
X,484,MEX,0,W00,7202,Ferro-alloys,N/A,0.0,50000661.0
X,484,MEX,152,CHL,7202,Ferro-alloys,N/A,0.0,1599448.0
X,484,MEX,170,COL,7202,Ferro-alloys,N/A,0.0,7568028.0
X,484,MEX,320,GTM,7202,Ferro-alloys,N/A,0.0,2488832.0
X,484,MEX,528,NLD,7202,Ferro-alloys,N/A,0.0,348275.0
X,484,MEX,842,USA,7202,Ferro-alloys,N/A,0.0,37996078.0
X,484,MEX,0,W00,7204,Ferrous waste and scrap; remelting scrap ingots of iron or steel,N/A,0.0,406796225.0
X,484,MEX,56,BEL,7204,Ferrous waste and scrap; remelting scrap ingots of iron or steel,N/A,0.0,610871.0
X,484,MEX,76,BRA,7204,Ferrous waste and scrap; remelting scrap ingots of iron or steel,kg,309842.0,418728.0
X,484,MEX,410,KOR,7204,Ferrous waste and scrap; remelting scrap ingots of iron or steel,N/A,0.0,13851292.0
X,484,MEX,458,MYS,7204,Ferrous waste and scrap; remelting scrap ingots of iron or steel,N/A,0.0,514362.0
X,484,MEX,490,S19,7204,Ferrous waste and scrap; remelting scrap ingots of iron or steel,N/A,0.0,7502091.0
X,484,MEX,528,NLD,7204,Ferrous waste and scrap; remelting scrap ingots of iron or steel,N/A,0.0,7614074.0
X,484,MEX,699,IND,7204,Ferrous waste and scrap; remelting scrap ingots of iron or steel,N/A,0.0,22351695.0
X,484,MEX,724,ESP,7204,Ferrous waste and scrap; remelting scrap ingots of iron or steel,N/A,0.0,15916604.0
X,484,MEX,842,USA,7204,Ferrous waste and scrap; remelting scrap ingots of iron or steel,N/A,0.0,338016508.0
X,484,MEX,0,W00,7205,"Granules and powders, of pig iron, spiegeleisen, iron or steel",N/A,0.0,674451.0
X,484,MEX,842,USA,7205,"Granules and powders, of pig iron, spiegeleisen, iron or steel",N/A,0.0,674451.0
X,484,MEX,0,W00,7206,Iron and non-alloy steel in ingots or other primary forms (excluding iron of heading no. 7203),N/A,0.0,134503.0
X,484,MEX,842,USA,7206,Iron and non-alloy steel in ingots or other primary forms (excluding iron of heading no. 7203),N/A,0.0,134503.0
X,484,MEX,0,W00,7207,Iron or non-alloy steel; semi-finished products thereof,N/A,0.0,637566545.0
X,484,MEX,842,USA,7207,Iron or non-alloy steel; semi-finished products thereof,N/A,0.0,637566545.0
X,484,MEX,0,W00,7208,"Iron or non-alloy steel; flat-rolled products of a width of 600mm or more, hot-rolled, not clad, plated or coated",N/A,0.0,522927014.0
X,484,MEX,124,CAN,7208,"Iron or non-alloy steel; flat-rolled products of a width of 600mm or more, hot-rolled, not clad, plated or coated",N/A,0.0,353376.0
X,484,MEX,222,SLV,7208,"Iron or non-alloy steel; flat-rolled products of a width of 600mm or more, hot-rolled, not clad, plated or coated",N/A,0.0,7730059.0
X,484,MEX,320,GTM,7208,"Iron or non-alloy steel; flat-rolled products of a width of 600mm or more, hot-rolled, not clad, plated or coated",N/A,0.0,3916359.0
X,484,MEX,842,USA,7208,"Iron or non-alloy steel; flat-rolled products of a width of 600mm or more, hot-rolled, not clad, plated or coated",N/A,0.0,510927220.0
X,484,MEX,0,W00,7209,"Iron or non-alloy steel; flat-rolled products, width 600mm or more, cold-rolled (cold-reduced), not clad, plated or coated",N/A,0.0,204002955.0
X,484,MEX,842,USA,7209,"Iron or non-alloy steel; flat-rolled products, width 600mm or more, cold-rolled (cold-reduced), not clad, plated or coated",N/A,0.0,204002955.0
X,484,MEX,0,W00,7210,"Iron or non-alloy steel; flat-rolled products, width 600mm or more, clad, plated or coated",N/A,0.0,950458357.0
X,484,MEX,156,CHN,7210,"Iron or non-alloy steel; flat-rolled products, width 600mm or more, clad, plated or coated",N/A,0.0,176850.0
X,484,MEX,170,COL,7210,"Iron or non-alloy steel; flat-rolled products, width 600mm or more, clad, plated or coated",N/A,0.0,852970.0
X,484,MEX,188,CRI,7210,"Iron or non-alloy steel; flat-rolled products, width 600mm or more, clad, plated or coated",N/A,0.0,1243946.0
X,484,MEX,222,SLV,7210,"Iron or non-alloy steel; flat-rolled products, width 600mm or more, clad, plated or coated",N/A,0.0,1772670.0
X,484,MEX,320,GTM,7210,"Iron or non-alloy steel; flat-rolled products, width 600mm or more, clad, plated or coated",N/A,0.0,26709354.0
X,484,MEX,392,JPN,7210,"Iron or non-alloy steel; flat-rolled products, width 600mm or more, clad, plated or coated",N/A,0.0,5802.0
X,484,MEX,410,KOR,7210,"Iron or non-alloy steel; flat-rolled products, width 600mm or more, clad, plated or coated",kg,22825.0,70531.0
X,484,MEX,842,USA,7210,"Iron or non-alloy steel; flat-rolled products, width 600mm or more, clad, plated or coated",N/A,0.0,919626234.0
X,484,MEX,0,W00,7211,"Iron or non-alloy steel; flat-rolled products, width less than 600mm, not clad, plated or coated",N/A,0.0,106423126.0
X,484,MEX,124,CAN,7211,"Iron or non-alloy steel; flat-rolled products, width less than 600mm, not clad, plated or coated",N/A,0.0,54463.0
X,484,MEX,156,CHN,7211,"Iron or non-alloy steel; flat-rolled products, width less than 600mm, not clad, plated or coated",N/A,0.0,9220.0
X,484,MEX,392,JPN,7211,"Iron or non-alloy steel; flat-rolled products, width less than 600mm, not clad, plated or coated",N/A,0.0,4990.0
X,484,MEX,410,KOR,7211,"Iron or non-alloy steel; flat-rolled products, width less than 600mm, not clad, plated or coated",N/A,0.0,136375.0
X,484,MEX,842,USA,7211,"Iron or non-alloy steel; flat-rolled products, width less than 600mm, not clad, plated or coated",N/A,0.0,106218078.0
X,484,MEX,0,W00,7212,"Iron or non-alloy steel; flat-rolled products, width less than 600mm, clad, plated or coated",N/A,0.0,66410574.0
X,484,MEX,170,COL,7212,"Iron or non-alloy steel; flat-rolled products, width less than 600mm, clad, plated or coated",N/A,0.0,122163.0
X,484,MEX,842,USA,7212,"Iron or non-alloy steel; flat-rolled products, width less than 600mm, clad, plated or coated",N/A,0.0,66288411.0
X,484,MEX,0,W00,7213,"Iron or non-alloy steel; bars and rods, hot-rolled, in irregularly wound coils",N/A,0.0,87067106.0
X,484,MEX,320,GTM,7213,"Iron or non-alloy steel; bars and rods, hot-rolled, in irregularly wound coils",N/A,0.0,18501450.0
X,484,MEX,842,USA,7213,"Iron or non-alloy steel; bars and rods, hot-rolled, in irregularly wound coils",N/A,0.0,68565656.0
X,484,MEX,0,W00,7214,"Iron or non-alloy steel; bars and rods, not further worked than forged, hot-rolled, hot drawn or hot-extruded, but including those twisted after rolling",N/A,0.0,352365980.0
X,484,MEX,84,BLZ,7214,"Iron or non-alloy steel; bars and rods, not further worked than forged, hot-rolled, hot drawn or hot-extruded, but including those twisted after rolling",N/A,0.0,1557521.0
X,484,MEX,192,CUB,7214,"Iron or non-alloy steel; bars and rods, not further worked than forged, hot-rolled, hot drawn or hot-extruded, but including those twisted after rolling",N/A,0.0,57512.0
X,484,MEX,320,GTM,7214,"Iron or non-alloy steel; bars and rods, not further worked than forged, hot-rolled, hot drawn or hot-extruded, but including those twisted after rolling",N/A,0.0,12506878.0
X,484,MEX,842,USA,7214,"Iron or non-alloy steel; bars and rods, not further worked than forged, hot-rolled, hot drawn or hot-extruded, but including those twisted after rolling",N/A,0.0,338244069.0
X,484,MEX,0,W00,7215,"Iron or non-alloy steel; bars and rods, n.e.c. in chapter 72",N/A,0.0,4865841.0
X,484,MEX,320,GTM,7215,"Iron or non-alloy steel; bars and rods, n.e.c. in chapter 72",N/A,0.0,375870.0
X,484,MEX,842,USA,7215,"Iron or non-alloy steel; bars and rods, n.e.c. in chapter 72",N/A,0.0,4489971.0
X,484,MEX,0,W00,7216,"Iron or non-alloy steel, angles, shapes and sections",N/A,0.0,440713183.0
X,484,MEX,170,COL,7216,"Iron or non-alloy steel, angles, shapes and sections",N/A,0.0,829167.0
X,484,MEX,188,CRI,7216,"Iron or non-alloy steel, angles, shapes and sections",N/A,0.0,2041646.0
X,484,MEX,192,CUB,7216,"Iron or non-alloy steel, angles, shapes and sections",N/A,0.0,11777.0
X,484,MEX,222,SLV,7216,"Iron or non-alloy steel, angles, shapes and sections",N/A,0.0,2535584.0
X,484,MEX,320,GTM,7216,"Iron or non-alloy steel, angles, shapes and sections",N/A,0.0,18517846.0
X,484,MEX,340,HND,7216,"Iron or non-alloy steel, angles, shapes and sections",N/A,0.0,5404940.0
X,484,MEX,388,JAM,7216,"Iron or non-alloy steel, angles, shapes and sections",N/A,0.0,57845.0
X,484,MEX,558,NIC,7216,"Iron or non-alloy steel, angles, shapes and sections",N/A,0.0,307564.0
X,484,MEX,591,PAN,7216,"Iron or non-alloy steel, angles, shapes and sections",N/A,0.0,410367.0
X,484,MEX,842,USA,7216,"Iron or non-alloy steel, angles, shapes and sections",N/A,0.0,410596447.0
X,484,MEX,0,W00,7217,Wire of iron or non-alloy steel,N/A,0.0,174305701.0
X,484,MEX,32,ARG,7217,Wire of iron or non-alloy steel,N/A,0.0,416301.0
X,484,MEX,84,BLZ,7217,Wire of iron or non-alloy steel,N/A,0.0,167065.0
X,484,MEX,152,CHL,7217,Wire of iron or non-alloy steel,N/A,0.0,2184721.0
X,484,MEX,170,COL,7217,Wire of iron or non-alloy steel,N/A,0.0,645093.0
X,484,MEX,188,CRI,7217,Wire of iron or non-alloy steel,N/A,0.0,4209674.0
X,484,MEX,192,CUB,7217,Wire of iron or non-alloy steel,N/A,0.0,49157.0
X,484,MEX,218,ECU,7217,Wire of iron or non-alloy steel,N/A,0.0,56683.0
X,484,MEX,222,SLV,7217,Wire of iron or non-alloy steel,N/A,0.0,616357.0
X,484,MEX,320,GTM,7217,Wire of iron or non-alloy steel,N/A,0.0,2294269.0
X,484,MEX,340,HND,7217,Wire of iron or non-alloy steel,N/A,0.0,470582.0
X,484,MEX,558,NIC,7217,Wire of iron or non-alloy steel,N/A,0.0,200809.0
X,484,MEX,591,PAN,7217,Wire of iron or non-alloy steel,N/A,0.0,370134.0
X,484,MEX,604,PER,7217,Wire of iron or non-alloy steel,N/A,0.0,67026.0
X,484,MEX,842,USA,7217,Wire of iron or non-alloy steel,N/A,0.0,162523318.0
X,484,MEX,858,URY,7217,Wire of iron or non-alloy steel,N/A,0.0,34512.0
X,484,MEX,0,W00,7219,Stainless steel; flat-rolled products of width of 600mm or more,N/A,0.0,62752745.0
X,484,MEX,842,USA,7219,Stainless steel; flat-rolled products of width of 600mm or more,N/A,0.0,62752745.0
X,484,MEX,0,W00,7220,Stainless steel; flat-rolled products of width less than 600mm,N/A,0.0,13715025.0
X,484,MEX,156,CHN,7220,Stainless steel; flat-rolled products of width less than 600mm,N/A,0.0,172978.0
X,484,MEX,320,GTM,7220,Stainless steel; flat-rolled products of width less than 600mm,N/A,0.0,8899.0
X,484,MEX,842,USA,7220,Stainless steel; flat-rolled products of width less than 600mm,N/A,0.0,13533148.0
X,484,MEX,0,W00,7222,"Stainless steel bars and rods, angles, shapes and sections",N/A,0.0,7170720.0
X,484,MEX,842,USA,7222,"Stainless steel bars and rods, angles, shapes and sections",N/A,0.0,7170720.0
X,484,MEX,0,W00,7223,Stainless steel wire,kg,999545.111,8974579.0
X,484,MEX,320,GTM,7223,Stainless steel wire,kg,365.0,5515.0
X,484,MEX,842,USA,7223,Stainless steel wire,kg,999180.111,8969064.0
X,484,MEX,0,W00,7224,"Alloy steel in ingots or other primary forms, semi-finished products of other alloy steel",kg,122830581.0,102846353.0
X,484,MEX,842,USA,7224,"Alloy steel in ingots or other primary forms, semi-finished products of other alloy steel",kg,122830581.0,102846353.0
X,484,MEX,0,W00,7225,"Alloy steel flat-rolled products, of a width 600mm or more",N/A,0.0,14477559.0
X,484,MEX,124,CAN,7225,"Alloy steel flat-rolled products, of a width 600mm or more",N/A,0.0,365398.0
X,484,MEX,320,GTM,7225,"Alloy steel flat-rolled products, of a width 600mm or more",N/A,0.0,235481.0
X,484,MEX,410,KOR,7225,"Alloy steel flat-rolled products, of a width 600mm or more",N/A,0.0,325221.0
X,484,MEX,842,USA,7225,"Alloy steel flat-rolled products, of a width 600mm or more",N/A,0.0,13551459.0
X,484,MEX,0,W00,7226,"Alloy steel flat-rolled products, of a width of less than 600mm",N/A,0.0,12330419.0
X,484,MEX,124,CAN,7226,"Alloy steel flat-rolled products, of a width of less than 600mm",N/A,0.0,393331.0
X,484,MEX,156,CHN,7226,"Alloy steel flat-rolled products, of a width of less than 600mm",N/A,0.0,59212.0
X,484,MEX,410,KOR,7226,"Alloy steel flat-rolled products, of a width of less than 600mm",N/A,0.0,433994.0
X,484,MEX,842,USA,7226,"Alloy steel flat-rolled products, of a width of less than 600mm",N/A,0.0,11443882.0
X,484,MEX,0,W00,7227,"Steel, alloy; bars and rods, hot-rolled, in irregularly wound coils",N/A,0.0,2947915.0
X,484,MEX,842,USA,7227,"Steel, alloy; bars and rods, hot-rolled, in irregularly wound coils",N/A,0.0,2947915.0
X,484,MEX,0,W00,7228,"Alloy steel bars, rods, shapes and sections; hollow drill bars and rods, of alloy or non-alloy steel",N/A,0.0,37905683.0
X,484,MEX,124,CAN,7228,"Alloy steel bars, rods, shapes and sections; hollow drill bars and rods, of alloy or non-alloy steel",N/A,0.0,344331.0
X,484,MEX,320,GTM,7228,"Alloy steel bars, rods, shapes and sections; hollow drill bars and rods, of alloy or non-alloy steel",N/A,0.0,127783.0
X,484,MEX,410,KOR,7228,"Alloy steel bars, rods, shapes and sections; hollow drill bars and rods, of alloy or non-alloy steel",N/A,0.0,17703.0
X,484,MEX,842,USA,7228,"Alloy steel bars, rods, shapes and sections; hollow drill bars and rods, of alloy or non-alloy steel",N/A,0.0,37415866.0
X,484,MEX,0,W00,7229,Wire of other alloy steel,N/A,0.0,72578012.0
X,484,MEX,76,BRA,7229,Wire of other alloy steel,N/A,0.0,646232.0
X,484,MEX,124,CAN,7229,Wire of other alloy steel,N/A,0.0,134526.0
X,484,MEX,222,SLV,7229,Wire of other alloy steel,N/A,0.0,39408.0
X,484,MEX,320,GTM,7229,Wire of other alloy steel,N/A,0.0,30022.0
X,484,MEX,340,HND,7229,Wire of other alloy steel,N/A,0.0,29048.0
X,484,MEX,842,USA,7229,Wire of other alloy steel,N/A,0.0,71698776.0
X,484,MEX,0,W00,8001,Tin; unwrought,N/A,0.0,2392306.0
X,484,MEX,842,USA,8001,Tin; unwrought,N/A,0.0,2392306.0
X,484,MEX,0,W00,8002,Tin; waste and scrap,kg,214337.0,3443260.0
X,484,MEX,842,USA,8002,Tin; waste and scrap,kg,214337.0,3443260.0
X,484,MEX,0,W00,8003,"Tin; bars, rods, profiles and wire",kg,701964.0,18499579.0
X,484,MEX,842,USA,8003,"Tin; bars, rods, profiles and wire",kg,701964.0,18499579.0
X,484,MEX,0,W00,8007,Tin; articles n.e.c. in chapter 80,kg,19070.0,134753.0
X,484,MEX,842,USA,8007,Tin; articles n.e.c. in chapter 80,kg,19070.0,134753.0
X,484,MEX,0,W00,8101,"Tungsten (wolfram); articles thereof, including waste and scrap",N/A,0.0,10903372.0
X,484,MEX,842,USA,8101,"Tungsten (wolfram); articles thereof, including waste and scrap",N/A,0.0,10903372.0
X,484,MEX,0,W00,8104,"Magnesium; articles thereof, including waste and scrap",N/A,0.0,6283945.0
X,484,MEX,842,USA,8104,"Magnesium; articles thereof, including waste and scrap",N/A,0.0,6283945.0
X,484,MEX,0,W00,8105,"Cobalt; mattes and other intermediate products of cobalt metallurgy, cobalt and articles thereof, including waste and scrap",N/A,0.0,701118.0
X,484,MEX,842,USA,8105,"Cobalt; mattes and other intermediate products of cobalt metallurgy, cobalt and articles thereof, including waste and scrap",N/A,0.0,701118.0
X,484,MEX,0,W00,8108,"Titanium; articles thereof, including waste and scrap",kg,1345256.0,35264545.0
X,484,MEX,842,USA,8108,"Titanium; articles thereof, including waste and scrap",kg,1345256.0,35264545.0
X,484,MEX,0,W00,8110,"Antimony; articles thereof, including waste and scrap",N/A,0.0,638746.0
X,484,MEX,699,IND,8110,"Antimony; articles thereof, including waste and scrap",N/A,0.0,201290.0
X,484,MEX,842,USA,8110,"Antimony; articles thereof, including waste and scrap",N/A,0.0,437456.0
X,484,MEX,0,W00,8112,"Beryllium, chromium, germanium, vanadium, gallium, hafnium, indium, niobium (columbium), rhenium and thallium; and articles of these metals, including waste and scrap",N/A,0.0,188683.0
X,484,MEX,842,USA,8112,"Beryllium, chromium, germanium, vanadium, gallium, hafnium, indium, niobium (columbium), rhenium and thallium; and articles of these metals, including waste and scrap",N/A,0.0,188683.0
X,484,MEX,0,W00,8113,"Cermets; articles thereof, including waste and scrap",kg,8363.0,282099.0
X,484,MEX,842,USA,8113,"Cermets; articles thereof, including waste and scrap",kg,8363.0,282099.0
X,484,MEX,0,W00,8402,"Boilers; steam or other vapour generating (other than central heating hot water boilers, capable also of producing low pressure steam), super heated water boilers",N/A,0.0,18634001.0
X,484,MEX,842,USA,8402,"Boilers; steam or other vapour generating (other than central heating hot water boilers, capable also of producing low pressure steam), super heated water boilers",N/A,0.0,18634001.0
X,484,MEX,0,W00,8403,Central heating boilers; excluding those of heading no. 8402,N/A,0.0,1083024.0
X,484,MEX,842,USA,8403,Central heating boilers; excluding those of heading no. 8402,N/A,0.0,1083024.0
X,484,MEX,0,W00,8404,"Auxiliary plant for use with boilers of heading no. 8402 or 8403; e.g. economisers, super-heaters, soot removers, gas recoverers), condensers for steam or other vapour power units",N/A,0.0,4809.0
X,484,MEX,842,USA,8404,"Auxiliary plant for use with boilers of heading no. 8402 or 8403; e.g. economisers, super-heaters, soot removers, gas recoverers), condensers for steam or other vapour power units",N/A,0.0,4809.0
X,484,MEX,0,W00,8405,"Generators for producer or water gas with or without their purifiers acetylene gas generators and similar water process gas generators, with or without their purifiers",N/A,0.0,2694532.0
X,484,MEX,842,USA,8405,"Generators for producer or water gas with or without their purifiers acetylene gas generators and similar water process gas generators, with or without their purifiers",N/A,0.0,2694532.0
X,484,MEX,0,W00,8406,Turbines; steam and other vapour turbines,N/A,0.0,8883443.0
X,484,MEX,842,USA,8406,Turbines; steam and other vapour turbines,N/A,0.0,8883443.0
X,484,MEX,0,W00,8407,Reciprocating or rotary internal combustion piston engines,N/A,0.0,2959506793.0
X,484,MEX,32,ARG,8407,Reciprocating or rotary internal combustion piston engines,N/A,0.0,2554351.0
X,484,MEX,76,BRA,8407,Reciprocating or rotary internal combustion piston engines,N/A,0.0,7265757.0
X,484,MEX,124,CAN,8407,Reciprocating or rotary internal combustion piston engines,N/A,0.0,810777562.0
X,484,MEX,152,CHL,8407,Reciprocating or rotary internal combustion piston engines,N/A,0.0,31171.0
X,484,MEX,170,COL,8407,Reciprocating or rotary internal combustion piston engines,N/A,0.0,177336.0
X,484,MEX,188,CRI,8407,Reciprocating or rotary internal combustion piston engines,N/A,0.0,18916.0
X,484,MEX,218,ECU,8407,Reciprocating or rotary internal combustion piston engines,N/A,0.0,44086.0
X,484,MEX,222,SLV,8407,Reciprocating or rotary internal combustion piston engines,N/A,0.0,146127.0
X,484,MEX,276,DEU,8407,Reciprocating or rotary internal combustion piston engines,N/A,0.0,1675334.0
X,484,MEX,320,GTM,8407,Reciprocating or rotary internal combustion piston engines,N/A,0.0,177729.0
X,484,MEX,392,JPN,8407,Reciprocating or rotary internal combustion piston engines,u,31.0,97342.0
X,484,MEX,558,NIC,8407,Reciprocating or rotary internal combustion piston engines,u,73.0,13986.0
X,484,MEX,826,GBR,8407,Reciprocating or rotary internal combustion piston engines,N/A,0.0,1643930.0
X,484,MEX,842,USA,8407,Reciprocating or rotary internal combustion piston engines,N/A,0.0,2134883166.0
X,484,MEX,0,W00,8408,Compression-ignition internal combustion piston engines (diesel or semi-diesel engines),N/A,0.0,1554897046.0
X,484,MEX,604,PER,8408,Compression-ignition internal combustion piston engines (diesel or semi-diesel engines),N/A,0.0,331719.0
X,484,MEX,842,USA,8408,Compression-ignition internal combustion piston engines (diesel or semi-diesel engines),N/A,0.0,1554565327.0
X,484,MEX,0,W00,8409,Parts suitable for use solely or principally with the engines of heading no. 8407 or 8408,N/A,0.0,4565552692.0
X,484,MEX,32,ARG,8409,Parts suitable for use solely or principally with the engines of heading no. 8407 or 8408,N/A,0.0,18028698.0
X,484,MEX,36,AUS,8409,Parts suitable for use solely or principally with the engines of heading no. 8407 or 8408,N/A,0.0,45596.0
X,484,MEX,40,AUT,8409,Parts suitable for use solely or principally with the engines of heading no. 8407 or 8408,N/A,0.0,666120.0
X,484,MEX,56,BEL,8409,Parts suitable for use solely or principally with the engines of heading no. 8407 or 8408,N/A,0.0,56878.0
X,484,MEX,68,BOL,8409,Parts suitable for use solely or principally with the engines of heading no. 8407 or 8408,N/A,0.0,27671.0
X,484,MEX,76,BRA,8409,Parts suitable for use solely or principally with the engines of heading no. 8407 or 8408,N/A,0.0,31566489.0
X,484,MEX,84,BLZ,8409,Parts suitable for use solely or principally with the engines of heading no. 8407 or 8408,N/A,0.0,60961.0
X,484,MEX,124,CAN,8409,Parts suitable for use solely or principally with the engines of heading no. 8407 or 8408,N/A,0.0,375953070.0
X,484,MEX,152,CHL,8409,Parts suitable for use solely or principally with the engines of heading no. 8407 or 8408,N/A,0.0,189714.0
X,484,MEX,156,CHN,8409,Parts suitable for use solely or principally with the engines of heading no. 8407 or 8408,N/A,0.0,16878043.0
X,484,MEX,170,COL,8409,Parts suitable for use solely or principally with the engines of heading no. 8407 or 8408,N/A,0.0,533150.0
X,484,MEX,188,CRI,8409,Parts suitable for use solely or principally with the engines of heading no. 8407 or 8408,N/A,0.0,133938.0
X,484,MEX,192,CUB,8409,Parts suitable for use solely or principally with the engines of heading no. 8407 or 8408,N/A,0.0,156175.0
X,484,MEX,214,DOM,8409,Parts suitable for use solely or principally with the engines of heading no. 8407 or 8408,N/A,0.0,53934.0
X,484,MEX,218,ECU,8409,Parts suitable for use solely or principally with the engines of heading no. 8407 or 8408,N/A,0.0,152487.0
X,484,MEX,222,SLV,8409,Parts suitable for use solely or principally with the engines of heading no. 8407 or 8408,N/A,0.0,164406.0
X,484,MEX,251,FRA,8409,Parts suitable for use solely or principally with the engines of heading no. 8407 or 8408,N/A,0.0,18351598.0
X,484,MEX,276,DEU,8409,Parts suitable for use solely or principally with the engines of heading no. 8407 or 8408,N/A,0.0,4109343.0
X,484,MEX,320,GTM,8409,Parts suitable for use solely or principally with the engines of heading no. 8407 or 8408,N/A,0.0,307078.0
X,484,MEX,340,HND,8409,Parts suitable for use solely or principally with the engines of heading no. 8407 or 8408,N/A,0.0,72792.0
X,484,MEX,380,ITA,8409,Parts suitable for use solely or principally with the engines of heading no. 8407 or 8408,N/A,0.0,75424010.0
X,484,MEX,392,JPN,8409,Parts suitable for use solely or principally with the engines of heading no. 8407 or 8408,N/A,0.0,79866810.0
X,484,MEX,410,KOR,8409,Parts suitable for use solely or principally with the engines of heading no. 8407 or 8408,N/A,0.0,65450139.0
X,484,MEX,528,NLD,8409,Parts suitable for use solely or principally with the engines of heading no. 8407 or 8408,N/A,0.0,28158404.0
X,484,MEX,558,NIC,8409,Parts suitable for use solely or principally with the engines of heading no. 8407 or 8408,N/A,0.0,48164.0
X,484,MEX,591,PAN,8409,Parts suitable for use solely or principally with the engines of heading no. 8407 or 8408,N/A,0.0,67137.0
X,484,MEX,600,PRY,8409,Parts suitable for use solely or principally with the engines of heading no. 8407 or 8408,N/A,0.0,5108.0
X,484,MEX,604,PER,8409,Parts suitable for use solely or principally with the engines of heading no. 8407 or 8408,N/A,0.0,360351.0
X,484,MEX,616,POL,8409,Parts suitable for use solely or principally with the engines of heading no. 8407 or 8408,N/A,0.0,5271461.0
X,484,MEX,699,IND,8409,Parts suitable for use solely or principally with the engines of heading no. 8407 or 8408,N/A,0.0,11984225.0
X,484,MEX,710,ZAF,8409,Parts suitable for use solely or principally with the engines of heading no. 8407 or 8408,N/A,0.0,836476.0
X,484,MEX,724,ESP,8409,Parts suitable for use solely or principally with the engines of heading no. 8407 or 8408,N/A,0.0,105843943.0
X,484,MEX,764,THA,8409,Parts suitable for use solely or principally with the engines of heading no. 8407 or 8408,N/A,0.0,8212773.0
X,484,MEX,780,TTO,8409,Parts suitable for use solely or principally with the engines of heading no. 8407 or 8408,N/A,0.0,18568.0
X,484,MEX,784,ARE,8409,Parts suitable for use solely or principally with the engines of heading no. 8407 or 8408,N/A,0.0,92729.0
X,484,MEX,792,TUR,8409,Parts suitable for use solely or principally with the engines of heading no. 8407 or 8408,N/A,0.0,12320230.0
X,484,MEX,826,GBR,8409,Parts suitable for use solely or principally with the engines of heading no. 8407 or 8408,N/A,0.0,19493316.0
X,484,MEX,842,USA,8409,Parts suitable for use solely or principally with the engines of heading no. 8407 or 8408,N/A,0.0,3684577494.0
X,484,MEX,858,URY,8409,Parts suitable for use solely or principally with the engines of heading no. 8407 or 8408,N/A,0.0,13213.0
X,484,MEX,0,W00,8411,"Turbo-jets, turbo-propellers and other gas turbines",N/A,0.0,2494951180.0
X,484,MEX,124,CAN,8411,"Turbo-jets, turbo-propellers and other gas turbines",N/A,0.0,25344243.0
X,484,MEX,251,FRA,8411,"Turbo-jets, turbo-propellers and other gas turbines",N/A,0.0,180536048.0
X,484,MEX,276,DEU,8411,"Turbo-jets, turbo-propellers and other gas turbines",N/A,0.0,80090606.0
X,484,MEX,616,POL,8411,"Turbo-jets, turbo-propellers and other gas turbines",N/A,0.0,34752039.0
X,484,MEX,702,SGP,8411,"Turbo-jets, turbo-propellers and other gas turbines",N/A,0.0,37651587.0
X,484,MEX,724,ESP,8411,"Turbo-jets, turbo-propellers and other gas turbines",N/A,0.0,60759910.0
X,484,MEX,826,GBR,8411,"Turbo-jets, turbo-propellers and other gas turbines",N/A,0.0,67305987.0
X,484,MEX,842,USA,8411,"Turbo-jets, turbo-propellers and other gas turbines",N/A,0.0,2008510760.0
X,484,MEX,0,W00,8412,"Engines and motors; n.e.c. (e.g. reaction engines, hydraulic power engines, pneumatic power engines)",N/A,0.0,232081898.0
X,484,MEX,32,ARG,8412,"Engines and motors; n.e.c. (e.g. reaction engines, hydraulic power engines, pneumatic power engines)",N/A,0.0,203296.0
X,484,MEX,36,AUS,8412,"Engines and motors; n.e.c. (e.g. reaction engines, hydraulic power engines, pneumatic power engines)",N/A,0.0,56601.0
X,484,MEX,68,BOL,8412,"Engines and motors; n.e.c. (e.g. reaction engines, hydraulic power engines, pneumatic power engines)",N/A,0.0,20743.0
X,484,MEX,76,BRA,8412,"Engines and motors; n.e.c. (e.g. reaction engines, hydraulic power engines, pneumatic power engines)",N/A,0.0,6163850.0
X,484,MEX,124,CAN,8412,"Engines and motors; n.e.c. (e.g. reaction engines, hydraulic power engines, pneumatic power engines)",N/A,0.0,6649030.0
X,484,MEX,152,CHL,8412,"Engines and motors; n.e.c. (e.g. reaction engines, hydraulic power engines, pneumatic power engines)",N/A,0.0,27193.0
X,484,MEX,156,CHN,8412,"Engines and motors; n.e.c. (e.g. reaction engines, hydraulic power engines, pneumatic power engines)",N/A,0.0,352872.0
X,484,MEX,170,COL,8412,"Engines and motors; n.e.c. (e.g. reaction engines, hydraulic power engines, pneumatic power engines)",N/A,0.0,475906.0
X,484,MEX,188,CRI,8412,"Engines and motors; n.e.c. (e.g. reaction engines, hydraulic power engines, pneumatic power engines)",N/A,0.0,239137.0
X,484,MEX,214,DOM,8412,"Engines and motors; n.e.c. (e.g. reaction engines, hydraulic power engines, pneumatic power engines)",N/A,0.0,198262.0
X,484,MEX,218,ECU,8412,"Engines and motors; n.e.c. (e.g. reaction engines, hydraulic power engines, pneumatic power engines)",N/A,0.0,164659.0
X,484,MEX,222,SLV,8412,"Engines and motors; n.e.c. (e.g. reaction engines, hydraulic power engines, pneumatic power engines)",N/A,0.0,230386.0
X,484,MEX,251,FRA,8412,"Engines and motors; n.e.c. (e.g. reaction engines, hydraulic power engines, pneumatic power engines)",N/A,0.0,82536.0
X,484,MEX,276,DEU,8412,"Engines and motors; n.e.c. (e.g. reaction engines, hydraulic power engines, pneumatic power engines)",N/A,0.0,333544.0
X,484,MEX,320,GTM,8412,"Engines and motors; n.e.c. (e.g. reaction engines, hydraulic power engines, pneumatic power engines)",N/A,0.0,293416.0
X,484,MEX,340,HND,8412,"Engines and motors; n.e.c. (e.g. reaction engines, hydraulic power engines, pneumatic power engines)",N/A,0.0,102615.0
X,484,MEX,360,IDN,8412,"Engines and motors; n.e.c. (e.g. reaction engines, hydraulic power engines, pneumatic power engines)",N/A,0.0,2362.0
X,484,MEX,392,JPN,8412,"Engines and motors; n.e.c. (e.g. reaction engines, hydraulic power engines, pneumatic power engines)",N/A,0.0,111728.0
X,484,MEX,458,MYS,8412,"Engines and motors; n.e.c. (e.g. reaction engines, hydraulic power engines, pneumatic power engines)",N/A,0.0,16560.0
X,484,MEX,528,NLD,8412,"Engines and motors; n.e.c. (e.g. reaction engines, hydraulic power engines, pneumatic power engines)",N/A,0.0,33978.0
X,484,MEX,558,NIC,8412,"Engines and motors; n.e.c. (e.g. reaction engines, hydraulic power engines, pneumatic power engines)",N/A,0.0,122230.0
X,484,MEX,591,PAN,8412,"Engines and motors; n.e.c. (e.g. reaction engines, hydraulic power engines, pneumatic power engines)",N/A,0.0,109918.0
X,484,MEX,604,PER,8412,"Engines and motors; n.e.c. (e.g. reaction engines, hydraulic power engines, pneumatic power engines)",N/A,0.0,356012.0
X,484,MEX,643,RUS,8412,"Engines and motors; n.e.c. (e.g. reaction engines, hydraulic power engines, pneumatic power engines)",N/A,0.0,149530.0
X,484,MEX,682,SAU,8412,"Engines and motors; n.e.c. (e.g. reaction engines, hydraulic power engines, pneumatic power engines)",N/A,0.0,1808.0
X,484,MEX,699,IND,8412,"Engines and motors; n.e.c. (e.g. reaction engines, hydraulic power engines, pneumatic power engines)",N/A,0.0,50555.0
X,484,MEX,702,SGP,8412,"Engines and motors; n.e.c. (e.g. reaction engines, hydraulic power engines, pneumatic power engines)",N/A,0.0,45646.0
X,484,MEX,724,ESP,8412,"Engines and motors; n.e.c. (e.g. reaction engines, hydraulic power engines, pneumatic power engines)",N/A,0.0,5116.0
X,484,MEX,752,SWE,8412,"Engines and motors; n.e.c. (e.g. reaction engines, hydraulic power engines, pneumatic power engines)",N/A,0.0,18019.0
X,484,MEX,780,TTO,8412,"Engines and motors; n.e.c. (e.g. reaction engines, hydraulic power engines, pneumatic power engines)",N/A,0.0,64150.0
X,484,MEX,784,ARE,8412,"Engines and motors; n.e.c. (e.g. reaction engines, hydraulic power engines, pneumatic power engines)",N/A,0.0,136229.0
X,484,MEX,826,GBR,8412,"Engines and motors; n.e.c. (e.g. reaction engines, hydraulic power engines, pneumatic power engines)",N/A,0.0,170461.0
X,484,MEX,842,USA,8412,"Engines and motors; n.e.c. (e.g. reaction engines, hydraulic power engines, pneumatic power engines)",N/A,0.0,215093550.0
X,484,MEX,0,W00,8413,"Pumps; for liquids, whether or not fitted with measuring device, liquid elevators",N/A,0.0,2297966323.0
X,484,MEX,32,ARG,8413,"Pumps; for liquids, whether or not fitted with measuring device, liquid elevators",N/A,0.0,5851892.0
X,484,MEX,36,AUS,8413,"Pumps; for liquids, whether or not fitted with measuring device, liquid elevators",N/A,0.0,7201103.0
X,484,MEX,40,AUT,8413,"Pumps; for liquids, whether or not fitted with measuring device, liquid elevators",N/A,0.0,50552.0
X,484,MEX,52,BRB,8413,"Pumps; for liquids, whether or not fitted with measuring device, liquid elevators",N/A,0.0,22423.0
X,484,MEX,56,BEL,8413,"Pumps; for liquids, whether or not fitted with measuring device, liquid elevators",N/A,0.0,1116725.0
X,484,MEX,68,BOL,8413,"Pumps; for liquids, whether or not fitted with measuring device, liquid elevators",N/A,0.0,964782.0
X,484,MEX,76,BRA,8413,"Pumps; for liquids, whether or not fitted with measuring device, liquid elevators",N/A,0.0,34114274.0
X,484,MEX,84,BLZ,8413,"Pumps; for liquids, whether or not fitted with measuring device, liquid elevators",N/A,0.0,227581.0
X,484,MEX,124,CAN,8413,"Pumps; for liquids, whether or not fitted with measuring device, liquid elevators",N/A,0.0,36998025.0
X,484,MEX,152,CHL,8413,"Pumps; for liquids, whether or not fitted with measuring device, liquid elevators",N/A,0.0,6649336.0
X,484,MEX,156,CHN,8413,"Pumps; for liquids, whether or not fitted with measuring device, liquid elevators",N/A,0.0,15239872.0
X,484,MEX,170,COL,8413,"Pumps; for liquids, whether or not fitted with measuring device, liquid elevators",N/A,0.0,8829204.0
X,484,MEX,188,CRI,8413,"Pumps; for liquids, whether or not fitted with measuring device, liquid elevators",N/A,0.0,1353572.0
X,484,MEX,192,CUB,8413,"Pumps; for liquids, whether or not fitted with measuring device, liquid elevators",N/A,0.0,627337.0
X,484,MEX,208,DNK,8413,"Pumps; for liquids, whether or not fitted with measuring device, liquid elevators",N/A,0.0,405324.0
X,484,MEX,214,DOM,8413,"Pumps; for liquids, whether or not fitted with measuring device, liquid elevators",N/A,0.0,2132488.0
X,484,MEX,218,ECU,8413,"Pumps; for liquids, whether or not fitted with measuring device, liquid elevators",N/A,0.0,5303771.0
X,484,MEX,222,SLV,8413,"Pumps; for liquids, whether or not fitted with measuring device, liquid elevators",N/A,0.0,2520184.0
X,484,MEX,251,FRA,8413,"Pumps; for liquids, whether or not fitted with measuring device, liquid elevators",N/A,0.0,585000.0
X,484,MEX,276,DEU,8413,"Pumps; for liquids, whether or not fitted with measuring device, liquid elevators",N/A,0.0,9226688.0
X,484,MEX,320,GTM,8413,"Pumps; for liquids, whether or not fitted with measuring device, liquid elevators",N/A,0.0,4402300.0
X,484,MEX,328,GUY,8413,"Pumps; for liquids, whether or not fitted with measuring device, liquid elevators",N/A,0.0,78087.0
X,484,MEX,332,HTI,8413,"Pumps; for liquids, whether or not fitted with measuring device, liquid elevators",N/A,0.0,203173.0
X,484,MEX,340,HND,8413,"Pumps; for liquids, whether or not fitted with measuring device, liquid elevators",N/A,0.0,2078428.0
X,484,MEX,360,IDN,8413,"Pumps; for liquids, whether or not fitted with measuring device, liquid elevators",N/A,0.0,878465.0
X,484,MEX,380,ITA,8413,"Pumps; for liquids, whether or not fitted with measuring device, liquid elevators",N/A,0.0,3607210.0
X,484,MEX,388,JAM,8413,"Pumps; for liquids, whether or not fitted with measuring device, liquid elevators",N/A,0.0,77946.0
X,484,MEX,392,JPN,8413,"Pumps; for liquids, whether or not fitted with measuring device, liquid elevators",N/A,0.0,6311689.0
X,484,MEX,410,KOR,8413,"Pumps; for liquids, whether or not fitted with measuring device, liquid elevators",N/A,0.0,9684261.0
X,484,MEX,458,MYS,8413,"Pumps; for liquids, whether or not fitted with measuring device, liquid elevators",N/A,0.0,90468.0
X,484,MEX,490,S19,8413,"Pumps; for liquids, whether or not fitted with measuring device, liquid elevators",N/A,0.0,155685.0
X,484,MEX,528,NLD,8413,"Pumps; for liquids, whether or not fitted with measuring device, liquid elevators",N/A,0.0,22862093.0
X,484,MEX,533,ABW,8413,"Pumps; for liquids, whether or not fitted with measuring device, liquid elevators",N/A,0.0,4008.0
X,484,MEX,558,NIC,8413,"Pumps; for liquids, whether or not fitted with measuring device, liquid elevators",N/A,0.0,2647825.0
X,484,MEX,591,PAN,8413,"Pumps; for liquids, whether or not fitted with measuring device, liquid elevators",N/A,0.0,796652.0
X,484,MEX,600,PRY,8413,"Pumps; for liquids, whether or not fitted with measuring device, liquid elevators",N/A,0.0,65676.0
X,484,MEX,604,PER,8413,"Pumps; for liquids, whether or not fitted with measuring device, liquid elevators",N/A,0.0,12350650.0
X,484,MEX,608,PHL,8413,"Pumps; for liquids, whether or not fitted with measuring device, liquid elevators",N/A,0.0,96333.0
X,484,MEX,616,POL,8413,"Pumps; for liquids, whether or not fitted with measuring device, liquid elevators",N/A,0.0,348250.0
X,484,MEX,642,ROU,8413,"Pumps; for liquids, whether or not fitted with measuring device, liquid elevators",N/A,0.0,5475633.0
X,484,MEX,643,RUS,8413,"Pumps; for liquids, whether or not fitted with measuring device, liquid elevators",N/A,0.0,1512344.0
X,484,MEX,682,SAU,8413,"Pumps; for liquids, whether or not fitted with measuring device, liquid elevators",N/A,0.0,4316544.0
X,484,MEX,699,IND,8413,"Pumps; for liquids, whether or not fitted with measuring device, liquid elevators",N/A,0.0,12085813.0
X,484,MEX,702,SGP,8413,"Pumps; for liquids, whether or not fitted with measuring device, liquid elevators",N/A,0.0,2352956.0
X,484,MEX,710,ZAF,8413,"Pumps; for liquids, whether or not fitted with measuring device, liquid elevators",N/A,0.0,2988009.0
X,484,MEX,724,ESP,8413,"Pumps; for liquids, whether or not fitted with measuring device, liquid elevators",N/A,0.0,8857310.0
X,484,MEX,764,THA,8413,"Pumps; for liquids, whether or not fitted with measuring device, liquid elevators",N/A,0.0,958454.0
X,484,MEX,780,TTO,8413,"Pumps; for liquids, whether or not fitted with measuring device, liquid elevators",N/A,0.0,265156.0
X,484,MEX,784,ARE,8413,"Pumps; for liquids, whether or not fitted with measuring device, liquid elevators",N/A,0.0,3459515.0
X,484,MEX,792,TUR,8413,"Pumps; for liquids, whether or not fitted with measuring device, liquid elevators",N/A,0.0,40382.0
X,484,MEX,818,EGY,8413,"Pumps; for liquids, whether or not fitted with measuring device, liquid elevators",N/A,0.0,178807.0
X,484,MEX,826,GBR,8413,"Pumps; for liquids, whether or not fitted with measuring device, liquid elevators",N/A,0.0,4251911.0
X,484,MEX,842,USA,8413,"Pumps; for liquids, whether or not fitted with measuring device, liquid elevators",N/A,0.0,2043587970.0
X,484,MEX,858,URY,8413,"Pumps; for liquids, whether or not fitted with measuring device, liquid elevators",N/A,0.0,95625.0
X,484,MEX,862,VEN,8413,"Pumps; for liquids, whether or not fitted with measuring device, liquid elevators",N/A,0.0,1380562.0
X,484,MEX,0,W00,8414,"Air or vacuum pumps, air or other gas compressors and fans; ventilating or recycling hoods incorporating a fan whether or not fitted with filters",N/A,0.0,3038432143.0
X,484,MEX,32,ARG,8414,"Air or vacuum pumps, air or other gas compressors and fans; ventilating or recycling hoods incorporating a fan whether or not fitted with filters",N/A,0.0,937116.0
X,484,MEX,36,AUS,8414,"Air or vacuum pumps, air or other gas compressors and fans; ventilating or recycling hoods incorporating a fan whether or not fitted with filters",N/A,0.0,2136001.0
X,484,MEX,40,AUT,8414,"Air or vacuum pumps, air or other gas compressors and fans; ventilating or recycling hoods incorporating a fan whether or not fitted with filters",N/A,0.0,140221.0
X,484,MEX,52,BRB,8414,"Air or vacuum pumps, air or other gas compressors and fans; ventilating or recycling hoods incorporating a fan whether or not fitted with filters",N/A,0.0,21456.0
X,484,MEX,56,BEL,8414,"Air or vacuum pumps, air or other gas compressors and fans; ventilating or recycling hoods incorporating a fan whether or not fitted with filters",N/A,0.0,6077006.0
X,484,MEX,68,BOL,8414,"Air or vacuum pumps, air or other gas compressors and fans; ventilating or recycling hoods incorporating a fan whether or not fitted with filters",N/A,0.0,64096.0
X,484,MEX,76,BRA,8414,"Air or vacuum pumps, air or other gas compressors and fans; ventilating or recycling hoods incorporating a fan whether or not fitted with filters",N/A,0.0,8630735.0
X,484,MEX,84,BLZ,8414,"Air or vacuum pumps, air or other gas compressors and fans; ventilating or recycling hoods incorporating a fan whether or not fitted with filters",N/A,0.0,158988.0
X,484,MEX,124,CAN,8414,"Air or vacuum pumps, air or other gas compressors and fans; ventilating or recycling hoods incorporating a fan whether or not fitted with filters",N/A,0.0,51121681.0
X,484,MEX,152,CHL,8414,"Air or vacuum pumps, air or other gas compressors and fans; ventilating or recycling hoods incorporating a fan whether or not fitted with filters",N/A,0.0,1696743.0
X,484,MEX,156,CHN,8414,"Air or vacuum pumps, air or other gas compressors and fans; ventilating or recycling hoods incorporating a fan whether or not fitted with filters",N/A,0.0,21154972.0
X,484,MEX,170,COL,8414,"Air or vacuum pumps, air or other gas compressors and fans; ventilating or recycling hoods incorporating a fan whether or not fitted with filters",N/A,0.0,15908978.0
X,484,MEX,188,CRI,8414,"Air or vacuum pumps, air or other gas compressors and fans; ventilating or recycling hoods incorporating a fan whether or not fitted with filters",N/A,0.0,1331339.0
X,484,MEX,192,CUB,8414,"Air or vacuum pumps, air or other gas compressors and fans; ventilating or recycling hoods incorporating a fan whether or not fitted with filters",N/A,0.0,941229.0
X,484,MEX,203,CZE,8414,"Air or vacuum pumps, air or other gas compressors and fans; ventilating or recycling hoods incorporating a fan whether or not fitted with filters",N/A,0.0,2912352.0
X,484,MEX,208,DNK,8414,"Air or vacuum pumps, air or other gas compressors and fans; ventilating or recycling hoods incorporating a fan whether or not fitted with filters",N/A,0.0,2440510.0
X,484,MEX,214,DOM,8414,"Air or vacuum pumps, air or other gas compressors and fans; ventilating or recycling hoods incorporating a fan whether or not fitted with filters",N/A,0.0,2667991.0
X,484,MEX,218,ECU,8414,"Air or vacuum pumps, air or other gas compressors and fans; ventilating or recycling hoods incorporating a fan whether or not fitted with filters",N/A,0.0,1139323.0
X,484,MEX,222,SLV,8414,"Air or vacuum pumps, air or other gas compressors and fans; ventilating or recycling hoods incorporating a fan whether or not fitted with filters",N/A,0.0,2668454.0
X,484,MEX,251,FRA,8414,"Air or vacuum pumps, air or other gas compressors and fans; ventilating or recycling hoods incorporating a fan whether or not fitted with filters",N/A,0.0,34756687.0
X,484,MEX,276,DEU,8414,"Air or vacuum pumps, air or other gas compressors and fans; ventilating or recycling hoods incorporating a fan whether or not fitted with filters",N/A,0.0,20937584.0
X,484,MEX,320,GTM,8414,"Air or vacuum pumps, air or other gas compressors and fans; ventilating or recycling hoods incorporating a fan whether or not fitted with filters",N/A,0.0,5358913.0
X,484,MEX,332,HTI,8414,"Air or vacuum pumps, air or other gas compressors and fans; ventilating or recycling hoods incorporating a fan whether or not fitted with filters",N/A,0.0,59729.0
X,484,MEX,340,HND,8414,"Air or vacuum pumps, air or other gas compressors and fans; ventilating or recycling hoods incorporating a fan whether or not fitted with filters",N/A,0.0,2581173.0
X,484,MEX,344,HKG,8414,"Air or vacuum pumps, air or other gas compressors and fans; ventilating or recycling hoods incorporating a fan whether or not fitted with filters",N/A,0.0,1923098.0
X,484,MEX,348,HUN,8414,"Air or vacuum pumps, air or other gas compressors and fans; ventilating or recycling hoods incorporating a fan whether or not fitted with filters",N/A,0.0,1704571.0
X,484,MEX,360,IDN,8414,"Air or vacuum pumps, air or other gas compressors and fans; ventilating or recycling hoods incorporating a fan whether or not fitted with filters",N/A,0.0,890488.0
X,484,MEX,372,IRL,8414,"Air or vacuum pumps, air or other gas compressors and fans; ventilating or recycling hoods incorporating a fan whether or not fitted with filters",N/A,0.0,611089.0
X,484,MEX,376,ISR,8414,"Air or vacuum pumps, air or other gas compressors and fans; ventilating or recycling hoods incorporating a fan whether or not fitted with filters",N/A,0.0,210486.0
X,484,MEX,380,ITA,8414,"Air or vacuum pumps, air or other gas compressors and fans; ventilating or recycling hoods incorporating a fan whether or not fitted with filters",N/A,0.0,710367.0
X,484,MEX,388,JAM,8414,"Air or vacuum pumps, air or other gas compressors and fans; ventilating or recycling hoods incorporating a fan whether or not fitted with filters",N/A,0.0,45849.0
X,484,MEX,392,JPN,8414,"Air or vacuum pumps, air or other gas compressors and fans; ventilating or recycling hoods incorporating a fan whether or not fitted with filters",N/A,0.0,5052515.0
X,484,MEX,410,KOR,8414,"Air or vacuum pumps, air or other gas compressors and fans; ventilating or recycling hoods incorporating a fan whether or not fitted with filters",N/A,0.0,3217853.0
X,484,MEX,458,MYS,8414,"Air or vacuum pumps, air or other gas compressors and fans; ventilating or recycling hoods incorporating a fan whether or not fitted with filters",N/A,0.0,744264.0
X,484,MEX,490,S19,8414,"Air or vacuum pumps, air or other gas compressors and fans; ventilating or recycling hoods incorporating a fan whether or not fitted with filters",N/A,0.0,2837035.0
X,484,MEX,512,OMN,8414,"Air or vacuum pumps, air or other gas compressors and fans; ventilating or recycling hoods incorporating a fan whether or not fitted with filters",u,16.0,4756.0
X,484,MEX,528,NLD,8414,"Air or vacuum pumps, air or other gas compressors and fans; ventilating or recycling hoods incorporating a fan whether or not fitted with filters",N/A,0.0,4538233.0
X,484,MEX,533,ABW,8414,"Air or vacuum pumps, air or other gas compressors and fans; ventilating or recycling hoods incorporating a fan whether or not fitted with filters",N/A,0.0,8938.0
X,484,MEX,554,NZL,8414,"Air or vacuum pumps, air or other gas compressors and fans; ventilating or recycling hoods incorporating a fan whether or not fitted with filters",N/A,0.0,487361.0
X,484,MEX,558,NIC,8414,"Air or vacuum pumps, air or other gas compressors and fans; ventilating or recycling hoods incorporating a fan whether or not fitted with filters",N/A,0.0,1463644.0
X,484,MEX,591,PAN,8414,"Air or vacuum pumps, air or other gas compressors and fans; ventilating or recycling hoods incorporating a fan whether or not fitted with filters",N/A,0.0,1585094.0
X,484,MEX,600,PRY,8414,"Air or vacuum pumps, air or other gas compressors and fans; ventilating or recycling hoods incorporating a fan whether or not fitted with filters",N/A,0.0,99646.0
X,484,MEX,604,PER,8414,"Air or vacuum pumps, air or other gas compressors and fans; ventilating or recycling hoods incorporating a fan whether or not fitted with filters",N/A,0.0,2835843.0
X,484,MEX,608,PHL,8414,"Air or vacuum pumps, air or other gas compressors and fans; ventilating or recycling hoods incorporating a fan whether or not fitted with filters",N/A,0.0,675136.0
X,484,MEX,616,POL,8414,"Air or vacuum pumps, air or other gas compressors and fans; ventilating or recycling hoods incorporating a fan whether or not fitted with filters",N/A,0.0,2679.0
X,484,MEX,642,ROU,8414,"Air or vacuum pumps, air or other gas compressors and fans; ventilating or recycling hoods incorporating a fan whether or not fitted with filters",N/A,0.0,358658.0
X,484,MEX,643,RUS,8414,"Air or vacuum pumps, air or other gas compressors and fans; ventilating or recycling hoods incorporating a fan whether or not fitted with filters",u,42.0,17129.0
X,484,MEX,682,SAU,8414,"Air or vacuum pumps, air or other gas compressors and fans; ventilating or recycling hoods incorporating a fan whether or not fitted with filters",N/A,0.0,32485.0
X,484,MEX,699,IND,8414,"Air or vacuum pumps, air or other gas compressors and fans; ventilating or recycling hoods incorporating a fan whether or not fitted with filters",N/A,0.0,4614635.0
X,484,MEX,702,SGP,8414,"Air or vacuum pumps, air or other gas compressors and fans; ventilating or recycling hoods incorporating a fan whether or not fitted with filters",N/A,0.0,293875.0
X,484,MEX,704,VNM,8414,"Air or vacuum pumps, air or other gas compressors and fans; ventilating or recycling hoods incorporating a fan whether or not fitted with filters",N/A,0.0,498215.0
X,484,MEX,710,ZAF,8414,"Air or vacuum pumps, air or other gas compressors and fans; ventilating or recycling hoods incorporating a fan whether or not fitted with filters",N/A,0.0,450199.0
X,484,MEX,724,ESP,8414,"Air or vacuum pumps, air or other gas compressors and fans; ventilating or recycling hoods incorporating a fan whether or not fitted with filters",N/A,0.0,4374794.0
X,484,MEX,757,CHE,8414,"Air or vacuum pumps, air or other gas compressors and fans; ventilating or recycling hoods incorporating a fan whether or not fitted with filters",N/A,0.0,51122798.0
X,484,MEX,764,THA,8414,"Air or vacuum pumps, air or other gas compressors and fans; ventilating or recycling hoods incorporating a fan whether or not fitted with filters",N/A,0.0,4241929.0
X,484,MEX,780,TTO,8414,"Air or vacuum pumps, air or other gas compressors and fans; ventilating or recycling hoods incorporating a fan whether or not fitted with filters",N/A,0.0,131193.0
X,484,MEX,784,ARE,8414,"Air or vacuum pumps, air or other gas compressors and fans; ventilating or recycling hoods incorporating a fan whether or not fitted with filters",N/A,0.0,482099.0
X,484,MEX,818,EGY,8414,"Air or vacuum pumps, air or other gas compressors and fans; ventilating or recycling hoods incorporating a fan whether or not fitted with filters",N/A,0.0,33572.0
X,484,MEX,826,GBR,8414,"Air or vacuum pumps, air or other gas compressors and fans; ventilating or recycling hoods incorporating a fan whether or not fitted with filters",N/A,0.0,4559036.0
X,484,MEX,842,USA,8414,"Air or vacuum pumps, air or other gas compressors and fans; ventilating or recycling hoods incorporating a fan whether or not fitted with filters",N/A,0.0,2751591283.0
X,484,MEX,858,URY,8414,"Air or vacuum pumps, air or other gas compressors and fans; ventilating or recycling hoods incorporating a fan whether or not fitted with filters",N/A,0.0,73927.0
X,484,MEX,862,VEN,8414,"Air or vacuum pumps, air or other gas compressors and fans; ventilating or recycling hoods incorporating a fan whether or not fitted with filters",N/A,0.0,64094.0
X,484,MEX,0,W00,8415,"Air conditioning machines; comprising a motor driven fan and elements for changing the temperature and humidity, including those machines in which the humidity cannot be separately regulated",N/A,0.0,4843739008.0
X,484,MEX,32,ARG,8415,"Air conditioning machines; comprising a motor driven fan and elements for changing the temperature and humidity, including those machines in which the humidity cannot be separately regulated",N/A,0.0,3133950.0
X,484,MEX,56,BEL,8415,"Air conditioning machines; comprising a motor driven fan and elements for changing the temperature and humidity, including those machines in which the humidity cannot be separately regulated",kg,71.0,506.0
X,484,MEX,76,BRA,8415,"Air conditioning machines; comprising a motor driven fan and elements for changing the temperature and humidity, including those machines in which the humidity cannot be separately regulated",N/A,0.0,9479334.0
X,484,MEX,84,BLZ,8415,"Air conditioning machines; comprising a motor driven fan and elements for changing the temperature and humidity, including those machines in which the humidity cannot be separately regulated",N/A,0.0,8548.0
X,484,MEX,124,CAN,8415,"Air conditioning machines; comprising a motor driven fan and elements for changing the temperature and humidity, including those machines in which the humidity cannot be separately regulated",N/A,0.0,6556899.0
X,484,MEX,152,CHL,8415,"Air conditioning machines; comprising a motor driven fan and elements for changing the temperature and humidity, including those machines in which the humidity cannot be separately regulated",N/A,0.0,437607.0
X,484,MEX,156,CHN,8415,"Air conditioning machines; comprising a motor driven fan and elements for changing the temperature and humidity, including those machines in which the humidity cannot be separately regulated",N/A,0.0,3914302.0
X,484,MEX,170,COL,8415,"Air conditioning machines; comprising a motor driven fan and elements for changing the temperature and humidity, including those machines in which the humidity cannot be separately regulated",N/A,0.0,1788558.0
X,484,MEX,188,CRI,8415,"Air conditioning machines; comprising a motor driven fan and elements for changing the temperature and humidity, including those machines in which the humidity cannot be separately regulated",N/A,0.0,386341.0
X,484,MEX,192,CUB,8415,"Air conditioning machines; comprising a motor driven fan and elements for changing the temperature and humidity, including those machines in which the humidity cannot be separately regulated",N/A,0.0,177843.0
X,484,MEX,214,DOM,8415,"Air conditioning machines; comprising a motor driven fan and elements for changing the temperature and humidity, including those machines in which the humidity cannot be separately regulated",N/A,0.0,218495.0
X,484,MEX,218,ECU,8415,"Air conditioning machines; comprising a motor driven fan and elements for changing the temperature and humidity, including those machines in which the humidity cannot be separately regulated",N/A,0.0,542014.0
X,484,MEX,222,SLV,8415,"Air conditioning machines; comprising a motor driven fan and elements for changing the temperature and humidity, including those machines in which the humidity cannot be separately regulated",N/A,0.0,1246533.0
X,484,MEX,276,DEU,8415,"Air conditioning machines; comprising a motor driven fan and elements for changing the temperature and humidity, including those machines in which the humidity cannot be separately regulated",N/A,0.0,829026.0
X,484,MEX,320,GTM,8415,"Air conditioning machines; comprising a motor driven fan and elements for changing the temperature and humidity, including those machines in which the humidity cannot be separately regulated",N/A,0.0,266113.0
X,484,MEX,340,HND,8415,"Air conditioning machines; comprising a motor driven fan and elements for changing the temperature and humidity, including those machines in which the humidity cannot be separately regulated",N/A,0.0,325271.0
X,484,MEX,392,JPN,8415,"Air conditioning machines; comprising a motor driven fan and elements for changing the temperature and humidity, including those machines in which the humidity cannot be separately regulated",N/A,0.0,3517218.0
X,484,MEX,410,KOR,8415,"Air conditioning machines; comprising a motor driven fan and elements for changing the temperature and humidity, including those machines in which the humidity cannot be separately regulated",kg,563.054,24347.0
X,484,MEX,533,ABW,8415,"Air conditioning machines; comprising a motor driven fan and elements for changing the temperature and humidity, including those machines in which the humidity cannot be separately regulated",kg,11.0,3468.0
X,484,MEX,558,NIC,8415,"Air conditioning machines; comprising a motor driven fan and elements for changing the temperature and humidity, including those machines in which the humidity cannot be separately regulated",N/A,0.0,4397.0
X,484,MEX,591,PAN,8415,"Air conditioning machines; comprising a motor driven fan and elements for changing the temperature and humidity, including those machines in which the humidity cannot be separately regulated",N/A,0.0,833097.0
X,484,MEX,604,PER,8415,"Air conditioning machines; comprising a motor driven fan and elements for changing the temperature and humidity, including those machines in which the humidity cannot be separately regulated",N/A,0.0,51809.0
X,484,MEX,616,POL,8415,"Air conditioning machines; comprising a motor driven fan and elements for changing the temperature and humidity, including those machines in which the humidity cannot be separately regulated",kg,54.0,1363.0
X,484,MEX,682,SAU,8415,"Air conditioning machines; comprising a motor driven fan and elements for changing the temperature and humidity, including those machines in which the humidity cannot be separately regulated",kg,14727.0,75066.0
X,484,MEX,764,THA,8415,"Air conditioning machines; comprising a motor driven fan and elements for changing the temperature and humidity, including those machines in which the humidity cannot be separately regulated",N/A,0.0,633228.0
X,484,MEX,784,ARE,8415,"Air conditioning machines; comprising a motor driven fan and elements for changing the temperature and humidity, including those machines in which the humidity cannot be separately regulated",N/A,0.0,6252693.0
X,484,MEX,792,TUR,8415,"Air conditioning machines; comprising a motor driven fan and elements for changing the temperature and humidity, including those machines in which the humidity cannot be separately regulated",kg,28.231,237.0
X,484,MEX,826,GBR,8415,"Air conditioning machines; comprising a motor driven fan and elements for changing the temperature and humidity, including those machines in which the humidity cannot be separately regulated",kg,9753.0,357838.0
X,484,MEX,842,USA,8415,"Air conditioning machines; comprising a motor driven fan and elements for changing the temperature and humidity, including those machines in which the humidity cannot be separately regulated",N/A,0.0,4802672907.0
X,484,MEX,0,W00,8416,"Furnace burners for liquid fuel, for pulverised solid fuel or for gas; mechanical grates, mechanical ash dischargers and similar appliances",N/A,0.0,26957539.0
X,484,MEX,320,GTM,8416,"Furnace burners for liquid fuel, for pulverised solid fuel or for gas; mechanical grates, mechanical ash dischargers and similar appliances",N/A,0.0,2550.0
X,484,MEX,842,USA,8416,"Furnace burners for liquid fuel, for pulverised solid fuel or for gas; mechanical grates, mechanical ash dischargers and similar appliances",N/A,0.0,26954989.0
X,484,MEX,0,W00,8417,"Furnaces and ovens; industrial or laboratory, including incinerators, non-electric",N/A,0.0,29680504.0
X,484,MEX,124,CAN,8417,"Furnaces and ovens; industrial or laboratory, including incinerators, non-electric",N/A,0.0,323875.0
X,484,MEX,222,SLV,8417,"Furnaces and ovens; industrial or laboratory, including incinerators, non-electric",N/A,0.0,157616.0
X,484,MEX,320,GTM,8417,"Furnaces and ovens; industrial or laboratory, including incinerators, non-electric",N/A,0.0,308202.0
X,484,MEX,340,HND,8417,"Furnaces and ovens; industrial or laboratory, including incinerators, non-electric",N/A,0.0,112844.0
X,484,MEX,842,USA,8417,"Furnaces and ovens; industrial or laboratory, including incinerators, non-electric",N/A,0.0,28777967.0
X,484,MEX,0,W00,8418,"Refrigerators, freezers and other refrigerating or freezing equipment, electric or other; heat pumps other than air conditioning machines of heading no. 8415",N/A,0.0,5862138215.0
X,484,MEX,32,ARG,8418,"Refrigerators, freezers and other refrigerating or freezing equipment, electric or other; heat pumps other than air conditioning machines of heading no. 8415",N/A,0.0,4098141.0
X,484,MEX,36,AUS,8418,"Refrigerators, freezers and other refrigerating or freezing equipment, electric or other; heat pumps other than air conditioning machines of heading no. 8415",N/A,0.0,1120674.0
X,484,MEX,52,BRB,8418,"Refrigerators, freezers and other refrigerating or freezing equipment, electric or other; heat pumps other than air conditioning machines of heading no. 8415",N/A,0.0,325836.0
X,484,MEX,68,BOL,8418,"Refrigerators, freezers and other refrigerating or freezing equipment, electric or other; heat pumps other than air conditioning machines of heading no. 8415",N/A,0.0,5246673.0
X,484,MEX,76,BRA,8418,"Refrigerators, freezers and other refrigerating or freezing equipment, electric or other; heat pumps other than air conditioning machines of heading no. 8415",N/A,0.0,2661075.0
X,484,MEX,84,BLZ,8418,"Refrigerators, freezers and other refrigerating or freezing equipment, electric or other; heat pumps other than air conditioning machines of heading no. 8415",N/A,0.0,2056903.0
X,484,MEX,124,CAN,8418,"Refrigerators, freezers and other refrigerating or freezing equipment, electric or other; heat pumps other than air conditioning machines of heading no. 8415",N/A,0.0,256303644.0
X,484,MEX,152,CHL,8418,"Refrigerators, freezers and other refrigerating or freezing equipment, electric or other; heat pumps other than air conditioning machines of heading no. 8415",N/A,0.0,43327762.0
X,484,MEX,156,CHN,8418,"Refrigerators, freezers and other refrigerating or freezing equipment, electric or other; heat pumps other than air conditioning machines of heading no. 8415",N/A,0.0,713235.0
X,484,MEX,170,COL,8418,"Refrigerators, freezers and other refrigerating or freezing equipment, electric or other; heat pumps other than air conditioning machines of heading no. 8415",N/A,0.0,63045287.0
X,484,MEX,188,CRI,8418,"Refrigerators, freezers and other refrigerating or freezing equipment, electric or other; heat pumps other than air conditioning machines of heading no. 8415",N/A,0.0,35594781.0
X,484,MEX,192,CUB,8418,"Refrigerators, freezers and other refrigerating or freezing equipment, electric or other; heat pumps other than air conditioning machines of heading no. 8415",N/A,0.0,2665655.0
X,484,MEX,214,DOM,8418,"Refrigerators, freezers and other refrigerating or freezing equipment, electric or other; heat pumps other than air conditioning machines of heading no. 8415",N/A,0.0,7967694.0
X,484,MEX,218,ECU,8418,"Refrigerators, freezers and other refrigerating or freezing equipment, electric or other; heat pumps other than air conditioning machines of heading no. 8415",N/A,0.0,9043393.0
X,484,MEX,222,SLV,8418,"Refrigerators, freezers and other refrigerating or freezing equipment, electric or other; heat pumps other than air conditioning machines of heading no. 8415",N/A,0.0,27145545.0
X,484,MEX,251,FRA,8418,"Refrigerators, freezers and other refrigerating or freezing equipment, electric or other; heat pumps other than air conditioning machines of heading no. 8415",N/A,0.0,150594.0
X,484,MEX,276,DEU,8418,"Refrigerators, freezers and other refrigerating or freezing equipment, electric or other; heat pumps other than air conditioning machines of heading no. 8415",N/A,0.0,427318.0
X,484,MEX,320,GTM,8418,"Refrigerators, freezers and other refrigerating or freezing equipment, electric or other; heat pumps other than air conditioning machines of heading no. 8415",N/A,0.0,48584625.0
X,484,MEX,328,GUY,8418,"Refrigerators, freezers and other refrigerating or freezing equipment, electric or other; heat pumps other than air conditioning machines of heading no. 8415",N/A,0.0,950859.0
X,484,MEX,332,HTI,8418,"Refrigerators, freezers and other refrigerating or freezing equipment, electric or other; heat pumps other than air conditioning machines of heading no. 8415",N/A,0.0,45009.0
X,484,MEX,340,HND,8418,"Refrigerators, freezers and other refrigerating or freezing equipment, electric or other; heat pumps other than air conditioning machines of heading no. 8415",N/A,0.0,15346700.0
X,484,MEX,376,ISR,8418,"Refrigerators, freezers and other refrigerating or freezing equipment, electric or other; heat pumps other than air conditioning machines of heading no. 8415",N/A,0.0,3871432.0
X,484,MEX,380,ITA,8418,"Refrigerators, freezers and other refrigerating or freezing equipment, electric or other; heat pumps other than air conditioning machines of heading no. 8415",N/A,0.0,792713.0
X,484,MEX,388,JAM,8418,"Refrigerators, freezers and other refrigerating or freezing equipment, electric or other; heat pumps other than air conditioning machines of heading no. 8415",N/A,0.0,2794418.0
X,484,MEX,392,JPN,8418,"Refrigerators, freezers and other refrigerating or freezing equipment, electric or other; heat pumps other than air conditioning machines of heading no. 8415",N/A,0.0,417454.0
X,484,MEX,410,KOR,8418,"Refrigerators, freezers and other refrigerating or freezing equipment, electric or other; heat pumps other than air conditioning machines of heading no. 8415",N/A,0.0,1650405.0
X,484,MEX,490,S19,8418,"Refrigerators, freezers and other refrigerating or freezing equipment, electric or other; heat pumps other than air conditioning machines of heading no. 8415",N/A,0.0,7475524.0
X,484,MEX,531,CUW,8418,"Refrigerators, freezers and other refrigerating or freezing equipment, electric or other; heat pumps other than air conditioning machines of heading no. 8415",N/A,0.0,48184.0
X,484,MEX,533,ABW,8418,"Refrigerators, freezers and other refrigerating or freezing equipment, electric or other; heat pumps other than air conditioning machines of heading no. 8415",N/A,0.0,67388.0
X,484,MEX,558,NIC,8418,"Refrigerators, freezers and other refrigerating or freezing equipment, electric or other; heat pumps other than air conditioning machines of heading no. 8415",N/A,0.0,10639599.0
X,484,MEX,591,PAN,8418,"Refrigerators, freezers and other refrigerating or freezing equipment, electric or other; heat pumps other than air conditioning machines of heading no. 8415",N/A,0.0,80533724.0
X,484,MEX,600,PRY,8418,"Refrigerators, freezers and other refrigerating or freezing equipment, electric or other; heat pumps other than air conditioning machines of heading no. 8415",N/A,0.0,1401704.0
X,484,MEX,604,PER,8418,"Refrigerators, freezers and other refrigerating or freezing equipment, electric or other; heat pumps other than air conditioning machines of heading no. 8415",N/A,0.0,42521609.0
X,484,MEX,659,KNA,8418,"Refrigerators, freezers and other refrigerating or freezing equipment, electric or other; heat pumps other than air conditioning machines of heading no. 8415",N/A,0.0,56832.0
X,484,MEX,662,LCA,8418,"Refrigerators, freezers and other refrigerating or freezing equipment, electric or other; heat pumps other than air conditioning machines of heading no. 8415",N/A,0.0,207233.0
X,484,MEX,670,VCT,8418,"Refrigerators, freezers and other refrigerating or freezing equipment, electric or other; heat pumps other than air conditioning machines of heading no. 8415",u,104.0,35022.0
X,484,MEX,682,SAU,8418,"Refrigerators, freezers and other refrigerating or freezing equipment, electric or other; heat pumps other than air conditioning machines of heading no. 8415",N/A,0.0,3568831.0
X,484,MEX,740,SUR,8418,"Refrigerators, freezers and other refrigerating or freezing equipment, electric or other; heat pumps other than air conditioning machines of heading no. 8415",u,160.0,59818.0
X,484,MEX,780,TTO,8418,"Refrigerators, freezers and other refrigerating or freezing equipment, electric or other; heat pumps other than air conditioning machines of heading no. 8415",N/A,0.0,3133109.0
X,484,MEX,784,ARE,8418,"Refrigerators, freezers and other refrigerating or freezing equipment, electric or other; heat pumps other than air conditioning machines of heading no. 8415",N/A,0.0,12960066.0
X,484,MEX,792,TUR,8418,"Refrigerators, freezers and other refrigerating or freezing equipment, electric or other; heat pumps other than air conditioning machines of heading no. 8415",N/A,0.0,2980570.0
X,484,MEX,826,GBR,8418,"Refrigerators, freezers and other refrigerating or freezing equipment, electric or other; heat pumps other than air conditioning machines of heading no. 8415",N/A,0.0,968370.0
X,484,MEX,842,USA,8418,"Refrigerators, freezers and other refrigerating or freezing equipment, electric or other; heat pumps other than air conditioning machines of heading no. 8415",N/A,0.0,5141294764.0
X,484,MEX,858,URY,8418,"Refrigerators, freezers and other refrigerating or freezing equipment, electric or other; heat pumps other than air conditioning machines of heading no. 8415",N/A,0.0,10870474.0
X,484,MEX,862,VEN,8418,"Refrigerators, freezers and other refrigerating or freezing equipment, electric or other; heat pumps other than air conditioning machines of heading no. 8415",N/A,0.0,6967569.0
X,484,MEX,0,W00,8419,"Machinery, plant (not domestic), or laboratory equipment; electrically heated or not, (excluding items in 85.14) for the treatment of materials by a process involving change of temperature; including instantaneous or non electric storage water heaters",N/A,0.0,1474758843.0
X,484,MEX,32,ARG,8419,"Machinery, plant (not domestic), or laboratory equipment; electrically heated or not, (excluding items in 85.14) for the treatment of materials by a process involving change of temperature; including instantaneous or non electric storage water heaters",N/A,0.0,484690.0
X,484,MEX,68,BOL,8419,"Machinery, plant (not domestic), or laboratory equipment; electrically heated or not, (excluding items in 85.14) for the treatment of materials by a process involving change of temperature; including instantaneous or non electric storage water heaters",N/A,0.0,15147.0
X,484,MEX,76,BRA,8419,"Machinery, plant (not domestic), or laboratory equipment; electrically heated or not, (excluding items in 85.14) for the treatment of materials by a process involving change of temperature; including instantaneous or non electric storage water heaters",N/A,0.0,5185947.0
X,484,MEX,84,BLZ,8419,"Machinery, plant (not domestic), or laboratory equipment; electrically heated or not, (excluding items in 85.14) for the treatment of materials by a process involving change of temperature; including instantaneous or non electric storage water heaters",N/A,0.0,206865.0
X,484,MEX,124,CAN,8419,"Machinery, plant (not domestic), or laboratory equipment; electrically heated or not, (excluding items in 85.14) for the treatment of materials by a process involving change of temperature; including instantaneous or non electric storage water heaters",N/A,0.0,5129257.0
X,484,MEX,152,CHL,8419,"Machinery, plant (not domestic), or laboratory equipment; electrically heated or not, (excluding items in 85.14) for the treatment of materials by a process involving change of temperature; including instantaneous or non electric storage water heaters",N/A,0.0,16343637.0
X,484,MEX,156,CHN,8419,"Machinery, plant (not domestic), or laboratory equipment; electrically heated or not, (excluding items in 85.14) for the treatment of materials by a process involving change of temperature; including instantaneous or non electric storage water heaters",N/A,0.0,3906096.0
X,484,MEX,170,COL,8419,"Machinery, plant (not domestic), or laboratory equipment; electrically heated or not, (excluding items in 85.14) for the treatment of materials by a process involving change of temperature; including instantaneous or non electric storage water heaters",N/A,0.0,3421240.0
X,484,MEX,188,CRI,8419,"Machinery, plant (not domestic), or laboratory equipment; electrically heated or not, (excluding items in 85.14) for the treatment of materials by a process involving change of temperature; including instantaneous or non electric storage water heaters",N/A,0.0,899265.0
X,484,MEX,192,CUB,8419,"Machinery, plant (not domestic), or laboratory equipment; electrically heated or not, (excluding items in 85.14) for the treatment of materials by a process involving change of temperature; including instantaneous or non electric storage water heaters",N/A,0.0,373979.0
X,484,MEX,214,DOM,8419,"Machinery, plant (not domestic), or laboratory equipment; electrically heated or not, (excluding items in 85.14) for the treatment of materials by a process involving change of temperature; including instantaneous or non electric storage water heaters",N/A,0.0,626763.0
X,484,MEX,218,ECU,8419,"Machinery, plant (not domestic), or laboratory equipment; electrically heated or not, (excluding items in 85.14) for the treatment of materials by a process involving change of temperature; including instantaneous or non electric storage water heaters",N/A,0.0,476166.0
X,484,MEX,222,SLV,8419,"Machinery, plant (not domestic), or laboratory equipment; electrically heated or not, (excluding items in 85.14) for the treatment of materials by a process involving change of temperature; including instantaneous or non electric storage water heaters",N/A,0.0,570002.0
X,484,MEX,251,FRA,8419,"Machinery, plant (not domestic), or laboratory equipment; electrically heated or not, (excluding items in 85.14) for the treatment of materials by a process involving change of temperature; including instantaneous or non electric storage water heaters",N/A,0.0,46785.0
X,484,MEX,276,DEU,8419,"Machinery, plant (not domestic), or laboratory equipment; electrically heated or not, (excluding items in 85.14) for the treatment of materials by a process involving change of temperature; including instantaneous or non electric storage water heaters",N/A,0.0,443511.0
X,484,MEX,320,GTM,8419,"Machinery, plant (not domestic), or laboratory equipment; electrically heated or not, (excluding items in 85.14) for the treatment of materials by a process involving change of temperature; including instantaneous or non electric storage water heaters",N/A,0.0,1275705.0
X,484,MEX,332,HTI,8419,"Machinery, plant (not domestic), or laboratory equipment; electrically heated or not, (excluding items in 85.14) for the treatment of materials by a process involving change of temperature; including instantaneous or non electric storage water heaters",N/A,0.0,22874.0
X,484,MEX,340,HND,8419,"Machinery, plant (not domestic), or laboratory equipment; electrically heated or not, (excluding items in 85.14) for the treatment of materials by a process involving change of temperature; including instantaneous or non electric storage water heaters",N/A,0.0,816952.0
X,484,MEX,380,ITA,8419,"Machinery, plant (not domestic), or laboratory equipment; electrically heated or not, (excluding items in 85.14) for the treatment of materials by a process involving change of temperature; including instantaneous or non electric storage water heaters",N/A,0.0,27608.0
X,484,MEX,392,JPN,8419,"Machinery, plant (not domestic), or laboratory equipment; electrically heated or not, (excluding items in 85.14) for the treatment of materials by a process involving change of temperature; including instantaneous or non electric storage water heaters",N/A,0.0,10135206.0
X,484,MEX,458,MYS,8419,"Machinery, plant (not domestic), or laboratory equipment; electrically heated or not, (excluding items in 85.14) for the treatment of materials by a process involving change of temperature; including instantaneous or non electric storage water heaters",N/A,0.0,223397.0
X,484,MEX,490,S19,8419,"Machinery, plant (not domestic), or laboratory equipment; electrically heated or not, (excluding items in 85.14) for the treatment of materials by a process involving change of temperature; including instantaneous or non electric storage water heaters",u,186.0,720258.0
X,484,MEX,528,NLD,8419,"Machinery, plant (not domestic), or laboratory equipment; electrically heated or not, (excluding items in 85.14) for the treatment of materials by a process involving change of temperature; including instantaneous or non electric storage water heaters",N/A,0.0,1560914.0
X,484,MEX,558,NIC,8419,"Machinery, plant (not domestic), or laboratory equipment; electrically heated or not, (excluding items in 85.14) for the treatment of materials by a process involving change of temperature; including instantaneous or non electric storage water heaters",N/A,0.0,518309.0
X,484,MEX,591,PAN,8419,"Machinery, plant (not domestic), or laboratory equipment; electrically heated or not, (excluding items in 85.14) for the treatment of materials by a process involving change of temperature; including instantaneous or non electric storage water heaters",N/A,0.0,1572479.0
X,484,MEX,604,PER,8419,"Machinery, plant (not domestic), or laboratory equipment; electrically heated or not, (excluding items in 85.14) for the treatment of materials by a process involving change of temperature; including instantaneous or non electric storage water heaters",N/A,0.0,1499809.0
X,484,MEX,699,IND,8419,"Machinery, plant (not domestic), or laboratory equipment; electrically heated or not, (excluding items in 85.14) for the treatment of materials by a process involving change of temperature; including instantaneous or non electric storage water heaters",N/A,0.0,180193.0
X,484,MEX,710,ZAF,8419,"Machinery, plant (not domestic), or laboratory equipment; electrically heated or not, (excluding items in 85.14) for the treatment of materials by a process involving change of temperature; including instantaneous or non electric storage water heaters",N/A,0.0,159499.0
X,484,MEX,724,ESP,8419,"Machinery, plant (not domestic), or laboratory equipment; electrically heated or not, (excluding items in 85.14) for the treatment of materials by a process involving change of temperature; including instantaneous or non electric storage water heaters",N/A,0.0,2728493.0
X,484,MEX,757,CHE,8419,"Machinery, plant (not domestic), or laboratory equipment; electrically heated or not, (excluding items in 85.14) for the treatment of materials by a process involving change of temperature; including instantaneous or non electric storage water heaters",N/A,0.0,164223.0
X,484,MEX,780,TTO,8419,"Machinery, plant (not domestic), or laboratory equipment; electrically heated or not, (excluding items in 85.14) for the treatment of materials by a process involving change of temperature; including instantaneous or non electric storage water heaters",N/A,0.0,30299.0
X,484,MEX,842,USA,8419,"Machinery, plant (not domestic), or laboratory equipment; electrically heated or not, (excluding items in 85.14) for the treatment of materials by a process involving change of temperature; including instantaneous or non electric storage water heaters",N/A,0.0,1414933760.0
X,484,MEX,858,URY,8419,"Machinery, plant (not domestic), or laboratory equipment; electrically heated or not, (excluding items in 85.14) for the treatment of materials by a process involving change of temperature; including instantaneous or non electric storage water heaters",N/A,0.0,59515.0
X,484,MEX,0,W00,8420,"Machines; calendering or other rolling machines, for other than metal or glass and cylinders therefor",N/A,0.0,2091818.0
X,484,MEX,842,USA,8420,"Machines; calendering or other rolling machines, for other than metal or glass and cylinders therefor",N/A,0.0,2091818.0
X,484,MEX,0,W00,8421,"Centrifuges, including centrifugal dryers; filtering or purifying machinery and apparatus for liquids or gases",N/A,0.0,3620186024.0
X,484,MEX,32,ARG,8421,"Centrifuges, including centrifugal dryers; filtering or purifying machinery and apparatus for liquids or gases",N/A,0.0,8150488.0
X,484,MEX,36,AUS,8421,"Centrifuges, including centrifugal dryers; filtering or purifying machinery and apparatus for liquids or gases",N/A,0.0,9687228.0
X,484,MEX,40,AUT,8421,"Centrifuges, including centrifugal dryers; filtering or purifying machinery and apparatus for liquids or gases",N/A,0.0,6971.0
X,484,MEX,44,BHS,8421,"Centrifuges, including centrifugal dryers; filtering or purifying machinery and apparatus for liquids or gases",N/A,0.0,1176.0
X,484,MEX,52,BRB,8421,"Centrifuges, including centrifugal dryers; filtering or purifying machinery and apparatus for liquids or gases",N/A,0.0,53378.0
X,484,MEX,56,BEL,8421,"Centrifuges, including centrifugal dryers; filtering or purifying machinery and apparatus for liquids or gases",N/A,0.0,23142956.0
X,484,MEX,68,BOL,8421,"Centrifuges, including centrifugal dryers; filtering or purifying machinery and apparatus for liquids or gases",N/A,0.0,1739720.0
X,484,MEX,76,BRA,8421,"Centrifuges, including centrifugal dryers; filtering or purifying machinery and apparatus for liquids or gases",N/A,0.0,28515650.0
X,484,MEX,84,BLZ,8421,"Centrifuges, including centrifugal dryers; filtering or purifying machinery and apparatus for liquids or gases",N/A,0.0,255866.0
X,484,MEX,124,CAN,8421,"Centrifuges, including centrifugal dryers; filtering or purifying machinery and apparatus for liquids or gases",N/A,0.0,18742370.0
X,484,MEX,152,CHL,8421,"Centrifuges, including centrifugal dryers; filtering or purifying machinery and apparatus for liquids or gases",N/A,0.0,15843638.0
X,484,MEX,156,CHN,8421,"Centrifuges, including centrifugal dryers; filtering or purifying machinery and apparatus for liquids or gases",N/A,0.0,170542664.0
X,484,MEX,170,COL,8421,"Centrifuges, including centrifugal dryers; filtering or purifying machinery and apparatus for liquids or gases",N/A,0.0,16073734.0
X,484,MEX,188,CRI,8421,"Centrifuges, including centrifugal dryers; filtering or purifying machinery and apparatus for liquids or gases",N/A,0.0,2654325.0
X,484,MEX,192,CUB,8421,"Centrifuges, including centrifugal dryers; filtering or purifying machinery and apparatus for liquids or gases",N/A,0.0,600786.0
X,484,MEX,214,DOM,8421,"Centrifuges, including centrifugal dryers; filtering or purifying machinery and apparatus for liquids or gases",N/A,0.0,2103122.0
X,484,MEX,218,ECU,8421,"Centrifuges, including centrifugal dryers; filtering or purifying machinery and apparatus for liquids or gases",N/A,0.0,5009748.0
X,484,MEX,222,SLV,8421,"Centrifuges, including centrifugal dryers; filtering or purifying machinery and apparatus for liquids or gases",N/A,0.0,2324381.0
X,484,MEX,251,FRA,8421,"Centrifuges, including centrifugal dryers; filtering or purifying machinery and apparatus for liquids or gases",N/A,0.0,3548386.0
X,484,MEX,276,DEU,8421,"Centrifuges, including centrifugal dryers; filtering or purifying machinery and apparatus for liquids or gases",N/A,0.0,28548921.0
X,484,MEX,320,GTM,8421,"Centrifuges, including centrifugal dryers; filtering or purifying machinery and apparatus for liquids or gases",N/A,0.0,6825595.0
X,484,MEX,328,GUY,8421,"Centrifuges, including centrifugal dryers; filtering or purifying machinery and apparatus for liquids or gases",N/A,0.0,7725.0
X,484,MEX,332,HTI,8421,"Centrifuges, including centrifugal dryers; filtering or purifying machinery and apparatus for liquids or gases",N/A,0.0,181806.0
X,484,MEX,340,HND,8421,"Centrifuges, including centrifugal dryers; filtering or purifying machinery and apparatus for liquids or gases",N/A,0.0,3638844.0
X,484,MEX,344,HKG,8421,"Centrifuges, including centrifugal dryers; filtering or purifying machinery and apparatus for liquids or gases",N/A,0.0,478546.0
X,484,MEX,348,HUN,8421,"Centrifuges, including centrifugal dryers; filtering or purifying machinery and apparatus for liquids or gases",N/A,0.0,3031075.0
X,484,MEX,376,ISR,8421,"Centrifuges, including centrifugal dryers; filtering or purifying machinery and apparatus for liquids or gases",N/A,0.0,23679.0
X,484,MEX,380,ITA,8421,"Centrifuges, including centrifugal dryers; filtering or purifying machinery and apparatus for liquids or gases",N/A,0.0,2821029.0
X,484,MEX,388,JAM,8421,"Centrifuges, including centrifugal dryers; filtering or purifying machinery and apparatus for liquids or gases",N/A,0.0,28438.0
X,484,MEX,392,JPN,8421,"Centrifuges, including centrifugal dryers; filtering or purifying machinery and apparatus for liquids or gases",N/A,0.0,62177872.0
X,484,MEX,410,KOR,8421,"Centrifuges, including centrifugal dryers; filtering or purifying machinery and apparatus for liquids or gases",N/A,0.0,9250202.0
X,484,MEX,458,MYS,8421,"Centrifuges, including centrifugal dryers; filtering or purifying machinery and apparatus for liquids or gases",N/A,0.0,1900.0
X,484,MEX,490,S19,8421,"Centrifuges, including centrifugal dryers; filtering or purifying machinery and apparatus for liquids or gases",N/A,0.0,670877.0
X,484,MEX,528,NLD,8421,"Centrifuges, including centrifugal dryers; filtering or purifying machinery and apparatus for liquids or gases",N/A,0.0,188357783.0
X,484,MEX,533,ABW,8421,"Centrifuges, including centrifugal dryers; filtering or purifying machinery and apparatus for liquids or gases",N/A,0.0,255711.0
X,484,MEX,554,NZL,8421,"Centrifuges, including centrifugal dryers; filtering or purifying machinery and apparatus for liquids or gases",N/A,0.0,101259.0
X,484,MEX,558,NIC,8421,"Centrifuges, including centrifugal dryers; filtering or purifying machinery and apparatus for liquids or gases",N/A,0.0,2113191.0
X,484,MEX,591,PAN,8421,"Centrifuges, including centrifugal dryers; filtering or purifying machinery and apparatus for liquids or gases",N/A,0.0,2063234.0
X,484,MEX,600,PRY,8421,"Centrifuges, including centrifugal dryers; filtering or purifying machinery and apparatus for liquids or gases",N/A,0.0,548521.0
X,484,MEX,604,PER,8421,"Centrifuges, including centrifugal dryers; filtering or purifying machinery and apparatus for liquids or gases",N/A,0.0,13538912.0
X,484,MEX,616,POL,8421,"Centrifuges, including centrifugal dryers; filtering or purifying machinery and apparatus for liquids or gases",N/A,0.0,42566606.0
X,484,MEX,642,ROU,8421,"Centrifuges, including centrifugal dryers; filtering or purifying machinery and apparatus for liquids or gases",N/A,0.0,36350.0
X,484,MEX,643,RUS,8421,"Centrifuges, including centrifugal dryers; filtering or purifying machinery and apparatus for liquids or gases",N/A,0.0,6816.0
X,484,MEX,682,SAU,8421,"Centrifuges, including centrifugal dryers; filtering or purifying machinery and apparatus for liquids or gases",N/A,0.0,731.0
X,484,MEX,699,IND,8421,"Centrifuges, including centrifugal dryers; filtering or purifying machinery and apparatus for liquids or gases",N/A,0.0,2050938.0
X,484,MEX,702,SGP,8421,"Centrifuges, including centrifugal dryers; filtering or purifying machinery and apparatus for liquids or gases",N/A,0.0,18050756.0
X,484,MEX,710,ZAF,8421,"Centrifuges, including centrifugal dryers; filtering or purifying machinery and apparatus for liquids or gases",N/A,0.0,319946.0
X,484,MEX,724,ESP,8421,"Centrifuges, including centrifugal dryers; filtering or purifying machinery and apparatus for liquids or gases",N/A,0.0,14906410.0
X,484,MEX,764,THA,8421,"Centrifuges, including centrifugal dryers; filtering or purifying machinery and apparatus for liquids or gases",N/A,0.0,824291.0
X,484,MEX,780,TTO,8421,"Centrifuges, including centrifugal dryers; filtering or purifying machinery and apparatus for liquids or gases",N/A,0.0,191234.0
X,484,MEX,784,ARE,8421,"Centrifuges, including centrifugal dryers; filtering or purifying machinery and apparatus for liquids or gases",N/A,0.0,1853368.0
X,484,MEX,826,GBR,8421,"Centrifuges, including centrifugal dryers; filtering or purifying machinery and apparatus for liquids or gases",N/A,0.0,3613106.0
X,484,MEX,842,USA,8421,"Centrifuges, including centrifugal dryers; filtering or purifying machinery and apparatus for liquids or gases",N/A,0.0,2901136674.0
X,484,MEX,858,URY,8421,"Centrifuges, including centrifugal dryers; filtering or purifying machinery and apparatus for liquids or gases",N/A,0.0,577239.0
X,484,MEX,862,VEN,8421,"Centrifuges, including centrifugal dryers; filtering or purifying machinery and apparatus for liquids or gases",N/A,0.0,389852.0
X,484,MEX,0,W00,8422,"Dish washing machines; machinery for cleaning, drying, filling, closing, sealing, capsuling or labelling bottles, cans, boxes, bags, etc, machinery for aerating beverages",N/A,0.0,63359899.0
X,484,MEX,32,ARG,8422,"Dish washing machines; machinery for cleaning, drying, filling, closing, sealing, capsuling or labelling bottles, cans, boxes, bags, etc, machinery for aerating beverages",N/A,0.0,1293719.0
X,484,MEX,68,BOL,8422,"Dish washing machines; machinery for cleaning, drying, filling, closing, sealing, capsuling or labelling bottles, cans, boxes, bags, etc, machinery for aerating beverages",N/A,0.0,19299.0
X,484,MEX,76,BRA,8422,"Dish washing machines; machinery for cleaning, drying, filling, closing, sealing, capsuling or labelling bottles, cans, boxes, bags, etc, machinery for aerating beverages",N/A,0.0,240870.0
X,484,MEX,124,CAN,8422,"Dish washing machines; machinery for cleaning, drying, filling, closing, sealing, capsuling or labelling bottles, cans, boxes, bags, etc, machinery for aerating beverages",N/A,0.0,246469.0
X,484,MEX,152,CHL,8422,"Dish washing machines; machinery for cleaning, drying, filling, closing, sealing, capsuling or labelling bottles, cans, boxes, bags, etc, machinery for aerating beverages",N/A,0.0,117071.0
X,484,MEX,170,COL,8422,"Dish washing machines; machinery for cleaning, drying, filling, closing, sealing, capsuling or labelling bottles, cans, boxes, bags, etc, machinery for aerating beverages",N/A,0.0,1224169.0
X,484,MEX,188,CRI,8422,"Dish washing machines; machinery for cleaning, drying, filling, closing, sealing, capsuling or labelling bottles, cans, boxes, bags, etc, machinery for aerating beverages",N/A,0.0,698413.0
X,484,MEX,192,CUB,8422,"Dish washing machines; machinery for cleaning, drying, filling, closing, sealing, capsuling or labelling bottles, cans, boxes, bags, etc, machinery for aerating beverages",u,3.0,15523.0
X,484,MEX,214,DOM,8422,"Dish washing machines; machinery for cleaning, drying, filling, closing, sealing, capsuling or labelling bottles, cans, boxes, bags, etc, machinery for aerating beverages",N/A,0.0,1578223.0
X,484,MEX,218,ECU,8422,"Dish washing machines; machinery for cleaning, drying, filling, closing, sealing, capsuling or labelling bottles, cans, boxes, bags, etc, machinery for aerating beverages",N/A,0.0,300569.0
X,484,MEX,222,SLV,8422,"Dish washing machines; machinery for cleaning, drying, filling, closing, sealing, capsuling or labelling bottles, cans, boxes, bags, etc, machinery for aerating beverages",N/A,0.0,587911.0
X,484,MEX,276,DEU,8422,"Dish washing machines; machinery for cleaning, drying, filling, closing, sealing, capsuling or labelling bottles, cans, boxes, bags, etc, machinery for aerating beverages",kg,162.212,24156.0
X,484,MEX,320,GTM,8422,"Dish washing machines; machinery for cleaning, drying, filling, closing, sealing, capsuling or labelling bottles, cans, boxes, bags, etc, machinery for aerating beverages",N/A,0.0,1926940.0
X,484,MEX,340,HND,8422,"Dish washing machines; machinery for cleaning, drying, filling, closing, sealing, capsuling or labelling bottles, cans, boxes, bags, etc, machinery for aerating beverages",N/A,0.0,373716.0
X,484,MEX,380,ITA,8422,"Dish washing machines; machinery for cleaning, drying, filling, closing, sealing, capsuling or labelling bottles, cans, boxes, bags, etc, machinery for aerating beverages",N/A,0.0,165823.0
X,484,MEX,558,NIC,8422,"Dish washing machines; machinery for cleaning, drying, filling, closing, sealing, capsuling or labelling bottles, cans, boxes, bags, etc, machinery for aerating beverages",N/A,0.0,313496.0
X,484,MEX,591,PAN,8422,"Dish washing machines; machinery for cleaning, drying, filling, closing, sealing, capsuling or labelling bottles, cans, boxes, bags, etc, machinery for aerating beverages",N/A,0.0,2421550.0
X,484,MEX,604,PER,8422,"Dish washing machines; machinery for cleaning, drying, filling, closing, sealing, capsuling or labelling bottles, cans, boxes, bags, etc, machinery for aerating beverages",N/A,0.0,2099073.0
X,484,MEX,780,TTO,8422,"Dish washing machines; machinery for cleaning, drying, filling, closing, sealing, capsuling or labelling bottles, cans, boxes, bags, etc, machinery for aerating beverages",N/A,0.0,1466692.0
X,484,MEX,842,USA,8422,"Dish washing machines; machinery for cleaning, drying, filling, closing, sealing, capsuling or labelling bottles, cans, boxes, bags, etc, machinery for aerating beverages",N/A,0.0,48246217.0
X,484,MEX,0,W00,8423,"Weighing machines; excluding balances of a sensitivity of 5cg or better, including weight operated counting or checking machines and weights of all kinds",N/A,0.0,84181440.0
X,484,MEX,152,CHL,8423,"Weighing machines; excluding balances of a sensitivity of 5cg or better, including weight operated counting or checking machines and weights of all kinds",N/A,0.0,27990.0
X,484,MEX,170,COL,8423,"Weighing machines; excluding balances of a sensitivity of 5cg or better, including weight operated counting or checking machines and weights of all kinds",N/A,0.0,80347.0
X,484,MEX,188,CRI,8423,"Weighing machines; excluding balances of a sensitivity of 5cg or better, including weight operated counting or checking machines and weights of all kinds",N/A,0.0,253799.0
X,484,MEX,192,CUB,8423,"Weighing machines; excluding balances of a sensitivity of 5cg or better, including weight operated counting or checking machines and weights of all kinds",N/A,0.0,20183.0
X,484,MEX,214,DOM,8423,"Weighing machines; excluding balances of a sensitivity of 5cg or better, including weight operated counting or checking machines and weights of all kinds",N/A,0.0,73637.0
X,484,MEX,218,ECU,8423,"Weighing machines; excluding balances of a sensitivity of 5cg or better, including weight operated counting or checking machines and weights of all kinds",N/A,0.0,224013.0
X,484,MEX,222,SLV,8423,"Weighing machines; excluding balances of a sensitivity of 5cg or better, including weight operated counting or checking machines and weights of all kinds",N/A,0.0,104178.0
X,484,MEX,320,GTM,8423,"Weighing machines; excluding balances of a sensitivity of 5cg or better, including weight operated counting or checking machines and weights of all kinds",N/A,0.0,276188.0
X,484,MEX,340,HND,8423,"Weighing machines; excluding balances of a sensitivity of 5cg or better, including weight operated counting or checking machines and weights of all kinds",N/A,0.0,249959.0
X,484,MEX,558,NIC,8423,"Weighing machines; excluding balances of a sensitivity of 5cg or better, including weight operated counting or checking machines and weights of all kinds",N/A,0.0,12142.0
X,484,MEX,591,PAN,8423,"Weighing machines; excluding balances of a sensitivity of 5cg or better, including weight operated counting or checking machines and weights of all kinds",N/A,0.0,8067.0
X,484,MEX,604,PER,8423,"Weighing machines; excluding balances of a sensitivity of 5cg or better, including weight operated counting or checking machines and weights of all kinds",N/A,0.0,36943.0
X,484,MEX,842,USA,8423,"Weighing machines; excluding balances of a sensitivity of 5cg or better, including weight operated counting or checking machines and weights of all kinds",N/A,0.0,82813994.0
X,484,MEX,0,W00,8424,"Mechanical appliances for projecting, dispersing or spraying liquids or powders; fire extinguishers, spray guns, steam, sand blasting machines",N/A,0.0,577612507.0
X,484,MEX,32,ARG,8424,"Mechanical appliances for projecting, dispersing or spraying liquids or powders; fire extinguishers, spray guns, steam, sand blasting machines",N/A,0.0,932748.0
X,484,MEX,52,BRB,8424,"Mechanical appliances for projecting, dispersing or spraying liquids or powders; fire extinguishers, spray guns, steam, sand blasting machines",N/A,0.0,50152.0
X,484,MEX,68,BOL,8424,"Mechanical appliances for projecting, dispersing or spraying liquids or powders; fire extinguishers, spray guns, steam, sand blasting machines",N/A,0.0,430812.0
X,484,MEX,76,BRA,8424,"Mechanical appliances for projecting, dispersing or spraying liquids or powders; fire extinguishers, spray guns, steam, sand blasting machines",N/A,0.0,2964854.0
X,484,MEX,84,BLZ,8424,"Mechanical appliances for projecting, dispersing or spraying liquids or powders; fire extinguishers, spray guns, steam, sand blasting machines",N/A,0.0,385343.0
X,484,MEX,124,CAN,8424,"Mechanical appliances for projecting, dispersing or spraying liquids or powders; fire extinguishers, spray guns, steam, sand blasting machines",N/A,0.0,145978.0
X,484,MEX,152,CHL,8424,"Mechanical appliances for projecting, dispersing or spraying liquids or powders; fire extinguishers, spray guns, steam, sand blasting machines",N/A,0.0,1215738.0
X,484,MEX,156,CHN,8424,"Mechanical appliances for projecting, dispersing or spraying liquids or powders; fire extinguishers, spray guns, steam, sand blasting machines",N/A,0.0,14333.0
X,484,MEX,170,COL,8424,"Mechanical appliances for projecting, dispersing or spraying liquids or powders; fire extinguishers, spray guns, steam, sand blasting machines",N/A,0.0,2212049.0
X,484,MEX,188,CRI,8424,"Mechanical appliances for projecting, dispersing or spraying liquids or powders; fire extinguishers, spray guns, steam, sand blasting machines",N/A,0.0,1149065.0
X,484,MEX,192,CUB,8424,"Mechanical appliances for projecting, dispersing or spraying liquids or powders; fire extinguishers, spray guns, steam, sand blasting machines",N/A,0.0,157780.0
X,484,MEX,214,DOM,8424,"Mechanical appliances for projecting, dispersing or spraying liquids or powders; fire extinguishers, spray guns, steam, sand blasting machines",N/A,0.0,950674.0
X,484,MEX,218,ECU,8424,"Mechanical appliances for projecting, dispersing or spraying liquids or powders; fire extinguishers, spray guns, steam, sand blasting machines",N/A,0.0,614591.0
X,484,MEX,222,SLV,8424,"Mechanical appliances for projecting, dispersing or spraying liquids or powders; fire extinguishers, spray guns, steam, sand blasting machines",N/A,0.0,1072870.0
X,484,MEX,276,DEU,8424,"Mechanical appliances for projecting, dispersing or spraying liquids or powders; fire extinguishers, spray guns, steam, sand blasting machines",N/A,0.0,509249.0
X,484,MEX,320,GTM,8424,"Mechanical appliances for projecting, dispersing or spraying liquids or powders; fire extinguishers, spray guns, steam, sand blasting machines",N/A,0.0,3070925.0
X,484,MEX,332,HTI,8424,"Mechanical appliances for projecting, dispersing or spraying liquids or powders; fire extinguishers, spray guns, steam, sand blasting machines",N/A,0.0,29321.0
X,484,MEX,340,HND,8424,"Mechanical appliances for projecting, dispersing or spraying liquids or powders; fire extinguishers, spray guns, steam, sand blasting machines",N/A,0.0,1319973.0
X,484,MEX,380,ITA,8424,"Mechanical appliances for projecting, dispersing or spraying liquids or powders; fire extinguishers, spray guns, steam, sand blasting machines",N/A,0.0,191883.0
X,484,MEX,388,JAM,8424,"Mechanical appliances for projecting, dispersing or spraying liquids or powders; fire extinguishers, spray guns, steam, sand blasting machines",N/A,0.0,183728.0
X,484,MEX,392,JPN,8424,"Mechanical appliances for projecting, dispersing or spraying liquids or powders; fire extinguishers, spray guns, steam, sand blasting machines",N/A,0.0,6635.0
X,484,MEX,554,NZL,8424,"Mechanical appliances for projecting, dispersing or spraying liquids or powders; fire extinguishers, spray guns, steam, sand blasting machines",N/A,0.0,112503.0
X,484,MEX,558,NIC,8424,"Mechanical appliances for projecting, dispersing or spraying liquids or powders; fire extinguishers, spray guns, steam, sand blasting machines",N/A,0.0,647511.0
X,484,MEX,591,PAN,8424,"Mechanical appliances for projecting, dispersing or spraying liquids or powders; fire extinguishers, spray guns, steam, sand blasting machines",N/A,0.0,616172.0
X,484,MEX,600,PRY,8424,"Mechanical appliances for projecting, dispersing or spraying liquids or powders; fire extinguishers, spray guns, steam, sand blasting machines",N/A,0.0,335576.0
X,484,MEX,604,PER,8424,"Mechanical appliances for projecting, dispersing or spraying liquids or powders; fire extinguishers, spray guns, steam, sand blasting machines",N/A,0.0,943871.0
X,484,MEX,724,ESP,8424,"Mechanical appliances for projecting, dispersing or spraying liquids or powders; fire extinguishers, spray guns, steam, sand blasting machines",N/A,0.0,36216.0
X,484,MEX,780,TTO,8424,"Mechanical appliances for projecting, dispersing or spraying liquids or powders; fire extinguishers, spray guns, steam, sand blasting machines",N/A,0.0,199881.0
X,484,MEX,826,GBR,8424,"Mechanical appliances for projecting, dispersing or spraying liquids or powders; fire extinguishers, spray guns, steam, sand blasting machines",N/A,0.0,85667.0
X,484,MEX,842,USA,8424,"Mechanical appliances for projecting, dispersing or spraying liquids or powders; fire extinguishers, spray guns, steam, sand blasting machines",N/A,0.0,556954172.0
X,484,MEX,858,URY,8424,"Mechanical appliances for projecting, dispersing or spraying liquids or powders; fire extinguishers, spray guns, steam, sand blasting machines",N/A,0.0,51408.0
X,484,MEX,862,VEN,8424,"Mechanical appliances for projecting, dispersing or spraying liquids or powders; fire extinguishers, spray guns, steam, sand blasting machines",N/A,0.0,20829.0
X,484,MEX,0,W00,8425,Pulley tackle and hoists other than skip hoists; winches and capstans; jacks,N/A,0.0,48761125.0
X,484,MEX,68,BOL,8425,Pulley tackle and hoists other than skip hoists; winches and capstans; jacks,N/A,0.0,11554.0
X,484,MEX,84,BLZ,8425,Pulley tackle and hoists other than skip hoists; winches and capstans; jacks,N/A,0.0,11301.0
X,484,MEX,124,CAN,8425,Pulley tackle and hoists other than skip hoists; winches and capstans; jacks,N/A,0.0,155346.0
X,484,MEX,152,CHL,8425,Pulley tackle and hoists other than skip hoists; winches and capstans; jacks,N/A,0.0,198606.0
X,484,MEX,170,COL,8425,Pulley tackle and hoists other than skip hoists; winches and capstans; jacks,N/A,0.0,935324.0
X,484,MEX,188,CRI,8425,Pulley tackle and hoists other than skip hoists; winches and capstans; jacks,N/A,0.0,155887.0
X,484,MEX,192,CUB,8425,Pulley tackle and hoists other than skip hoists; winches and capstans; jacks,N/A,0.0,12293.0
X,484,MEX,214,DOM,8425,Pulley tackle and hoists other than skip hoists; winches and capstans; jacks,N/A,0.0,317879.0
X,484,MEX,218,ECU,8425,Pulley tackle and hoists other than skip hoists; winches and capstans; jacks,N/A,0.0,136183.0
X,484,MEX,222,SLV,8425,Pulley tackle and hoists other than skip hoists; winches and capstans; jacks,N/A,0.0,707113.0
X,484,MEX,276,DEU,8425,Pulley tackle and hoists other than skip hoists; winches and capstans; jacks,N/A,0.0,44371.0
X,484,MEX,320,GTM,8425,Pulley tackle and hoists other than skip hoists; winches and capstans; jacks,N/A,0.0,827229.0
X,484,MEX,340,HND,8425,Pulley tackle and hoists other than skip hoists; winches and capstans; jacks,N/A,0.0,390308.0
X,484,MEX,528,NLD,8425,Pulley tackle and hoists other than skip hoists; winches and capstans; jacks,N/A,0.0,3617.0
X,484,MEX,558,NIC,8425,Pulley tackle and hoists other than skip hoists; winches and capstans; jacks,N/A,0.0,165168.0
X,484,MEX,591,PAN,8425,Pulley tackle and hoists other than skip hoists; winches and capstans; jacks,N/A,0.0,81385.0
X,484,MEX,604,PER,8425,Pulley tackle and hoists other than skip hoists; winches and capstans; jacks,N/A,0.0,742505.0
X,484,MEX,724,ESP,8425,Pulley tackle and hoists other than skip hoists; winches and capstans; jacks,N/A,0.0,75588.0
X,484,MEX,842,USA,8425,Pulley tackle and hoists other than skip hoists; winches and capstans; jacks,N/A,0.0,43789468.0
X,484,MEX,0,W00,8426,"Derricks, cranes, including cable cranes, mobile lifting frames, straddle carriers and works trucks fitted with a crane",N/A,0.0,4739422.0
X,484,MEX,222,SLV,8426,"Derricks, cranes, including cable cranes, mobile lifting frames, straddle carriers and works trucks fitted with a crane",N/A,0.0,18068.0
X,484,MEX,320,GTM,8426,"Derricks, cranes, including cable cranes, mobile lifting frames, straddle carriers and works trucks fitted with a crane",N/A,0.0,16980.0
X,484,MEX,842,USA,8426,"Derricks, cranes, including cable cranes, mobile lifting frames, straddle carriers and works trucks fitted with a crane",N/A,0.0,4704374.0
X,484,MEX,0,W00,8427,Fork-lift and other works trucks; fitted with lifting or handling equipment,N/A,0.0,218095246.0
X,484,MEX,170,COL,8427,Fork-lift and other works trucks; fitted with lifting or handling equipment,N/A,0.0,183117.0
X,484,MEX,842,USA,8427,Fork-lift and other works trucks; fitted with lifting or handling equipment,N/A,0.0,217912129.0
X,484,MEX,0,W00,8428,"Lifting, handling, loading or unloading machinery; n.e.c. in heading no. 8425, 8426 or 8427 (e.g. lifts, escalators, conveyors, teleferics)",N/A,0.0,419790362.0
X,484,MEX,76,BRA,8428,"Lifting, handling, loading or unloading machinery; n.e.c. in heading no. 8425, 8426 or 8427 (e.g. lifts, escalators, conveyors, teleferics)",N/A,0.0,646275.0
X,484,MEX,124,CAN,8428,"Lifting, handling, loading or unloading machinery; n.e.c. in heading no. 8425, 8426 or 8427 (e.g. lifts, escalators, conveyors, teleferics)",N/A,0.0,18098232.0
X,484,MEX,152,CHL,8428,"Lifting, handling, loading or unloading machinery; n.e.c. in heading no. 8425, 8426 or 8427 (e.g. lifts, escalators, conveyors, teleferics)",N/A,0.0,2578711.0
X,484,MEX,170,COL,8428,"Lifting, handling, loading or unloading machinery; n.e.c. in heading no. 8425, 8426 or 8427 (e.g. lifts, escalators, conveyors, teleferics)",N/A,0.0,4195989.0
X,484,MEX,188,CRI,8428,"Lifting, handling, loading or unloading machinery; n.e.c. in heading no. 8425, 8426 or 8427 (e.g. lifts, escalators, conveyors, teleferics)",N/A,0.0,373028.0
X,484,MEX,214,DOM,8428,"Lifting, handling, loading or unloading machinery; n.e.c. in heading no. 8425, 8426 or 8427 (e.g. lifts, escalators, conveyors, teleferics)",N/A,0.0,86974.0
X,484,MEX,222,SLV,8428,"Lifting, handling, loading or unloading machinery; n.e.c. in heading no. 8425, 8426 or 8427 (e.g. lifts, escalators, conveyors, teleferics)",N/A,0.0,402233.0
X,484,MEX,320,GTM,8428,"Lifting, handling, loading or unloading machinery; n.e.c. in heading no. 8425, 8426 or 8427 (e.g. lifts, escalators, conveyors, teleferics)",N/A,0.0,2090882.0
X,484,MEX,340,HND,8428,"Lifting, handling, loading or unloading machinery; n.e.c. in heading no. 8425, 8426 or 8427 (e.g. lifts, escalators, conveyors, teleferics)",N/A,0.0,1242767.0
X,484,MEX,558,NIC,8428,"Lifting, handling, loading or unloading machinery; n.e.c. in heading no. 8425, 8426 or 8427 (e.g. lifts, escalators, conveyors, teleferics)",N/A,0.0,303188.0
X,484,MEX,591,PAN,8428,"Lifting, handling, loading or unloading machinery; n.e.c. in heading no. 8425, 8426 or 8427 (e.g. lifts, escalators, conveyors, teleferics)",N/A,0.0,402321.0
X,484,MEX,604,PER,8428,"Lifting, handling, loading or unloading machinery; n.e.c. in heading no. 8425, 8426 or 8427 (e.g. lifts, escalators, conveyors, teleferics)",N/A,0.0,183057.0
X,484,MEX,826,GBR,8428,"Lifting, handling, loading or unloading machinery; n.e.c. in heading no. 8425, 8426 or 8427 (e.g. lifts, escalators, conveyors, teleferics)",N/A,0.0,2935215.0
X,484,MEX,842,USA,8428,"Lifting, handling, loading or unloading machinery; n.e.c. in heading no. 8425, 8426 or 8427 (e.g. lifts, escalators, conveyors, teleferics)",N/A,0.0,386251490.0
X,484,MEX,0,W00,8429,"Bulldozers, graders, levellers, scrapers, angledozers, mechanical shovels, excavators, shovel loaders, tamping machines and road rollers, self-propelled",N/A,0.0,5680321.0
X,484,MEX,340,HND,8429,"Bulldozers, graders, levellers, scrapers, angledozers, mechanical shovels, excavators, shovel loaders, tamping machines and road rollers, self-propelled",N/A,0.0,122800.0
X,484,MEX,842,USA,8429,"Bulldozers, graders, levellers, scrapers, angledozers, mechanical shovels, excavators, shovel loaders, tamping machines and road rollers, self-propelled",N/A,0.0,5557521.0
X,484,MEX,0,W00,8430,"Moving, grading, levelling, scraping, excavating, tamping, compacting, extracting or boring machinery, for earth, minerals, or ores; pile drivers and extractors; snow ploughs and snow blowers",N/A,0.0,243738992.0
X,484,MEX,124,CAN,8430,"Moving, grading, levelling, scraping, excavating, tamping, compacting, extracting or boring machinery, for earth, minerals, or ores; pile drivers and extractors; snow ploughs and snow blowers",N/A,0.0,875002.0
X,484,MEX,170,COL,8430,"Moving, grading, levelling, scraping, excavating, tamping, compacting, extracting or boring machinery, for earth, minerals, or ores; pile drivers and extractors; snow ploughs and snow blowers",N/A,0.0,184545.0
X,484,MEX,222,SLV,8430,"Moving, grading, levelling, scraping, excavating, tamping, compacting, extracting or boring machinery, for earth, minerals, or ores; pile drivers and extractors; snow ploughs and snow blowers",N/A,0.0,81513.0
X,484,MEX,320,GTM,8430,"Moving, grading, levelling, scraping, excavating, tamping, compacting, extracting or boring machinery, for earth, minerals, or ores; pile drivers and extractors; snow ploughs and snow blowers",N/A,0.0,37100.0
X,484,MEX,604,PER,8430,"Moving, grading, levelling, scraping, excavating, tamping, compacting, extracting or boring machinery, for earth, minerals, or ores; pile drivers and extractors; snow ploughs and snow blowers",N/A,0.0,693632.0
X,484,MEX,842,USA,8430,"Moving, grading, levelling, scraping, excavating, tamping, compacting, extracting or boring machinery, for earth, minerals, or ores; pile drivers and extractors; snow ploughs and snow blowers",N/A,0.0,241867200.0
X,484,MEX,0,W00,8431,Machinery parts; used solely or principally with the machinery of heading no. 8425 to 8430,N/A,0.0,1618565040.0
X,484,MEX,24,AGO,8431,Machinery parts; used solely or principally with the machinery of heading no. 8425 to 8430,N/A,0.0,22682.0
X,484,MEX,32,ARG,8431,Machinery parts; used solely or principally with the machinery of heading no. 8425 to 8430,N/A,0.0,38961.0
X,484,MEX,36,AUS,8431,Machinery parts; used solely or principally with the machinery of heading no. 8425 to 8430,N/A,0.0,192204.0
X,484,MEX,68,BOL,8431,Machinery parts; used solely or principally with the machinery of heading no. 8425 to 8430,N/A,0.0,176426.0
X,484,MEX,76,BRA,8431,Machinery parts; used solely or principally with the machinery of heading no. 8425 to 8430,N/A,0.0,32188300.0
X,484,MEX,84,BLZ,8431,Machinery parts; used solely or principally with the machinery of heading no. 8425 to 8430,N/A,0.0,31473.0
X,484,MEX,124,CAN,8431,Machinery parts; used solely or principally with the machinery of heading no. 8425 to 8430,N/A,0.0,6816247.0
X,484,MEX,152,CHL,8431,Machinery parts; used solely or principally with the machinery of heading no. 8425 to 8430,N/A,0.0,1957841.0
X,484,MEX,156,CHN,8431,Machinery parts; used solely or principally with the machinery of heading no. 8425 to 8430,N/A,0.0,2280078.0
X,484,MEX,170,COL,8431,Machinery parts; used solely or principally with the machinery of heading no. 8425 to 8430,N/A,0.0,2456749.0
X,484,MEX,188,CRI,8431,Machinery parts; used solely or principally with the machinery of heading no. 8425 to 8430,N/A,0.0,183629.0
X,484,MEX,192,CUB,8431,Machinery parts; used solely or principally with the machinery of heading no. 8425 to 8430,N/A,0.0,172777.0
X,484,MEX,214,DOM,8431,Machinery parts; used solely or principally with the machinery of heading no. 8425 to 8430,N/A,0.0,36651.0
X,484,MEX,218,ECU,8431,Machinery parts; used solely or principally with the machinery of heading no. 8425 to 8430,N/A,0.0,396526.0
X,484,MEX,222,SLV,8431,Machinery parts; used solely or principally with the machinery of heading no. 8425 to 8430,N/A,0.0,43850.0
X,484,MEX,251,FRA,8431,Machinery parts; used solely or principally with the machinery of heading no. 8425 to 8430,N/A,0.0,2348034.0
X,484,MEX,276,DEU,8431,Machinery parts; used solely or principally with the machinery of heading no. 8425 to 8430,N/A,0.0,2222125.0
X,484,MEX,320,GTM,8431,Machinery parts; used solely or principally with the machinery of heading no. 8425 to 8430,N/A,0.0,378672.0
X,484,MEX,340,HND,8431,Machinery parts; used solely or principally with the machinery of heading no. 8425 to 8430,N/A,0.0,215447.0
X,484,MEX,380,ITA,8431,Machinery parts; used solely or principally with the machinery of heading no. 8425 to 8430,N/A,0.0,1038336.0
X,484,MEX,392,JPN,8431,Machinery parts; used solely or principally with the machinery of heading no. 8425 to 8430,N/A,0.0,90881.0
X,484,MEX,528,NLD,8431,Machinery parts; used solely or principally with the machinery of heading no. 8425 to 8430,N/A,0.0,695442.0
X,484,MEX,558,NIC,8431,Machinery parts; used solely or principally with the machinery of heading no. 8425 to 8430,N/A,0.0,93521.0
X,484,MEX,591,PAN,8431,Machinery parts; used solely or principally with the machinery of heading no. 8425 to 8430,N/A,0.0,35254.0
X,484,MEX,604,PER,8431,Machinery parts; used solely or principally with the machinery of heading no. 8425 to 8430,N/A,0.0,676783.0
X,484,MEX,643,RUS,8431,Machinery parts; used solely or principally with the machinery of heading no. 8425 to 8430,N/A,0.0,131072.0
X,484,MEX,699,IND,8431,Machinery parts; used solely or principally with the machinery of heading no. 8425 to 8430,N/A,0.0,441754.0
X,484,MEX,702,SGP,8431,Machinery parts; used solely or principally with the machinery of heading no. 8425 to 8430,N/A,0.0,386404.0
X,484,MEX,724,ESP,8431,Machinery parts; used solely or principally with the machinery of heading no. 8425 to 8430,N/A,0.0,141194.0
X,484,MEX,752,SWE,8431,Machinery parts; used solely or principally with the machinery of heading no. 8425 to 8430,N/A,0.0,93475.0
X,484,MEX,764,THA,8431,Machinery parts; used solely or principally with the machinery of heading no. 8425 to 8430,N/A,0.0,908734.0
X,484,MEX,780,TTO,8431,Machinery parts; used solely or principally with the machinery of heading no. 8425 to 8430,N/A,0.0,150568.0
X,484,MEX,784,ARE,8431,Machinery parts; used solely or principally with the machinery of heading no. 8425 to 8430,N/A,0.0,920331.0
X,484,MEX,818,EGY,8431,Machinery parts; used solely or principally with the machinery of heading no. 8425 to 8430,kg,649.0,50937.0
X,484,MEX,826,GBR,8431,Machinery parts; used solely or principally with the machinery of heading no. 8425 to 8430,N/A,0.0,3370610.0
X,484,MEX,842,USA,8431,Machinery parts; used solely or principally with the machinery of heading no. 8425 to 8430,N/A,0.0,1557181072.0
X,484,MEX,0,W00,8432,"Agricultural, horticultural or forestry machinery for soil preparation or cultivation; lawn or sports-ground rollers",N/A,0.0,90590903.0
X,484,MEX,68,BOL,8432,"Agricultural, horticultural or forestry machinery for soil preparation or cultivation; lawn or sports-ground rollers",N/A,0.0,38328.0
X,484,MEX,124,CAN,8432,"Agricultural, horticultural or forestry machinery for soil preparation or cultivation; lawn or sports-ground rollers",N/A,0.0,1183218.0
X,484,MEX,170,COL,8432,"Agricultural, horticultural or forestry machinery for soil preparation or cultivation; lawn or sports-ground rollers",N/A,0.0,761590.0
X,484,MEX,320,GTM,8432,"Agricultural, horticultural or forestry machinery for soil preparation or cultivation; lawn or sports-ground rollers",N/A,0.0,73941.0
X,484,MEX,340,HND,8432,"Agricultural, horticultural or forestry machinery for soil preparation or cultivation; lawn or sports-ground rollers",N/A,0.0,127447.0
X,484,MEX,558,NIC,8432,"Agricultural, horticultural or forestry machinery for soil preparation or cultivation; lawn or sports-ground rollers",N/A,0.0,21221.0
X,484,MEX,604,PER,8432,"Agricultural, horticultural or forestry machinery for soil preparation or cultivation; lawn or sports-ground rollers",N/A,0.0,141314.0
X,484,MEX,842,USA,8432,"Agricultural, horticultural or forestry machinery for soil preparation or cultivation; lawn or sports-ground rollers",N/A,0.0,88243844.0
X,484,MEX,0,W00,8433,"Harvesting and threshing machinery, straw and fodder balers, grass or hay mowers; machines for cleaning, sorting or grading eggs, fruit or other agricultural produce, other than machinery of heading no 8437",N/A,0.0,435701719.0
X,484,MEX,68,BOL,8433,"Harvesting and threshing machinery, straw and fodder balers, grass or hay mowers; machines for cleaning, sorting or grading eggs, fruit or other agricultural produce, other than machinery of heading no 8437",N/A,0.0,2395711.0
X,484,MEX,84,BLZ,8433,"Harvesting and threshing machinery, straw and fodder balers, grass or hay mowers; machines for cleaning, sorting or grading eggs, fruit or other agricultural produce, other than machinery of heading no 8437",N/A,0.0,160305.0
X,484,MEX,124,CAN,8433,"Harvesting and threshing machinery, straw and fodder balers, grass or hay mowers; machines for cleaning, sorting or grading eggs, fruit or other agricultural produce, other than machinery of heading no 8437",N/A,0.0,82878.0
X,484,MEX,170,COL,8433,"Harvesting and threshing machinery, straw and fodder balers, grass or hay mowers; machines for cleaning, sorting or grading eggs, fruit or other agricultural produce, other than machinery of heading no 8437",N/A,0.0,1487322.0
X,484,MEX,192,CUB,8433,"Harvesting and threshing machinery, straw and fodder balers, grass or hay mowers; machines for cleaning, sorting or grading eggs, fruit or other agricultural produce, other than machinery of heading no 8437",N/A,0.0,7385.0
X,484,MEX,214,DOM,8433,"Harvesting and threshing machinery, straw and fodder balers, grass or hay mowers; machines for cleaning, sorting or grading eggs, fruit or other agricultural produce, other than machinery of heading no 8437",N/A,0.0,230798.0
X,484,MEX,218,ECU,8433,"Harvesting and threshing machinery, straw and fodder balers, grass or hay mowers; machines for cleaning, sorting or grading eggs, fruit or other agricultural produce, other than machinery of heading no 8437",N/A,0.0,29953.0
X,484,MEX,222,SLV,8433,"Harvesting and threshing machinery, straw and fodder balers, grass or hay mowers; machines for cleaning, sorting or grading eggs, fruit or other agricultural produce, other than machinery of heading no 8437",N/A,0.0,196677.0
X,484,MEX,320,GTM,8433,"Harvesting and threshing machinery, straw and fodder balers, grass or hay mowers; machines for cleaning, sorting or grading eggs, fruit or other agricultural produce, other than machinery of heading no 8437",N/A,0.0,530279.0
X,484,MEX,340,HND,8433,"Harvesting and threshing machinery, straw and fodder balers, grass or hay mowers; machines for cleaning, sorting or grading eggs, fruit or other agricultural produce, other than machinery of heading no 8437",N/A,0.0,406008.0
X,484,MEX,528,NLD,8433,"Harvesting and threshing machinery, straw and fodder balers, grass or hay mowers; machines for cleaning, sorting or grading eggs, fruit or other agricultural produce, other than machinery of heading no 8437",kg,5948.0,38665.0
X,484,MEX,558,NIC,8433,"Harvesting and threshing machinery, straw and fodder balers, grass or hay mowers; machines for cleaning, sorting or grading eggs, fruit or other agricultural produce, other than machinery of heading no 8437",N/A,0.0,48510.0
X,484,MEX,604,PER,8433,"Harvesting and threshing machinery, straw and fodder balers, grass or hay mowers; machines for cleaning, sorting or grading eggs, fruit or other agricultural produce, other than machinery of heading no 8437",N/A,0.0,411246.0
X,484,MEX,842,USA,8433,"Harvesting and threshing machinery, straw and fodder balers, grass or hay mowers; machines for cleaning, sorting or grading eggs, fruit or other agricultural produce, other than machinery of heading no 8437",N/A,0.0,429675982.0
X,484,MEX,0,W00,8434,Milking machines and dairy machinery,N/A,0.0,4776637.0
X,484,MEX,842,USA,8434,Milking machines and dairy machinery,N/A,0.0,4776637.0
X,484,MEX,0,W00,8436,"Agricultural, horticultural, forestry, poultry-keeping, bee-keeping machinery; including germination plant fitted with mechanical or thermal equipment; poultry incubators and brooders",N/A,0.0,17569468.0
X,484,MEX,84,BLZ,8436,"Agricultural, horticultural, forestry, poultry-keeping, bee-keeping machinery; including germination plant fitted with mechanical or thermal equipment; poultry incubators and brooders",N/A,0.0,9103.0
X,484,MEX,170,COL,8436,"Agricultural, horticultural, forestry, poultry-keeping, bee-keeping machinery; including germination plant fitted with mechanical or thermal equipment; poultry incubators and brooders",N/A,0.0,461627.0
X,484,MEX,188,CRI,8436,"Agricultural, horticultural, forestry, poultry-keeping, bee-keeping machinery; including germination plant fitted with mechanical or thermal equipment; poultry incubators and brooders",N/A,0.0,5361.0
X,484,MEX,214,DOM,8436,"Agricultural, horticultural, forestry, poultry-keeping, bee-keeping machinery; including germination plant fitted with mechanical or thermal equipment; poultry incubators and brooders",N/A,0.0,316934.0
X,484,MEX,218,ECU,8436,"Agricultural, horticultural, forestry, poultry-keeping, bee-keeping machinery; including germination plant fitted with mechanical or thermal equipment; poultry incubators and brooders",N/A,0.0,83069.0
X,484,MEX,222,SLV,8436,"Agricultural, horticultural, forestry, poultry-keeping, bee-keeping machinery; including germination plant fitted with mechanical or thermal equipment; poultry incubators and brooders",N/A,0.0,480800.0
X,484,MEX,320,GTM,8436,"Agricultural, horticultural, forestry, poultry-keeping, bee-keeping machinery; including germination plant fitted with mechanical or thermal equipment; poultry incubators and brooders",N/A,0.0,2206608.0
X,484,MEX,340,HND,8436,"Agricultural, horticultural, forestry, poultry-keeping, bee-keeping machinery; including germination plant fitted with mechanical or thermal equipment; poultry incubators and brooders",N/A,0.0,66311.0
X,484,MEX,558,NIC,8436,"Agricultural, horticultural, forestry, poultry-keeping, bee-keeping machinery; including germination plant fitted with mechanical or thermal equipment; poultry incubators and brooders",N/A,0.0,14662.0
X,484,MEX,591,PAN,8436,"Agricultural, horticultural, forestry, poultry-keeping, bee-keeping machinery; including germination plant fitted with mechanical or thermal equipment; poultry incubators and brooders",N/A,0.0,34020.0
X,484,MEX,604,PER,8436,"Agricultural, horticultural, forestry, poultry-keeping, bee-keeping machinery; including germination plant fitted with mechanical or thermal equipment; poultry incubators and brooders",N/A,0.0,280599.0
X,484,MEX,842,USA,8436,"Agricultural, horticultural, forestry, poultry-keeping, bee-keeping machinery; including germination plant fitted with mechanical or thermal equipment; poultry incubators and brooders",N/A,0.0,13610374.0
X,484,MEX,0,W00,8437,"Machines for cleaning, sorting, grading seed, grain, dried leguminous vegetables; machinery used in the milling industry for the working of cereals or dried leguminous vegetables, not farm type machinery",N/A,0.0,2667267.0
X,484,MEX,188,CRI,8437,"Machines for cleaning, sorting, grading seed, grain, dried leguminous vegetables; machinery used in the milling industry for the working of cereals or dried leguminous vegetables, not farm type machinery",N/A,0.0,13155.0
X,484,MEX,320,GTM,8437,"Machines for cleaning, sorting, grading seed, grain, dried leguminous vegetables; machinery used in the milling industry for the working of cereals or dried leguminous vegetables, not farm type machinery",N/A,0.0,62794.0
X,484,MEX,340,HND,8437,"Machines for cleaning, sorting, grading seed, grain, dried leguminous vegetables; machinery used in the milling industry for the working of cereals or dried leguminous vegetables, not farm type machinery",N/A,0.0,57633.0
X,484,MEX,842,USA,8437,"Machines for cleaning, sorting, grading seed, grain, dried leguminous vegetables; machinery used in the milling industry for the working of cereals or dried leguminous vegetables, not farm type machinery",N/A,0.0,2533685.0
X,484,MEX,0,W00,8438,"Machinery n.e.c. in this chapter, for the industrial preparation or manufacture of food or drink; other than machinery for extraction or preparation of animal or fixed vegetable fats or oils",N/A,0.0,45381330.0
X,484,MEX,32,ARG,8438,"Machinery n.e.c. in this chapter, for the industrial preparation or manufacture of food or drink; other than machinery for extraction or preparation of animal or fixed vegetable fats or oils",N/A,0.0,23649.0
X,484,MEX,84,BLZ,8438,"Machinery n.e.c. in this chapter, for the industrial preparation or manufacture of food or drink; other than machinery for extraction or preparation of animal or fixed vegetable fats or oils",N/A,0.0,63609.0
X,484,MEX,124,CAN,8438,"Machinery n.e.c. in this chapter, for the industrial preparation or manufacture of food or drink; other than machinery for extraction or preparation of animal or fixed vegetable fats or oils",N/A,0.0,478228.0
X,484,MEX,152,CHL,8438,"Machinery n.e.c. in this chapter, for the industrial preparation or manufacture of food or drink; other than machinery for extraction or preparation of animal or fixed vegetable fats or oils",N/A,0.0,1450346.0
X,484,MEX,170,COL,8438,"Machinery n.e.c. in this chapter, for the industrial preparation or manufacture of food or drink; other than machinery for extraction or preparation of animal or fixed vegetable fats or oils",N/A,0.0,1173075.0
X,484,MEX,188,CRI,8438,"Machinery n.e.c. in this chapter, for the industrial preparation or manufacture of food or drink; other than machinery for extraction or preparation of animal or fixed vegetable fats or oils",N/A,0.0,339285.0
X,484,MEX,192,CUB,8438,"Machinery n.e.c. in this chapter, for the industrial preparation or manufacture of food or drink; other than machinery for extraction or preparation of animal or fixed vegetable fats or oils",N/A,0.0,69883.0
X,484,MEX,214,DOM,8438,"Machinery n.e.c. in this chapter, for the industrial preparation or manufacture of food or drink; other than machinery for extraction or preparation of animal or fixed vegetable fats or oils",N/A,0.0,461743.0
X,484,MEX,218,ECU,8438,"Machinery n.e.c. in this chapter, for the industrial preparation or manufacture of food or drink; other than machinery for extraction or preparation of animal or fixed vegetable fats or oils",N/A,0.0,3513509.0
X,484,MEX,222,SLV,8438,"Machinery n.e.c. in this chapter, for the industrial preparation or manufacture of food or drink; other than machinery for extraction or preparation of animal or fixed vegetable fats or oils",N/A,0.0,146653.0
X,484,MEX,320,GTM,8438,"Machinery n.e.c. in this chapter, for the industrial preparation or manufacture of food or drink; other than machinery for extraction or preparation of animal or fixed vegetable fats or oils",N/A,0.0,2200029.0
X,484,MEX,340,HND,8438,"Machinery n.e.c. in this chapter, for the industrial preparation or manufacture of food or drink; other than machinery for extraction or preparation of animal or fixed vegetable fats or oils",N/A,0.0,762010.0
X,484,MEX,388,JAM,8438,"Machinery n.e.c. in this chapter, for the industrial preparation or manufacture of food or drink; other than machinery for extraction or preparation of animal or fixed vegetable fats or oils",kg,26060.0,78356.0
X,484,MEX,554,NZL,8438,"Machinery n.e.c. in this chapter, for the industrial preparation or manufacture of food or drink; other than machinery for extraction or preparation of animal or fixed vegetable fats or oils",N/A,0.0,18077.0
X,484,MEX,558,NIC,8438,"Machinery n.e.c. in this chapter, for the industrial preparation or manufacture of food or drink; other than machinery for extraction or preparation of animal or fixed vegetable fats or oils",N/A,0.0,25280.0
X,484,MEX,591,PAN,8438,"Machinery n.e.c. in this chapter, for the industrial preparation or manufacture of food or drink; other than machinery for extraction or preparation of animal or fixed vegetable fats or oils",N/A,0.0,513723.0
X,484,MEX,604,PER,8438,"Machinery n.e.c. in this chapter, for the industrial preparation or manufacture of food or drink; other than machinery for extraction or preparation of animal or fixed vegetable fats or oils",N/A,0.0,171829.0
X,484,MEX,724,ESP,8438,"Machinery n.e.c. in this chapter, for the industrial preparation or manufacture of food or drink; other than machinery for extraction or preparation of animal or fixed vegetable fats or oils",N/A,0.0,3500104.0
X,484,MEX,826,GBR,8438,"Machinery n.e.c. in this chapter, for the industrial preparation or manufacture of food or drink; other than machinery for extraction or preparation of animal or fixed vegetable fats or oils",N/A,0.0,37872.0
X,484,MEX,842,USA,8438,"Machinery n.e.c. in this chapter, for the industrial preparation or manufacture of food or drink; other than machinery for extraction or preparation of animal or fixed vegetable fats or oils",N/A,0.0,30354070.0
X,484,MEX,0,W00,8439,"Machinery; for making pulp of fibrous cellulosic material, or for making or finishing paper or paperboard",N/A,0.0,11664839.0
X,484,MEX,842,USA,8439,"Machinery; for making pulp of fibrous cellulosic material, or for making or finishing paper or paperboard",N/A,0.0,11664839.0
X,484,MEX,0,W00,8440,Book-binding machinery; including book-sewing machines,N/A,0.0,14856.0
X,484,MEX,842,USA,8440,Book-binding machinery; including book-sewing machines,N/A,0.0,14856.0
X,484,MEX,0,W00,8441,"Machines; for making up paper pulp, paper or paperboard, including cutting machines of all kinds",N/A,0.0,11344759.0
X,484,MEX,192,CUB,8441,"Machines; for making up paper pulp, paper or paperboard, including cutting machines of all kinds",N/A,0.0,15611.0
X,484,MEX,222,SLV,8441,"Machines; for making up paper pulp, paper or paperboard, including cutting machines of all kinds",N/A,0.0,60456.0
X,484,MEX,320,GTM,8441,"Machines; for making up paper pulp, paper or paperboard, including cutting machines of all kinds",N/A,0.0,6907.0
X,484,MEX,340,HND,8441,"Machines; for making up paper pulp, paper or paperboard, including cutting machines of all kinds",u,121.0,2244.0
X,484,MEX,558,NIC,8441,"Machines; for making up paper pulp, paper or paperboard, including cutting machines of all kinds",N/A,0.0,11289.0
X,484,MEX,842,USA,8441,"Machines; for making up paper pulp, paper or paperboard, including cutting machines of all kinds",N/A,0.0,11248252.0
X,484,MEX,0,W00,8442,"Machinery, apparatus and equipment (excluding machines of headings 8456 to 8465) for preparing or making printing components; plates, cylinders and other printing components; lithographic stones prepared for printing purposes",N/A,0.0,4122110.0
X,484,MEX,842,USA,8442,"Machinery, apparatus and equipment (excluding machines of headings 8456 to 8465) for preparing or making printing components; plates, cylinders and other printing components; lithographic stones prepared for printing purposes",N/A,0.0,4122110.0
X,484,MEX,0,W00,8443,"Printing machinery; used for printing by means of plates, cylinders and other printing components of heading 84.42; other printers, copying machines and facsimile machines, whether or not combined; parts and accessories thereof",N/A,0.0,783317551.0
X,484,MEX,76,BRA,8443,"Printing machinery; used for printing by means of plates, cylinders and other printing components of heading 84.42; other printers, copying machines and facsimile machines, whether or not combined; parts and accessories thereof",N/A,0.0,8513934.0
X,484,MEX,124,CAN,8443,"Printing machinery; used for printing by means of plates, cylinders and other printing components of heading 84.42; other printers, copying machines and facsimile machines, whether or not combined; parts and accessories thereof",N/A,0.0,9398606.0
X,484,MEX,152,CHL,8443,"Printing machinery; used for printing by means of plates, cylinders and other printing components of heading 84.42; other printers, copying machines and facsimile machines, whether or not combined; parts and accessories thereof",N/A,0.0,117234.0
X,484,MEX,156,CHN,8443,"Printing machinery; used for printing by means of plates, cylinders and other printing components of heading 84.42; other printers, copying machines and facsimile machines, whether or not combined; parts and accessories thereof",N/A,0.0,6765068.0
X,484,MEX,170,COL,8443,"Printing machinery; used for printing by means of plates, cylinders and other printing components of heading 84.42; other printers, copying machines and facsimile machines, whether or not combined; parts and accessories thereof",N/A,0.0,1253149.0
X,484,MEX,188,CRI,8443,"Printing machinery; used for printing by means of plates, cylinders and other printing components of heading 84.42; other printers, copying machines and facsimile machines, whether or not combined; parts and accessories thereof",N/A,0.0,39443.0
X,484,MEX,192,CUB,8443,"Printing machinery; used for printing by means of plates, cylinders and other printing components of heading 84.42; other printers, copying machines and facsimile machines, whether or not combined; parts and accessories thereof",N/A,0.0,1017700.0
X,484,MEX,214,DOM,8443,"Printing machinery; used for printing by means of plates, cylinders and other printing components of heading 84.42; other printers, copying machines and facsimile machines, whether or not combined; parts and accessories thereof",N/A,0.0,51319.0
X,484,MEX,218,ECU,8443,"Printing machinery; used for printing by means of plates, cylinders and other printing components of heading 84.42; other printers, copying machines and facsimile machines, whether or not combined; parts and accessories thereof",N/A,0.0,2671.0
X,484,MEX,222,SLV,8443,"Printing machinery; used for printing by means of plates, cylinders and other printing components of heading 84.42; other printers, copying machines and facsimile machines, whether or not combined; parts and accessories thereof",N/A,0.0,87660.0
X,484,MEX,276,DEU,8443,"Printing machinery; used for printing by means of plates, cylinders and other printing components of heading 84.42; other printers, copying machines and facsimile machines, whether or not combined; parts and accessories thereof",N/A,0.0,437557.0
X,484,MEX,320,GTM,8443,"Printing machinery; used for printing by means of plates, cylinders and other printing components of heading 84.42; other printers, copying machines and facsimile machines, whether or not combined; parts and accessories thereof",N/A,0.0,494917.0
X,484,MEX,340,HND,8443,"Printing machinery; used for printing by means of plates, cylinders and other printing components of heading 84.42; other printers, copying machines and facsimile machines, whether or not combined; parts and accessories thereof",N/A,0.0,288828.0
X,484,MEX,348,HUN,8443,"Printing machinery; used for printing by means of plates, cylinders and other printing components of heading 84.42; other printers, copying machines and facsimile machines, whether or not combined; parts and accessories thereof",N/A,0.0,92119.0
X,484,MEX,380,ITA,8443,"Printing machinery; used for printing by means of plates, cylinders and other printing components of heading 84.42; other printers, copying machines and facsimile machines, whether or not combined; parts and accessories thereof",N/A,0.0,62571.0
X,484,MEX,392,JPN,8443,"Printing machinery; used for printing by means of plates, cylinders and other printing components of heading 84.42; other printers, copying machines and facsimile machines, whether or not combined; parts and accessories thereof",N/A,0.0,77494.0
X,484,MEX,410,KOR,8443,"Printing machinery; used for printing by means of plates, cylinders and other printing components of heading 84.42; other printers, copying machines and facsimile machines, whether or not combined; parts and accessories thereof",N/A,0.0,13767.0
X,484,MEX,528,NLD,8443,"Printing machinery; used for printing by means of plates, cylinders and other printing components of heading 84.42; other printers, copying machines and facsimile machines, whether or not combined; parts and accessories thereof",N/A,0.0,960290.0
X,484,MEX,558,NIC,8443,"Printing machinery; used for printing by means of plates, cylinders and other printing components of heading 84.42; other printers, copying machines and facsimile machines, whether or not combined; parts and accessories thereof",N/A,0.0,80008.0
X,484,MEX,591,PAN,8443,"Printing machinery; used for printing by means of plates, cylinders and other printing components of heading 84.42; other printers, copying machines and facsimile machines, whether or not combined; parts and accessories thereof",N/A,0.0,5170.0
X,484,MEX,604,PER,8443,"Printing machinery; used for printing by means of plates, cylinders and other printing components of heading 84.42; other printers, copying machines and facsimile machines, whether or not combined; parts and accessories thereof",N/A,0.0,32462.0
X,484,MEX,699,IND,8443,"Printing machinery; used for printing by means of plates, cylinders and other printing components of heading 84.42; other printers, copying machines and facsimile machines, whether or not combined; parts and accessories thereof",N/A,0.0,51899.0
X,484,MEX,842,USA,8443,"Printing machinery; used for printing by means of plates, cylinders and other printing components of heading 84.42; other printers, copying machines and facsimile machines, whether or not combined; parts and accessories thereof",N/A,0.0,753176105.0
X,484,MEX,858,URY,8443,"Printing machinery; used for printing by means of plates, cylinders and other printing components of heading 84.42; other printers, copying machines and facsimile machines, whether or not combined; parts and accessories thereof",kg,3958.839,297580.0
X,484,MEX,0,W00,8444,"Textile machinery; for extruding, drawing, texturing or cutting man-made textile materials",u,3.0,82138.0
X,484,MEX,842,USA,8444,"Textile machinery; for extruding, drawing, texturing or cutting man-made textile materials",u,3.0,82138.0
X,484,MEX,0,W00,8447,"Knitting machines, stitch-bonding machines and machines for making gimped yarn, tulle, lace, embroidery, trimmings, braid or net and machines for tufting",N/A,0.0,646779.0
X,484,MEX,842,USA,8447,"Knitting machines, stitch-bonding machines and machines for making gimped yarn, tulle, lace, embroidery, trimmings, braid or net and machines for tufting",N/A,0.0,646779.0
X,484,MEX,0,W00,8448,"Machinery, auxiliary; for use with machines of heading no. 8444 to 8447 (e.g. dobbies, jacquards, automatic stop motions, shuttle changing mechanisms) parts, accessories for machines of heading no. 8444, 8447",N/A,0.0,1496836.0
X,484,MEX,320,GTM,8448,"Machinery, auxiliary; for use with machines of heading no. 8444 to 8447 (e.g. dobbies, jacquards, automatic stop motions, shuttle changing mechanisms) parts, accessories for machines of heading no. 8444, 8447",N/A,0.0,48096.0
X,484,MEX,842,USA,8448,"Machinery, auxiliary; for use with machines of heading no. 8444 to 8447 (e.g. dobbies, jacquards, automatic stop motions, shuttle changing mechanisms) parts, accessories for machines of heading no. 8444, 8447",N/A,0.0,1448740.0
X,484,MEX,0,W00,8449,"Machinery; for manufacture or finishing felt or non-wovens in the piece or in shapes, including machinery for making felt hats, blocks for making hats",kg,269.392,19114.0
X,484,MEX,842,USA,8449,"Machinery; for manufacture or finishing felt or non-wovens in the piece or in shapes, including machinery for making felt hats, blocks for making hats",kg,269.392,19114.0
X,484,MEX,0,W00,8450,Household or laundry-type washing machines; including machines which both wash and dry,N/A,0.0,498534640.0
X,484,MEX,68,BOL,8450,Household or laundry-type washing machines; including machines which both wash and dry,N/A,0.0,95470.0
X,484,MEX,84,BLZ,8450,Household or laundry-type washing machines; including machines which both wash and dry,N/A,0.0,357319.0
X,484,MEX,124,CAN,8450,Household or laundry-type washing machines; including machines which both wash and dry,N/A,0.0,32437989.0
X,484,MEX,152,CHL,8450,Household or laundry-type washing machines; including machines which both wash and dry,N/A,0.0,15845016.0
X,484,MEX,156,CHN,8450,Household or laundry-type washing machines; including machines which both wash and dry,N/A,0.0,20879.0
X,484,MEX,170,COL,8450,Household or laundry-type washing machines; including machines which both wash and dry,N/A,0.0,44157588.0
X,484,MEX,188,CRI,8450,Household or laundry-type washing machines; including machines which both wash and dry,N/A,0.0,6599815.0
X,484,MEX,192,CUB,8450,Household or laundry-type washing machines; including machines which both wash and dry,N/A,0.0,112785.0
X,484,MEX,214,DOM,8450,Household or laundry-type washing machines; including machines which both wash and dry,N/A,0.0,3251962.0
X,484,MEX,218,ECU,8450,Household or laundry-type washing machines; including machines which both wash and dry,N/A,0.0,11152165.0
X,484,MEX,222,SLV,8450,Household or laundry-type washing machines; including machines which both wash and dry,N/A,0.0,11054491.0
X,484,MEX,320,GTM,8450,Household or laundry-type washing machines; including machines which both wash and dry,N/A,0.0,18963298.0
X,484,MEX,340,HND,8450,Household or laundry-type washing machines; including machines which both wash and dry,N/A,0.0,7475445.0
X,484,MEX,380,ITA,8450,Household or laundry-type washing machines; including machines which both wash and dry,N/A,0.0,38608.0
X,484,MEX,388,JAM,8450,Household or laundry-type washing machines; including machines which both wash and dry,N/A,0.0,162192.0
X,484,MEX,558,NIC,8450,Household or laundry-type washing machines; including machines which both wash and dry,N/A,0.0,2319666.0
X,484,MEX,591,PAN,8450,Household or laundry-type washing machines; including machines which both wash and dry,N/A,0.0,10723791.0
X,484,MEX,604,PER,8450,Household or laundry-type washing machines; including machines which both wash and dry,N/A,0.0,27066697.0
X,484,MEX,780,TTO,8450,Household or laundry-type washing machines; including machines which both wash and dry,N/A,0.0,173952.0
X,484,MEX,842,USA,8450,Household or laundry-type washing machines; including machines which both wash and dry,N/A,0.0,305756097.0
X,484,MEX,862,VEN,8450,Household or laundry-type washing machines; including machines which both wash and dry,N/A,0.0,769415.0
X,484,MEX,0,W00,8451,"Machinery (not of heading no. 8450) for washing, cleaning, wringing, drying, ironing, pressing, bleaching, dyeing, dressing, finishing, coating or impregnating textile yarn, fabrics or made up articles",N/A,0.0,1078142078.0
X,484,MEX,84,BLZ,8451,"Machinery (not of heading no. 8450) for washing, cleaning, wringing, drying, ironing, pressing, bleaching, dyeing, dressing, finishing, coating or impregnating textile yarn, fabrics or made up articles",N/A,0.0,7613.0
X,484,MEX,124,CAN,8451,"Machinery (not of heading no. 8450) for washing, cleaning, wringing, drying, ironing, pressing, bleaching, dyeing, dressing, finishing, coating or impregnating textile yarn, fabrics or made up articles",N/A,0.0,78987568.0
X,484,MEX,170,COL,8451,"Machinery (not of heading no. 8450) for washing, cleaning, wringing, drying, ironing, pressing, bleaching, dyeing, dressing, finishing, coating or impregnating textile yarn, fabrics or made up articles",N/A,0.0,1268941.0
X,484,MEX,188,CRI,8451,"Machinery (not of heading no. 8450) for washing, cleaning, wringing, drying, ironing, pressing, bleaching, dyeing, dressing, finishing, coating or impregnating textile yarn, fabrics or made up articles",N/A,0.0,1295717.0
X,484,MEX,218,ECU,8451,"Machinery (not of heading no. 8450) for washing, cleaning, wringing, drying, ironing, pressing, bleaching, dyeing, dressing, finishing, coating or impregnating textile yarn, fabrics or made up articles",N/A,0.0,2988888.0
X,484,MEX,222,SLV,8451,"Machinery (not of heading no. 8450) for washing, cleaning, wringing, drying, ironing, pressing, bleaching, dyeing, dressing, finishing, coating or impregnating textile yarn, fabrics or made up articles",N/A,0.0,557773.0
X,484,MEX,320,GTM,8451,"Machinery (not of heading no. 8450) for washing, cleaning, wringing, drying, ironing, pressing, bleaching, dyeing, dressing, finishing, coating or impregnating textile yarn, fabrics or made up articles",N/A,0.0,1094070.0
X,484,MEX,340,HND,8451,"Machinery (not of heading no. 8450) for washing, cleaning, wringing, drying, ironing, pressing, bleaching, dyeing, dressing, finishing, coating or impregnating textile yarn, fabrics or made up articles",N/A,0.0,582241.0
X,484,MEX,558,NIC,8451,"Machinery (not of heading no. 8450) for washing, cleaning, wringing, drying, ironing, pressing, bleaching, dyeing, dressing, finishing, coating or impregnating textile yarn, fabrics or made up articles",N/A,0.0,55632.0
X,484,MEX,591,PAN,8451,"Machinery (not of heading no. 8450) for washing, cleaning, wringing, drying, ironing, pressing, bleaching, dyeing, dressing, finishing, coating or impregnating textile yarn, fabrics or made up articles",N/A,0.0,3264700.0
X,484,MEX,842,USA,8451,"Machinery (not of heading no. 8450) for washing, cleaning, wringing, drying, ironing, pressing, bleaching, dyeing, dressing, finishing, coating or impregnating textile yarn, fabrics or made up articles",N/A,0.0,988038935.0
X,484,MEX,0,W00,8452,"Sewing machines; other than book-sewing machines of heading no. 8440; furniture, bases and covers specially designed for sewing machines; sewing machine needles",N/A,0.0,7340741.0
X,484,MEX,156,CHN,8452,"Sewing machines; other than book-sewing machines of heading no. 8440; furniture, bases and covers specially designed for sewing machines; sewing machine needles",N/A,0.0,52987.0
X,484,MEX,192,CUB,8452,"Sewing machines; other than book-sewing machines of heading no. 8440; furniture, bases and covers specially designed for sewing machines; sewing machine needles",N/A,0.0,285322.0
X,484,MEX,214,DOM,8452,"Sewing machines; other than book-sewing machines of heading no. 8440; furniture, bases and covers specially designed for sewing machines; sewing machine needles",N/A,0.0,57079.0
X,484,MEX,320,GTM,8452,"Sewing machines; other than book-sewing machines of heading no. 8440; furniture, bases and covers specially designed for sewing machines; sewing machine needles",N/A,0.0,37078.0
X,484,MEX,558,NIC,8452,"Sewing machines; other than book-sewing machines of heading no. 8440; furniture, bases and covers specially designed for sewing machines; sewing machine needles",N/A,0.0,80744.0
X,484,MEX,842,USA,8452,"Sewing machines; other than book-sewing machines of heading no. 8440; furniture, bases and covers specially designed for sewing machines; sewing machine needles",N/A,0.0,6827531.0
X,484,MEX,0,W00,8453,"Machinery for preparing, tanning or working hides, skins or leather or for making or repairing footwear or other articles of hides, skins or leather, other than sewing machines",N/A,0.0,467451.0
X,484,MEX,320,GTM,8453,"Machinery for preparing, tanning or working hides, skins or leather or for making or repairing footwear or other articles of hides, skins or leather, other than sewing machines",N/A,0.0,105965.0
X,484,MEX,842,USA,8453,"Machinery for preparing, tanning or working hides, skins or leather or for making or repairing footwear or other articles of hides, skins or leather, other than sewing machines",N/A,0.0,361486.0
X,484,MEX,0,W00,8454,"Converters, ladles, ingot moulds and casting machines; of a kind used metallurgy or in metal foundries",N/A,0.0,786276.0
X,484,MEX,842,USA,8454,"Converters, ladles, ingot moulds and casting machines; of a kind used metallurgy or in metal foundries",N/A,0.0,786276.0
X,484,MEX,0,W00,8455,Metal-rolling mills and rolls therefor,N/A,0.0,2355768.0
X,484,MEX,842,USA,8455,Metal-rolling mills and rolls therefor,N/A,0.0,2355768.0
X,484,MEX,0,W00,8456,"Machine-tools; for working any material by removal of material, by laser or other light or photon beam, ultrasonic, electro-discharge, electro-chemical, electron beam, ionic-beam, or plasma arc processes; water-jet cutting machines",N/A,0.0,52901026.0
X,484,MEX,320,GTM,8456,"Machine-tools; for working any material by removal of material, by laser or other light or photon beam, ultrasonic, electro-discharge, electro-chemical, electron beam, ionic-beam, or plasma arc processes; water-jet cutting machines",N/A,0.0,52715.0
X,484,MEX,392,JPN,8456,"Machine-tools; for working any material by removal of material, by laser or other light or photon beam, ultrasonic, electro-discharge, electro-chemical, electron beam, ionic-beam, or plasma arc processes; water-jet cutting machines",u,20.0,363801.0
X,484,MEX,842,USA,8456,"Machine-tools; for working any material by removal of material, by laser or other light or photon beam, ultrasonic, electro-discharge, electro-chemical, electron beam, ionic-beam, or plasma arc processes; water-jet cutting machines",N/A,0.0,52484510.0
X,484,MEX,0,W00,8457,"Machining centres, unit construction machines (single station) and multi-station transfer machines for working metal",N/A,0.0,1076459.0
X,484,MEX,842,USA,8457,"Machining centres, unit construction machines (single station) and multi-station transfer machines for working metal",N/A,0.0,1076459.0
X,484,MEX,0,W00,8458,Lathes for removing metal,N/A,0.0,2173513.0
X,484,MEX,170,COL,8458,Lathes for removing metal,N/A,0.0,82285.0
X,484,MEX,842,USA,8458,Lathes for removing metal,N/A,0.0,2091228.0
X,484,MEX,0,W00,8459,"Machine-tools; (including way-type unit head machines) for drilling, boring, milling, threading or tapping by removing metal, other than lathes of heading no. 8458",N/A,0.0,2195453.0
X,484,MEX,320,GTM,8459,"Machine-tools; (including way-type unit head machines) for drilling, boring, milling, threading or tapping by removing metal, other than lathes of heading no. 8458",N/A,0.0,61356.0
X,484,MEX,842,USA,8459,"Machine-tools; (including way-type unit head machines) for drilling, boring, milling, threading or tapping by removing metal, other than lathes of heading no. 8458",N/A,0.0,2134097.0
X,484,MEX,0,W00,8460,"Machine-tools; for deburring, sharpening, grinding, honing, lapping, polishing or otherwise finishing metal, sintered metal carbides or cermets by means of grinding stones, abrasives or polishing products",N/A,0.0,6044415.0
X,484,MEX,170,COL,8460,"Machine-tools; for deburring, sharpening, grinding, honing, lapping, polishing or otherwise finishing metal, sintered metal carbides or cermets by means of grinding stones, abrasives or polishing products",u,1316.0,46598.0
X,484,MEX,188,CRI,8460,"Machine-tools; for deburring, sharpening, grinding, honing, lapping, polishing or otherwise finishing metal, sintered metal carbides or cermets by means of grinding stones, abrasives or polishing products",N/A,0.0,6369.0
X,484,MEX,192,CUB,8460,"Machine-tools; for deburring, sharpening, grinding, honing, lapping, polishing or otherwise finishing metal, sintered metal carbides or cermets by means of grinding stones, abrasives or polishing products",u,217.0,18773.0
X,484,MEX,218,ECU,8460,"Machine-tools; for deburring, sharpening, grinding, honing, lapping, polishing or otherwise finishing metal, sintered metal carbides or cermets by means of grinding stones, abrasives or polishing products",N/A,0.0,13490.0
X,484,MEX,222,SLV,8460,"Machine-tools; for deburring, sharpening, grinding, honing, lapping, polishing or otherwise finishing metal, sintered metal carbides or cermets by means of grinding stones, abrasives or polishing products",N/A,0.0,77059.0
X,484,MEX,320,GTM,8460,"Machine-tools; for deburring, sharpening, grinding, honing, lapping, polishing or otherwise finishing metal, sintered metal carbides or cermets by means of grinding stones, abrasives or polishing products",N/A,0.0,98836.0
X,484,MEX,340,HND,8460,"Machine-tools; for deburring, sharpening, grinding, honing, lapping, polishing or otherwise finishing metal, sintered metal carbides or cermets by means of grinding stones, abrasives or polishing products",N/A,0.0,7330.0
X,484,MEX,591,PAN,8460,"Machine-tools; for deburring, sharpening, grinding, honing, lapping, polishing or otherwise finishing metal, sintered metal carbides or cermets by means of grinding stones, abrasives or polishing products",N/A,0.0,3056.0
X,484,MEX,842,USA,8460,"Machine-tools; for deburring, sharpening, grinding, honing, lapping, polishing or otherwise finishing metal, sintered metal carbides or cermets by means of grinding stones, abrasives or polishing products",N/A,0.0,5772904.0
X,484,MEX,0,W00,8461,"Machine-tools; for planing, shaping, slotting, broaching, gear cutting and grinding, finishing, sawing, cutting off and other tools working by removing metal, sintered metal carbides or cermets n.e.c.",N/A,0.0,13092361.0
X,484,MEX,222,SLV,8461,"Machine-tools; for planing, shaping, slotting, broaching, gear cutting and grinding, finishing, sawing, cutting off and other tools working by removing metal, sintered metal carbides or cermets n.e.c.",N/A,0.0,31771.0
X,484,MEX,320,GTM,8461,"Machine-tools; for planing, shaping, slotting, broaching, gear cutting and grinding, finishing, sawing, cutting off and other tools working by removing metal, sintered metal carbides or cermets n.e.c.",N/A,0.0,31420.0
X,484,MEX,340,HND,8461,"Machine-tools; for planing, shaping, slotting, broaching, gear cutting and grinding, finishing, sawing, cutting off and other tools working by removing metal, sintered metal carbides or cermets n.e.c.",N/A,0.0,2629.0
X,484,MEX,842,USA,8461,"Machine-tools; for planing, shaping, slotting, broaching, gear cutting and grinding, finishing, sawing, cutting off and other tools working by removing metal, sintered metal carbides or cermets n.e.c.",N/A,0.0,13026541.0
X,484,MEX,0,W00,8462,"Machine-tools; (including presses) for working metal by forging, hammering or die-stamping, for bending, folding, straightening, flattening, shearing or punching metal",N/A,0.0,31877334.0
X,484,MEX,170,COL,8462,"Machine-tools; (including presses) for working metal by forging, hammering or die-stamping, for bending, folding, straightening, flattening, shearing or punching metal",N/A,0.0,103927.0
X,484,MEX,192,CUB,8462,"Machine-tools; (including presses) for working metal by forging, hammering or die-stamping, for bending, folding, straightening, flattening, shearing or punching metal",N/A,0.0,2754.0
X,484,MEX,218,ECU,8462,"Machine-tools; (including presses) for working metal by forging, hammering or die-stamping, for bending, folding, straightening, flattening, shearing or punching metal",N/A,0.0,55792.0
X,484,MEX,222,SLV,8462,"Machine-tools; (including presses) for working metal by forging, hammering or die-stamping, for bending, folding, straightening, flattening, shearing or punching metal",N/A,0.0,179913.0
X,484,MEX,320,GTM,8462,"Machine-tools; (including presses) for working metal by forging, hammering or die-stamping, for bending, folding, straightening, flattening, shearing or punching metal",N/A,0.0,56999.0
X,484,MEX,558,NIC,8462,"Machine-tools; (including presses) for working metal by forging, hammering or die-stamping, for bending, folding, straightening, flattening, shearing or punching metal",u,19.0,113599.0
X,484,MEX,591,PAN,8462,"Machine-tools; (including presses) for working metal by forging, hammering or die-stamping, for bending, folding, straightening, flattening, shearing or punching metal",N/A,0.0,14973.0
X,484,MEX,842,USA,8462,"Machine-tools; (including presses) for working metal by forging, hammering or die-stamping, for bending, folding, straightening, flattening, shearing or punching metal",N/A,0.0,31349377.0
X,484,MEX,0,W00,8463,"Machine-tools; n.e.c. for working metal, sintered metal carbides or cermets without removing material",N/A,0.0,3538268.0
X,484,MEX,842,USA,8463,"Machine-tools; n.e.c. for working metal, sintered metal carbides or cermets without removing material",N/A,0.0,3538268.0
X,484,MEX,0,W00,8464,"Machine-tools; for working stone, ceramics, concrete, asbestos-cement or like mineral materials or for cold working glass",N/A,0.0,3601863.0
X,484,MEX,188,CRI,8464,"Machine-tools; for working stone, ceramics, concrete, asbestos-cement or like mineral materials or for cold working glass",N/A,0.0,34151.0
X,484,MEX,192,CUB,8464,"Machine-tools; for working stone, ceramics, concrete, asbestos-cement or like mineral materials or for cold working glass",N/A,0.0,748.0
X,484,MEX,214,DOM,8464,"Machine-tools; for working stone, ceramics, concrete, asbestos-cement or like mineral materials or for cold working glass",u,451.0,18004.0
X,484,MEX,218,ECU,8464,"Machine-tools; for working stone, ceramics, concrete, asbestos-cement or like mineral materials or for cold working glass",N/A,0.0,4913.0
X,484,MEX,222,SLV,8464,"Machine-tools; for working stone, ceramics, concrete, asbestos-cement or like mineral materials or for cold working glass",N/A,0.0,68729.0
X,484,MEX,320,GTM,8464,"Machine-tools; for working stone, ceramics, concrete, asbestos-cement or like mineral materials or for cold working glass",N/A,0.0,224427.0
X,484,MEX,340,HND,8464,"Machine-tools; for working stone, ceramics, concrete, asbestos-cement or like mineral materials or for cold working glass",N/A,0.0,41453.0
X,484,MEX,558,NIC,8464,"Machine-tools; for working stone, ceramics, concrete, asbestos-cement or like mineral materials or for cold working glass",N/A,0.0,18863.0
X,484,MEX,842,USA,8464,"Machine-tools; for working stone, ceramics, concrete, asbestos-cement or like mineral materials or for cold working glass",N/A,0.0,3190575.0
X,484,MEX,0,W00,8465,"Machine-tools; (including machines for nailing, stapling, glueing or otherwise assembling) for working wood, cork, bone, hard plastics or rubber or similar hard materials",N/A,0.0,45029487.0
X,484,MEX,84,BLZ,8465,"Machine-tools; (including machines for nailing, stapling, glueing or otherwise assembling) for working wood, cork, bone, hard plastics or rubber or similar hard materials",N/A,0.0,1544.0
X,484,MEX,170,COL,8465,"Machine-tools; (including machines for nailing, stapling, glueing or otherwise assembling) for working wood, cork, bone, hard plastics or rubber or similar hard materials",N/A,0.0,56814.0
X,484,MEX,188,CRI,8465,"Machine-tools; (including machines for nailing, stapling, glueing or otherwise assembling) for working wood, cork, bone, hard plastics or rubber or similar hard materials",N/A,0.0,16907.0
X,484,MEX,214,DOM,8465,"Machine-tools; (including machines for nailing, stapling, glueing or otherwise assembling) for working wood, cork, bone, hard plastics or rubber or similar hard materials",N/A,0.0,188108.0
X,484,MEX,222,SLV,8465,"Machine-tools; (including machines for nailing, stapling, glueing or otherwise assembling) for working wood, cork, bone, hard plastics or rubber or similar hard materials",N/A,0.0,110554.0
X,484,MEX,320,GTM,8465,"Machine-tools; (including machines for nailing, stapling, glueing or otherwise assembling) for working wood, cork, bone, hard plastics or rubber or similar hard materials",N/A,0.0,553782.0
X,484,MEX,340,HND,8465,"Machine-tools; (including machines for nailing, stapling, glueing or otherwise assembling) for working wood, cork, bone, hard plastics or rubber or similar hard materials",N/A,0.0,34349.0
X,484,MEX,842,USA,8465,"Machine-tools; (including machines for nailing, stapling, glueing or otherwise assembling) for working wood, cork, bone, hard plastics or rubber or similar hard materials",N/A,0.0,44067429.0
X,484,MEX,0,W00,8466,"Parts & accessories suited for use only/mainly with machines of headings 8456-8465, including work/tool holders, self-opening dieheads, dividing heads & other special attachments for the machines; tool holders for any type of tool for working in the hand",N/A,0.0,101668832.0
X,484,MEX,32,ARG,8466,"Parts & accessories suited for use only/mainly with machines of headings 8456-8465, including work/tool holders, self-opening dieheads, dividing heads & other special attachments for the machines; tool holders for any type of tool for working in the hand",N/A,0.0,162126.0
X,484,MEX,68,BOL,8466,"Parts & accessories suited for use only/mainly with machines of headings 8456-8465, including work/tool holders, self-opening dieheads, dividing heads & other special attachments for the machines; tool holders for any type of tool for working in the hand",N/A,0.0,47699.0
X,484,MEX,76,BRA,8466,"Parts & accessories suited for use only/mainly with machines of headings 8456-8465, including work/tool holders, self-opening dieheads, dividing heads & other special attachments for the machines; tool holders for any type of tool for working in the hand",N/A,0.0,153732.0
X,484,MEX,84,BLZ,8466,"Parts & accessories suited for use only/mainly with machines of headings 8456-8465, including work/tool holders, self-opening dieheads, dividing heads & other special attachments for the machines; tool holders for any type of tool for working in the hand",kg,32.0,260.0
X,484,MEX,124,CAN,8466,"Parts & accessories suited for use only/mainly with machines of headings 8456-8465, including work/tool holders, self-opening dieheads, dividing heads & other special attachments for the machines; tool holders for any type of tool for working in the hand",N/A,0.0,3552026.0
X,484,MEX,152,CHL,8466,"Parts & accessories suited for use only/mainly with machines of headings 8456-8465, including work/tool holders, self-opening dieheads, dividing heads & other special attachments for the machines; tool holders for any type of tool for working in the hand",N/A,0.0,171553.0
X,484,MEX,156,CHN,8466,"Parts & accessories suited for use only/mainly with machines of headings 8456-8465, including work/tool holders, self-opening dieheads, dividing heads & other special attachments for the machines; tool holders for any type of tool for working in the hand",N/A,0.0,850036.0
X,484,MEX,170,COL,8466,"Parts & accessories suited for use only/mainly with machines of headings 8456-8465, including work/tool holders, self-opening dieheads, dividing heads & other special attachments for the machines; tool holders for any type of tool for working in the hand",N/A,0.0,245879.0
X,484,MEX,188,CRI,8466,"Parts & accessories suited for use only/mainly with machines of headings 8456-8465, including work/tool holders, self-opening dieheads, dividing heads & other special attachments for the machines; tool holders for any type of tool for working in the hand",N/A,0.0,105541.0
X,484,MEX,214,DOM,8466,"Parts & accessories suited for use only/mainly with machines of headings 8456-8465, including work/tool holders, self-opening dieheads, dividing heads & other special attachments for the machines; tool holders for any type of tool for working in the hand",N/A,0.0,19057.0
X,484,MEX,218,ECU,8466,"Parts & accessories suited for use only/mainly with machines of headings 8456-8465, including work/tool holders, self-opening dieheads, dividing heads & other special attachments for the machines; tool holders for any type of tool for working in the hand",N/A,0.0,9603.0
X,484,MEX,222,SLV,8466,"Parts & accessories suited for use only/mainly with machines of headings 8456-8465, including work/tool holders, self-opening dieheads, dividing heads & other special attachments for the machines; tool holders for any type of tool for working in the hand",N/A,0.0,87135.0
X,484,MEX,276,DEU,8466,"Parts & accessories suited for use only/mainly with machines of headings 8456-8465, including work/tool holders, self-opening dieheads, dividing heads & other special attachments for the machines; tool holders for any type of tool for working in the hand",N/A,0.0,3165976.0
X,484,MEX,320,GTM,8466,"Parts & accessories suited for use only/mainly with machines of headings 8456-8465, including work/tool holders, self-opening dieheads, dividing heads & other special attachments for the machines; tool holders for any type of tool for working in the hand",N/A,0.0,372995.0
X,484,MEX,340,HND,8466,"Parts & accessories suited for use only/mainly with machines of headings 8456-8465, including work/tool holders, self-opening dieheads, dividing heads & other special attachments for the machines; tool holders for any type of tool for working in the hand",N/A,0.0,27458.0
X,484,MEX,344,HKG,8466,"Parts & accessories suited for use only/mainly with machines of headings 8456-8465, including work/tool holders, self-opening dieheads, dividing heads & other special attachments for the machines; tool holders for any type of tool for working in the hand",N/A,0.0,8799.0
X,484,MEX,380,ITA,8466,"Parts & accessories suited for use only/mainly with machines of headings 8456-8465, including work/tool holders, self-opening dieheads, dividing heads & other special attachments for the machines; tool holders for any type of tool for working in the hand",N/A,0.0,878984.0
X,484,MEX,392,JPN,8466,"Parts & accessories suited for use only/mainly with machines of headings 8456-8465, including work/tool holders, self-opening dieheads, dividing heads & other special attachments for the machines; tool holders for any type of tool for working in the hand",N/A,0.0,775853.0
X,484,MEX,410,KOR,8466,"Parts & accessories suited for use only/mainly with machines of headings 8456-8465, including work/tool holders, self-opening dieheads, dividing heads & other special attachments for the machines; tool holders for any type of tool for working in the hand",N/A,0.0,229667.0
X,484,MEX,558,NIC,8466,"Parts & accessories suited for use only/mainly with machines of headings 8456-8465, including work/tool holders, self-opening dieheads, dividing heads & other special attachments for the machines; tool holders for any type of tool for working in the hand",N/A,0.0,26989.0
X,484,MEX,591,PAN,8466,"Parts & accessories suited for use only/mainly with machines of headings 8456-8465, including work/tool holders, self-opening dieheads, dividing heads & other special attachments for the machines; tool holders for any type of tool for working in the hand",N/A,0.0,7706.0
X,484,MEX,604,PER,8466,"Parts & accessories suited for use only/mainly with machines of headings 8456-8465, including work/tool holders, self-opening dieheads, dividing heads & other special attachments for the machines; tool holders for any type of tool for working in the hand",N/A,0.0,69855.0
X,484,MEX,724,ESP,8466,"Parts & accessories suited for use only/mainly with machines of headings 8456-8465, including work/tool holders, self-opening dieheads, dividing heads & other special attachments for the machines; tool holders for any type of tool for working in the hand",N/A,0.0,90933.0
X,484,MEX,757,CHE,8466,"Parts & accessories suited for use only/mainly with machines of headings 8456-8465, including work/tool holders, self-opening dieheads, dividing heads & other special attachments for the machines; tool holders for any type of tool for working in the hand",N/A,0.0,249942.0
X,484,MEX,826,GBR,8466,"Parts & accessories suited for use only/mainly with machines of headings 8456-8465, including work/tool holders, self-opening dieheads, dividing heads & other special attachments for the machines; tool holders for any type of tool for working in the hand",N/A,0.0,149086.0
X,484,MEX,842,USA,8466,"Parts & accessories suited for use only/mainly with machines of headings 8456-8465, including work/tool holders, self-opening dieheads, dividing heads & other special attachments for the machines; tool holders for any type of tool for working in the hand",N/A,0.0,90209942.0
X,484,MEX,0,W00,8467,"Tools; for working in the hand, pneumatic, hydraulic or with self-contained electric or non-electric motor",N/A,0.0,1444190281.0
X,484,MEX,32,ARG,8467,"Tools; for working in the hand, pneumatic, hydraulic or with self-contained electric or non-electric motor",N/A,0.0,655531.0
X,484,MEX,68,BOL,8467,"Tools; for working in the hand, pneumatic, hydraulic or with self-contained electric or non-electric motor",N/A,0.0,84189.0
X,484,MEX,76,BRA,8467,"Tools; for working in the hand, pneumatic, hydraulic or with self-contained electric or non-electric motor",N/A,0.0,213067.0
X,484,MEX,84,BLZ,8467,"Tools; for working in the hand, pneumatic, hydraulic or with self-contained electric or non-electric motor",N/A,0.0,315440.0
X,484,MEX,124,CAN,8467,"Tools; for working in the hand, pneumatic, hydraulic or with self-contained electric or non-electric motor",N/A,0.0,39114633.0
X,484,MEX,152,CHL,8467,"Tools; for working in the hand, pneumatic, hydraulic or with self-contained electric or non-electric motor",N/A,0.0,479248.0
X,484,MEX,156,CHN,8467,"Tools; for working in the hand, pneumatic, hydraulic or with self-contained electric or non-electric motor",N/A,0.0,298571.0
X,484,MEX,170,COL,8467,"Tools; for working in the hand, pneumatic, hydraulic or with self-contained electric or non-electric motor",N/A,0.0,4417375.0
X,484,MEX,188,CRI,8467,"Tools; for working in the hand, pneumatic, hydraulic or with self-contained electric or non-electric motor",N/A,0.0,1486541.0
X,484,MEX,192,CUB,8467,"Tools; for working in the hand, pneumatic, hydraulic or with self-contained electric or non-electric motor",N/A,0.0,677350.0
X,484,MEX,214,DOM,8467,"Tools; for working in the hand, pneumatic, hydraulic or with self-contained electric or non-electric motor",N/A,0.0,770956.0
X,484,MEX,218,ECU,8467,"Tools; for working in the hand, pneumatic, hydraulic or with self-contained electric or non-electric motor",N/A,0.0,830086.0
X,484,MEX,222,SLV,8467,"Tools; for working in the hand, pneumatic, hydraulic or with self-contained electric or non-electric motor",N/A,0.0,2581181.0
X,484,MEX,276,DEU,8467,"Tools; for working in the hand, pneumatic, hydraulic or with self-contained electric or non-electric motor",N/A,0.0,246770.0
X,484,MEX,320,GTM,8467,"Tools; for working in the hand, pneumatic, hydraulic or with self-contained electric or non-electric motor",N/A,0.0,7728456.0
X,484,MEX,340,HND,8467,"Tools; for working in the hand, pneumatic, hydraulic or with self-contained electric or non-electric motor",N/A,0.0,2122187.0
X,484,MEX,388,JAM,8467,"Tools; for working in the hand, pneumatic, hydraulic or with self-contained electric or non-electric motor",N/A,0.0,47925.0
X,484,MEX,458,MYS,8467,"Tools; for working in the hand, pneumatic, hydraulic or with self-contained electric or non-electric motor",N/A,0.0,26347.0
X,484,MEX,528,NLD,8467,"Tools; for working in the hand, pneumatic, hydraulic or with self-contained electric or non-electric motor",N/A,0.0,970765.0
X,484,MEX,558,NIC,8467,"Tools; for working in the hand, pneumatic, hydraulic or with self-contained electric or non-electric motor",N/A,0.0,2053074.0
X,484,MEX,591,PAN,8467,"Tools; for working in the hand, pneumatic, hydraulic or with self-contained electric or non-electric motor",N/A,0.0,61664.0
X,484,MEX,604,PER,8467,"Tools; for working in the hand, pneumatic, hydraulic or with self-contained electric or non-electric motor",N/A,0.0,2823413.0
X,484,MEX,724,ESP,8467,"Tools; for working in the hand, pneumatic, hydraulic or with self-contained electric or non-electric motor",N/A,0.0,97801.0
X,484,MEX,764,THA,8467,"Tools; for working in the hand, pneumatic, hydraulic or with self-contained electric or non-electric motor",N/A,0.0,46379.0
X,484,MEX,842,USA,8467,"Tools; for working in the hand, pneumatic, hydraulic or with self-contained electric or non-electric motor",N/A,0.0,1376041332.0
X,484,MEX,0,W00,8468,"Machinery and apparatus for soldering, brazing, welding, whether or not capable of cutting, other than those of heading no. 8515; gas-operated surface tempering machines and appliances",N/A,0.0,42449656.0
X,484,MEX,188,CRI,8468,"Machinery and apparatus for soldering, brazing, welding, whether or not capable of cutting, other than those of heading no. 8515; gas-operated surface tempering machines and appliances",N/A,0.0,12657.0
X,484,MEX,192,CUB,8468,"Machinery and apparatus for soldering, brazing, welding, whether or not capable of cutting, other than those of heading no. 8515; gas-operated surface tempering machines and appliances",N/A,0.0,103701.0
X,484,MEX,218,ECU,8468,"Machinery and apparatus for soldering, brazing, welding, whether or not capable of cutting, other than those of heading no. 8515; gas-operated surface tempering machines and appliances",u,557.0,4053.0
X,484,MEX,222,SLV,8468,"Machinery and apparatus for soldering, brazing, welding, whether or not capable of cutting, other than those of heading no. 8515; gas-operated surface tempering machines and appliances",u,726.0,8539.0
X,484,MEX,320,GTM,8468,"Machinery and apparatus for soldering, brazing, welding, whether or not capable of cutting, other than those of heading no. 8515; gas-operated surface tempering machines and appliances",N/A,0.0,12349.0
X,484,MEX,558,NIC,8468,"Machinery and apparatus for soldering, brazing, welding, whether or not capable of cutting, other than those of heading no. 8515; gas-operated surface tempering machines and appliances",N/A,0.0,3676.0
X,484,MEX,591,PAN,8468,"Machinery and apparatus for soldering, brazing, welding, whether or not capable of cutting, other than those of heading no. 8515; gas-operated surface tempering machines and appliances",N/A,0.0,3286.0
X,484,MEX,842,USA,8468,"Machinery and apparatus for soldering, brazing, welding, whether or not capable of cutting, other than those of heading no. 8515; gas-operated surface tempering machines and appliances",N/A,0.0,42295709.0
X,484,MEX,862,VEN,8468,"Machinery and apparatus for soldering, brazing, welding, whether or not capable of cutting, other than those of heading no. 8515; gas-operated surface tempering machines and appliances",N/A,0.0,5686.0
X,484,MEX,0,W00,8470,"Calculating machines and pocket-size data recording, reproducing and displaying machines with calculating functions; accounting machines, postage-franking machines, ticket-issuing machines and similar, incorporating a calculating device; cash registers",N/A,0.0,163863757.0
X,484,MEX,192,CUB,8470,"Calculating machines and pocket-size data recording, reproducing and displaying machines with calculating functions; accounting machines, postage-franking machines, ticket-issuing machines and similar, incorporating a calculating device; cash registers",N/A,0.0,870.0
X,484,MEX,320,GTM,8470,"Calculating machines and pocket-size data recording, reproducing and displaying machines with calculating functions; accounting machines, postage-franking machines, ticket-issuing machines and similar, incorporating a calculating device; cash registers",N/A,0.0,49151.0
X,484,MEX,340,HND,8470,"Calculating machines and pocket-size data recording, reproducing and displaying machines with calculating functions; accounting machines, postage-franking machines, ticket-issuing machines and similar, incorporating a calculating device; cash registers",N/A,0.0,2796.0
X,484,MEX,558,NIC,8470,"Calculating machines and pocket-size data recording, reproducing and displaying machines with calculating functions; accounting machines, postage-franking machines, ticket-issuing machines and similar, incorporating a calculating device; cash registers",u,6010.0,7007.0
X,484,MEX,842,USA,8470,"Calculating machines and pocket-size data recording, reproducing and displaying machines with calculating functions; accounting machines, postage-franking machines, ticket-issuing machines and similar, incorporating a calculating device; cash registers",N/A,0.0,163803933.0
X,484,MEX,0,W00,8471,"Automatic data processing machines and units thereof, magnetic or optical readers, machines for transcribing data onto data media in coded form and machines for processing such data, not elsewhere specified or included",N/A,0.0,33319432387.0
X,484,MEX,32,ARG,8471,"Automatic data processing machines and units thereof, magnetic or optical readers, machines for transcribing data onto data media in coded form and machines for processing such data, not elsewhere specified or included",N/A,0.0,14223970.0
X,484,MEX,36,AUS,8471,"Automatic data processing machines and units thereof, magnetic or optical readers, machines for transcribing data onto data media in coded form and machines for processing such data, not elsewhere specified or included",N/A,0.0,82142223.0
X,484,MEX,40,AUT,8471,"Automatic data processing machines and units thereof, magnetic or optical readers, machines for transcribing data onto data media in coded form and machines for processing such data, not elsewhere specified or included",N/A,0.0,2433677.0
X,484,MEX,56,BEL,8471,"Automatic data processing machines and units thereof, magnetic or optical readers, machines for transcribing data onto data media in coded form and machines for processing such data, not elsewhere specified or included",N/A,0.0,170737.0
X,484,MEX,68,BOL,8471,"Automatic data processing machines and units thereof, magnetic or optical readers, machines for transcribing data onto data media in coded form and machines for processing such data, not elsewhere specified or included",N/A,0.0,805910.0
X,484,MEX,76,BRA,8471,"Automatic data processing machines and units thereof, magnetic or optical readers, machines for transcribing data onto data media in coded form and machines for processing such data, not elsewhere specified or included",N/A,0.0,98419108.0
X,484,MEX,84,BLZ,8471,"Automatic data processing machines and units thereof, magnetic or optical readers, machines for transcribing data onto data media in coded form and machines for processing such data, not elsewhere specified or included",N/A,0.0,23679.0
X,484,MEX,124,CAN,8471,"Automatic data processing machines and units thereof, magnetic or optical readers, machines for transcribing data onto data media in coded form and machines for processing such data, not elsewhere specified or included",N/A,0.0,333529833.0
X,484,MEX,152,CHL,8471,"Automatic data processing machines and units thereof, magnetic or optical readers, machines for transcribing data onto data media in coded form and machines for processing such data, not elsewhere specified or included",N/A,0.0,15210333.0
X,484,MEX,156,CHN,8471,"Automatic data processing machines and units thereof, magnetic or optical readers, machines for transcribing data onto data media in coded form and machines for processing such data, not elsewhere specified or included",N/A,0.0,117871930.0
X,484,MEX,170,COL,8471,"Automatic data processing machines and units thereof, magnetic or optical readers, machines for transcribing data onto data media in coded form and machines for processing such data, not elsewhere specified or included",N/A,0.0,35505296.0
X,484,MEX,188,CRI,8471,"Automatic data processing machines and units thereof, magnetic or optical readers, machines for transcribing data onto data media in coded form and machines for processing such data, not elsewhere specified or included",N/A,0.0,1490283.0
X,484,MEX,192,CUB,8471,"Automatic data processing machines and units thereof, magnetic or optical readers, machines for transcribing data onto data media in coded form and machines for processing such data, not elsewhere specified or included",N/A,0.0,889666.0
X,484,MEX,203,CZE,8471,"Automatic data processing machines and units thereof, magnetic or optical readers, machines for transcribing data onto data media in coded form and machines for processing such data, not elsewhere specified or included",N/A,0.0,12214343.0
X,484,MEX,208,DNK,8471,"Automatic data processing machines and units thereof, magnetic or optical readers, machines for transcribing data onto data media in coded form and machines for processing such data, not elsewhere specified or included",N/A,0.0,24547277.0
X,484,MEX,214,DOM,8471,"Automatic data processing machines and units thereof, magnetic or optical readers, machines for transcribing data onto data media in coded form and machines for processing such data, not elsewhere specified or included",N/A,0.0,704040.0
X,484,MEX,218,ECU,8471,"Automatic data processing machines and units thereof, magnetic or optical readers, machines for transcribing data onto data media in coded form and machines for processing such data, not elsewhere specified or included",N/A,0.0,4485556.0
X,484,MEX,222,SLV,8471,"Automatic data processing machines and units thereof, magnetic or optical readers, machines for transcribing data onto data media in coded form and machines for processing such data, not elsewhere specified or included",N/A,0.0,2959885.0
X,484,MEX,246,FIN,8471,"Automatic data processing machines and units thereof, magnetic or optical readers, machines for transcribing data onto data media in coded form and machines for processing such data, not elsewhere specified or included",N/A,0.0,320885.0
X,484,MEX,251,FRA,8471,"Automatic data processing machines and units thereof, magnetic or optical readers, machines for transcribing data onto data media in coded form and machines for processing such data, not elsewhere specified or included",N/A,0.0,50366134.0
X,484,MEX,276,DEU,8471,"Automatic data processing machines and units thereof, magnetic or optical readers, machines for transcribing data onto data media in coded form and machines for processing such data, not elsewhere specified or included",N/A,0.0,187058693.0
X,484,MEX,320,GTM,8471,"Automatic data processing machines and units thereof, magnetic or optical readers, machines for transcribing data onto data media in coded form and machines for processing such data, not elsewhere specified or included",N/A,0.0,3070840.0
X,484,MEX,340,HND,8471,"Automatic data processing machines and units thereof, magnetic or optical readers, machines for transcribing data onto data media in coded form and machines for processing such data, not elsewhere specified or included",N/A,0.0,1176624.0
X,484,MEX,344,HKG,8471,"Automatic data processing machines and units thereof, magnetic or optical readers, machines for transcribing data onto data media in coded form and machines for processing such data, not elsewhere specified or included",N/A,0.0,65305127.0
X,484,MEX,348,HUN,8471,"Automatic data processing machines and units thereof, magnetic or optical readers, machines for transcribing data onto data media in coded form and machines for processing such data, not elsewhere specified or included",N/A,0.0,19226384.0
X,484,MEX,360,IDN,8471,"Automatic data processing machines and units thereof, magnetic or optical readers, machines for transcribing data onto data media in coded form and machines for processing such data, not elsewhere specified or included",N/A,0.0,1922478.0
X,484,MEX,372,IRL,8471,"Automatic data processing machines and units thereof, magnetic or optical readers, machines for transcribing data onto data media in coded form and machines for processing such data, not elsewhere specified or included",N/A,0.0,69095358.0
X,484,MEX,376,ISR,8471,"Automatic data processing machines and units thereof, magnetic or optical readers, machines for transcribing data onto data media in coded form and machines for processing such data, not elsewhere specified or included",N/A,0.0,5336252.0
X,484,MEX,380,ITA,8471,"Automatic data processing machines and units thereof, magnetic or optical readers, machines for transcribing data onto data media in coded form and machines for processing such data, not elsewhere specified or included",N/A,0.0,46570941.0
X,484,MEX,388,JAM,8471,"Automatic data processing machines and units thereof, magnetic or optical readers, machines for transcribing data onto data media in coded form and machines for processing such data, not elsewhere specified or included",N/A,0.0,216645.0
X,484,MEX,392,JPN,8471,"Automatic data processing machines and units thereof, magnetic or optical readers, machines for transcribing data onto data media in coded form and machines for processing such data, not elsewhere specified or included",N/A,0.0,200438434.0
X,484,MEX,410,KOR,8471,"Automatic data processing machines and units thereof, magnetic or optical readers, machines for transcribing data onto data media in coded form and machines for processing such data, not elsewhere specified or included",N/A,0.0,57067116.0
X,484,MEX,458,MYS,8471,"Automatic data processing machines and units thereof, magnetic or optical readers, machines for transcribing data onto data media in coded form and machines for processing such data, not elsewhere specified or included",N/A,0.0,10476121.0
X,484,MEX,490,S19,8471,"Automatic data processing machines and units thereof, magnetic or optical readers, machines for transcribing data onto data media in coded form and machines for processing such data, not elsewhere specified or included",N/A,0.0,37322718.0
X,484,MEX,528,NLD,8471,"Automatic data processing machines and units thereof, magnetic or optical readers, machines for transcribing data onto data media in coded form and machines for processing such data, not elsewhere specified or included",N/A,0.0,340345154.0
X,484,MEX,554,NZL,8471,"Automatic data processing machines and units thereof, magnetic or optical readers, machines for transcribing data onto data media in coded form and machines for processing such data, not elsewhere specified or included",N/A,0.0,307602.0
X,484,MEX,558,NIC,8471,"Automatic data processing machines and units thereof, magnetic or optical readers, machines for transcribing data onto data media in coded form and machines for processing such data, not elsewhere specified or included",N/A,0.0,1533083.0
X,484,MEX,591,PAN,8471,"Automatic data processing machines and units thereof, magnetic or optical readers, machines for transcribing data onto data media in coded form and machines for processing such data, not elsewhere specified or included",N/A,0.0,1292673.0
X,484,MEX,600,PRY,8471,"Automatic data processing machines and units thereof, magnetic or optical readers, machines for transcribing data onto data media in coded form and machines for processing such data, not elsewhere specified or included",N/A,0.0,216093.0
X,484,MEX,604,PER,8471,"Automatic data processing machines and units thereof, magnetic or optical readers, machines for transcribing data onto data media in coded form and machines for processing such data, not elsewhere specified or included",N/A,0.0,21628852.0
X,484,MEX,608,PHL,8471,"Automatic data processing machines and units thereof, magnetic or optical readers, machines for transcribing data onto data media in coded form and machines for processing such data, not elsewhere specified or included",N/A,0.0,2906583.0
X,484,MEX,616,POL,8471,"Automatic data processing machines and units thereof, magnetic or optical readers, machines for transcribing data onto data media in coded form and machines for processing such data, not elsewhere specified or included",N/A,0.0,17722208.0
X,484,MEX,642,ROU,8471,"Automatic data processing machines and units thereof, magnetic or optical readers, machines for transcribing data onto data media in coded form and machines for processing such data, not elsewhere specified or included",N/A,0.0,14358.0
X,484,MEX,682,SAU,8471,"Automatic data processing machines and units thereof, magnetic or optical readers, machines for transcribing data onto data media in coded form and machines for processing such data, not elsewhere specified or included",N/A,0.0,123133.0
X,484,MEX,699,IND,8471,"Automatic data processing machines and units thereof, magnetic or optical readers, machines for transcribing data onto data media in coded form and machines for processing such data, not elsewhere specified or included",N/A,0.0,40394969.0
X,484,MEX,702,SGP,8471,"Automatic data processing machines and units thereof, magnetic or optical readers, machines for transcribing data onto data media in coded form and machines for processing such data, not elsewhere specified or included",N/A,0.0,197437490.0
X,484,MEX,704,VNM,8471,"Automatic data processing machines and units thereof, magnetic or optical readers, machines for transcribing data onto data media in coded form and machines for processing such data, not elsewhere specified or included",N/A,0.0,5517518.0
X,484,MEX,710,ZAF,8471,"Automatic data processing machines and units thereof, magnetic or optical readers, machines for transcribing data onto data media in coded form and machines for processing such data, not elsewhere specified or included",N/A,0.0,4328016.0
X,484,MEX,724,ESP,8471,"Automatic data processing machines and units thereof, magnetic or optical readers, machines for transcribing data onto data media in coded form and machines for processing such data, not elsewhere specified or included",N/A,0.0,29655344.0
X,484,MEX,752,SWE,8471,"Automatic data processing machines and units thereof, magnetic or optical readers, machines for transcribing data onto data media in coded form and machines for processing such data, not elsewhere specified or included",N/A,0.0,310469.0
X,484,MEX,757,CHE,8471,"Automatic data processing machines and units thereof, magnetic or optical readers, machines for transcribing data onto data media in coded form and machines for processing such data, not elsewhere specified or included",N/A,0.0,11288667.0
X,484,MEX,764,THA,8471,"Automatic data processing machines and units thereof, magnetic or optical readers, machines for transcribing data onto data media in coded form and machines for processing such data, not elsewhere specified or included",N/A,0.0,11301643.0
X,484,MEX,780,TTO,8471,"Automatic data processing machines and units thereof, magnetic or optical readers, machines for transcribing data onto data media in coded form and machines for processing such data, not elsewhere specified or included",N/A,0.0,57328.0
X,484,MEX,784,ARE,8471,"Automatic data processing machines and units thereof, magnetic or optical readers, machines for transcribing data onto data media in coded form and machines for processing such data, not elsewhere specified or included",N/A,0.0,7563592.0
X,484,MEX,792,TUR,8471,"Automatic data processing machines and units thereof, magnetic or optical readers, machines for transcribing data onto data media in coded form and machines for processing such data, not elsewhere specified or included",N/A,0.0,823117.0
X,484,MEX,826,GBR,8471,"Automatic data processing machines and units thereof, magnetic or optical readers, machines for transcribing data onto data media in coded form and machines for processing such data, not elsewhere specified or included",N/A,0.0,62283242.0
X,484,MEX,842,USA,8471,"Automatic data processing machines and units thereof, magnetic or optical readers, machines for transcribing data onto data media in coded form and machines for processing such data, not elsewhere specified or included",N/A,0.0,31055453334.0
X,484,MEX,858,URY,8471,"Automatic data processing machines and units thereof, magnetic or optical readers, machines for transcribing data onto data media in coded form and machines for processing such data, not elsewhere specified or included",N/A,0.0,3703544.0
X,484,MEX,862,VEN,8471,"Automatic data processing machines and units thereof, magnetic or optical readers, machines for transcribing data onto data media in coded form and machines for processing such data, not elsewhere specified or included",N/A,0.0,625879.0
X,484,MEX,0,W00,8472,Office machines; not elsewhere classified,N/A,0.0,89671940.0
X,484,MEX,188,CRI,8472,Office machines; not elsewhere classified,N/A,0.0,153799.0
X,484,MEX,192,CUB,8472,Office machines; not elsewhere classified,N/A,0.0,6137.0
X,484,MEX,222,SLV,8472,Office machines; not elsewhere classified,N/A,0.0,148634.0
X,484,MEX,320,GTM,8472,Office machines; not elsewhere classified,N/A,0.0,118499.0
X,484,MEX,340,HND,8472,Office machines; not elsewhere classified,N/A,0.0,12716.0
X,484,MEX,558,NIC,8472,Office machines; not elsewhere classified,N/A,0.0,249439.0
X,484,MEX,591,PAN,8472,Office machines; not elsewhere classified,N/A,0.0,333766.0
X,484,MEX,842,USA,8472,Office machines; not elsewhere classified,N/A,0.0,88648950.0
X,484,MEX,0,W00,8473,"Machinery; parts and accessories (other than covers, carrying cases and the like) suitable for use solely or principally with machines of headings 84.70 to 84.72",N/A,0.0,1745656713.0
X,484,MEX,32,ARG,8473,"Machinery; parts and accessories (other than covers, carrying cases and the like) suitable for use solely or principally with machines of headings 84.70 to 84.72",N/A,0.0,306376.0
X,484,MEX,36,AUS,8473,"Machinery; parts and accessories (other than covers, carrying cases and the like) suitable for use solely or principally with machines of headings 84.70 to 84.72",N/A,0.0,669605.0
X,484,MEX,56,BEL,8473,"Machinery; parts and accessories (other than covers, carrying cases and the like) suitable for use solely or principally with machines of headings 84.70 to 84.72",N/A,0.0,1402.0
X,484,MEX,76,BRA,8473,"Machinery; parts and accessories (other than covers, carrying cases and the like) suitable for use solely or principally with machines of headings 84.70 to 84.72",N/A,0.0,8084093.0
X,484,MEX,124,CAN,8473,"Machinery; parts and accessories (other than covers, carrying cases and the like) suitable for use solely or principally with machines of headings 84.70 to 84.72",N/A,0.0,5365612.0
X,484,MEX,152,CHL,8473,"Machinery; parts and accessories (other than covers, carrying cases and the like) suitable for use solely or principally with machines of headings 84.70 to 84.72",N/A,0.0,517669.0
X,484,MEX,156,CHN,8473,"Machinery; parts and accessories (other than covers, carrying cases and the like) suitable for use solely or principally with machines of headings 84.70 to 84.72",N/A,0.0,43148548.0
X,484,MEX,170,COL,8473,"Machinery; parts and accessories (other than covers, carrying cases and the like) suitable for use solely or principally with machines of headings 84.70 to 84.72",N/A,0.0,386576.0
X,484,MEX,188,CRI,8473,"Machinery; parts and accessories (other than covers, carrying cases and the like) suitable for use solely or principally with machines of headings 84.70 to 84.72",N/A,0.0,167466.0
X,484,MEX,192,CUB,8473,"Machinery; parts and accessories (other than covers, carrying cases and the like) suitable for use solely or principally with machines of headings 84.70 to 84.72",N/A,0.0,112231.0
X,484,MEX,203,CZE,8473,"Machinery; parts and accessories (other than covers, carrying cases and the like) suitable for use solely or principally with machines of headings 84.70 to 84.72",N/A,0.0,1669297.0
X,484,MEX,214,DOM,8473,"Machinery; parts and accessories (other than covers, carrying cases and the like) suitable for use solely or principally with machines of headings 84.70 to 84.72",N/A,0.0,17296.0
X,484,MEX,218,ECU,8473,"Machinery; parts and accessories (other than covers, carrying cases and the like) suitable for use solely or principally with machines of headings 84.70 to 84.72",N/A,0.0,45593.0
X,484,MEX,222,SLV,8473,"Machinery; parts and accessories (other than covers, carrying cases and the like) suitable for use solely or principally with machines of headings 84.70 to 84.72",N/A,0.0,77837.0
X,484,MEX,251,FRA,8473,"Machinery; parts and accessories (other than covers, carrying cases and the like) suitable for use solely or principally with machines of headings 84.70 to 84.72",N/A,0.0,503473.0
X,484,MEX,276,DEU,8473,"Machinery; parts and accessories (other than covers, carrying cases and the like) suitable for use solely or principally with machines of headings 84.70 to 84.72",N/A,0.0,7106103.0
X,484,MEX,320,GTM,8473,"Machinery; parts and accessories (other than covers, carrying cases and the like) suitable for use solely or principally with machines of headings 84.70 to 84.72",N/A,0.0,364692.0
X,484,MEX,340,HND,8473,"Machinery; parts and accessories (other than covers, carrying cases and the like) suitable for use solely or principally with machines of headings 84.70 to 84.72",N/A,0.0,20335.0
X,484,MEX,344,HKG,8473,"Machinery; parts and accessories (other than covers, carrying cases and the like) suitable for use solely or principally with machines of headings 84.70 to 84.72",N/A,0.0,31541175.0
X,484,MEX,348,HUN,8473,"Machinery; parts and accessories (other than covers, carrying cases and the like) suitable for use solely or principally with machines of headings 84.70 to 84.72",N/A,0.0,35697300.0
X,484,MEX,372,IRL,8473,"Machinery; parts and accessories (other than covers, carrying cases and the like) suitable for use solely or principally with machines of headings 84.70 to 84.72",N/A,0.0,146042.0
X,484,MEX,376,ISR,8473,"Machinery; parts and accessories (other than covers, carrying cases and the like) suitable for use solely or principally with machines of headings 84.70 to 84.72",N/A,0.0,157399.0
X,484,MEX,380,ITA,8473,"Machinery; parts and accessories (other than covers, carrying cases and the like) suitable for use solely or principally with machines of headings 84.70 to 84.72",N/A,0.0,449452.0
X,484,MEX,392,JPN,8473,"Machinery; parts and accessories (other than covers, carrying cases and the like) suitable for use solely or principally with machines of headings 84.70 to 84.72",N/A,0.0,7871947.0
X,484,MEX,410,KOR,8473,"Machinery; parts and accessories (other than covers, carrying cases and the like) suitable for use solely or principally with machines of headings 84.70 to 84.72",N/A,0.0,13595538.0
X,484,MEX,458,MYS,8473,"Machinery; parts and accessories (other than covers, carrying cases and the like) suitable for use solely or principally with machines of headings 84.70 to 84.72",N/A,0.0,670439.0
X,484,MEX,490,S19,8473,"Machinery; parts and accessories (other than covers, carrying cases and the like) suitable for use solely or principally with machines of headings 84.70 to 84.72",N/A,0.0,4599348.0
X,484,MEX,528,NLD,8473,"Machinery; parts and accessories (other than covers, carrying cases and the like) suitable for use solely or principally with machines of headings 84.70 to 84.72",N/A,0.0,10559542.0
X,484,MEX,591,PAN,8473,"Machinery; parts and accessories (other than covers, carrying cases and the like) suitable for use solely or principally with machines of headings 84.70 to 84.72",N/A,0.0,12868.0
X,484,MEX,604,PER,8473,"Machinery; parts and accessories (other than covers, carrying cases and the like) suitable for use solely or principally with machines of headings 84.70 to 84.72",N/A,0.0,113943.0
X,484,MEX,608,PHL,8473,"Machinery; parts and accessories (other than covers, carrying cases and the like) suitable for use solely or principally with machines of headings 84.70 to 84.72",N/A,0.0,25871.0
X,484,MEX,616,POL,8473,"Machinery; parts and accessories (other than covers, carrying cases and the like) suitable for use solely or principally with machines of headings 84.70 to 84.72",N/A,0.0,2472615.0
X,484,MEX,642,ROU,8473,"Machinery; parts and accessories (other than covers, carrying cases and the like) suitable for use solely or principally with machines of headings 84.70 to 84.72",N/A,0.0,1721.0
X,484,MEX,699,IND,8473,"Machinery; parts and accessories (other than covers, carrying cases and the like) suitable for use solely or principally with machines of headings 84.70 to 84.72",N/A,0.0,3394043.0
X,484,MEX,702,SGP,8473,"Machinery; parts and accessories (other than covers, carrying cases and the like) suitable for use solely or principally with machines of headings 84.70 to 84.72",N/A,0.0,12686148.0
X,484,MEX,724,ESP,8473,"Machinery; parts and accessories (other than covers, carrying cases and the like) suitable for use solely or principally with machines of headings 84.70 to 84.72",N/A,0.0,196173.0
X,484,MEX,752,SWE,8473,"Machinery; parts and accessories (other than covers, carrying cases and the like) suitable for use solely or principally with machines of headings 84.70 to 84.72",N/A,0.0,7957.0
X,484,MEX,764,THA,8473,"Machinery; parts and accessories (other than covers, carrying cases and the like) suitable for use solely or principally with machines of headings 84.70 to 84.72",N/A,0.0,1108755.0
X,484,MEX,784,ARE,8473,"Machinery; parts and accessories (other than covers, carrying cases and the like) suitable for use solely or principally with machines of headings 84.70 to 84.72",N/A,0.0,6344.0
X,484,MEX,826,GBR,8473,"Machinery; parts and accessories (other than covers, carrying cases and the like) suitable for use solely or principally with machines of headings 84.70 to 84.72",N/A,0.0,1062660.0
X,484,MEX,842,USA,8473,"Machinery; parts and accessories (other than covers, carrying cases and the like) suitable for use solely or principally with machines of headings 84.70 to 84.72",N/A,0.0,1550715229.0
X,484,MEX,0,W00,8474,"Machinery for sorting, screening, separating, washing, crushing, grinding, mixing or kneading earth, stone, ores in solid form, shaping, moulding machinery for solid mineral fuels",N/A,0.0,124523244.0
X,484,MEX,124,CAN,8474,"Machinery for sorting, screening, separating, washing, crushing, grinding, mixing or kneading earth, stone, ores in solid form, shaping, moulding machinery for solid mineral fuels",N/A,0.0,10316459.0
X,484,MEX,152,CHL,8474,"Machinery for sorting, screening, separating, washing, crushing, grinding, mixing or kneading earth, stone, ores in solid form, shaping, moulding machinery for solid mineral fuels",N/A,0.0,913562.0
X,484,MEX,170,COL,8474,"Machinery for sorting, screening, separating, washing, crushing, grinding, mixing or kneading earth, stone, ores in solid form, shaping, moulding machinery for solid mineral fuels",N/A,0.0,77316.0
X,484,MEX,188,CRI,8474,"Machinery for sorting, screening, separating, washing, crushing, grinding, mixing or kneading earth, stone, ores in solid form, shaping, moulding machinery for solid mineral fuels",kg,18013.0,54272.0
X,484,MEX,214,DOM,8474,"Machinery for sorting, screening, separating, washing, crushing, grinding, mixing or kneading earth, stone, ores in solid form, shaping, moulding machinery for solid mineral fuels",N/A,0.0,286846.0
X,484,MEX,222,SLV,8474,"Machinery for sorting, screening, separating, washing, crushing, grinding, mixing or kneading earth, stone, ores in solid form, shaping, moulding machinery for solid mineral fuels",N/A,0.0,1107179.0
X,484,MEX,320,GTM,8474,"Machinery for sorting, screening, separating, washing, crushing, grinding, mixing or kneading earth, stone, ores in solid form, shaping, moulding machinery for solid mineral fuels",N/A,0.0,1819150.0
X,484,MEX,340,HND,8474,"Machinery for sorting, screening, separating, washing, crushing, grinding, mixing or kneading earth, stone, ores in solid form, shaping, moulding machinery for solid mineral fuels",N/A,0.0,1582593.0
X,484,MEX,558,NIC,8474,"Machinery for sorting, screening, separating, washing, crushing, grinding, mixing or kneading earth, stone, ores in solid form, shaping, moulding machinery for solid mineral fuels",N/A,0.0,779521.0
X,484,MEX,591,PAN,8474,"Machinery for sorting, screening, separating, washing, crushing, grinding, mixing or kneading earth, stone, ores in solid form, shaping, moulding machinery for solid mineral fuels",N/A,0.0,1060506.0
X,484,MEX,604,PER,8474,"Machinery for sorting, screening, separating, washing, crushing, grinding, mixing or kneading earth, stone, ores in solid form, shaping, moulding machinery for solid mineral fuels",N/A,0.0,110243.0
X,484,MEX,842,USA,8474,"Machinery for sorting, screening, separating, washing, crushing, grinding, mixing or kneading earth, stone, ores in solid form, shaping, moulding machinery for solid mineral fuels",N/A,0.0,106415597.0
X,484,MEX,0,W00,8475,"Machines; for assembling electric or electronic lamps, tubes, valves, flash-bulbs, in glass envelopes, machines for manufacturing or hot working glass or glassware",N/A,0.0,243014051.0
X,484,MEX,842,USA,8475,"Machines; for assembling electric or electronic lamps, tubes, valves, flash-bulbs, in glass envelopes, machines for manufacturing or hot working glass or glassware",N/A,0.0,243014051.0
X,484,MEX,0,W00,8476,"Automatic goods-vending machines (e.g. postage stamp, cigarette, food or beverage machines), including money-changing machines",N/A,0.0,16913149.0
X,484,MEX,842,USA,8476,"Automatic goods-vending machines (e.g. postage stamp, cigarette, food or beverage machines), including money-changing machines",N/A,0.0,16913149.0
X,484,MEX,0,W00,8477,"Machinery; for working rubber or plastics or for the manufacture of products from these materials, n.e.c. in this chapter",N/A,0.0,76631777.0
X,484,MEX,32,ARG,8477,"Machinery; for working rubber or plastics or for the manufacture of products from these materials, n.e.c. in this chapter",N/A,0.0,87246.0
X,484,MEX,76,BRA,8477,"Machinery; for working rubber or plastics or for the manufacture of products from these materials, n.e.c. in this chapter",N/A,0.0,61680.0
X,484,MEX,124,CAN,8477,"Machinery; for working rubber or plastics or for the manufacture of products from these materials, n.e.c. in this chapter",N/A,0.0,2421039.0
X,484,MEX,156,CHN,8477,"Machinery; for working rubber or plastics or for the manufacture of products from these materials, n.e.c. in this chapter",N/A,0.0,867262.0
X,484,MEX,170,COL,8477,"Machinery; for working rubber or plastics or for the manufacture of products from these materials, n.e.c. in this chapter",N/A,0.0,3466696.0
X,484,MEX,192,CUB,8477,"Machinery; for working rubber or plastics or for the manufacture of products from these materials, n.e.c. in this chapter",N/A,0.0,74517.0
X,484,MEX,214,DOM,8477,"Machinery; for working rubber or plastics or for the manufacture of products from these materials, n.e.c. in this chapter",N/A,0.0,124647.0
X,484,MEX,222,SLV,8477,"Machinery; for working rubber or plastics or for the manufacture of products from these materials, n.e.c. in this chapter",N/A,0.0,248139.0
X,484,MEX,251,FRA,8477,"Machinery; for working rubber or plastics or for the manufacture of products from these materials, n.e.c. in this chapter",kg,374.127,39368.0
X,484,MEX,276,DEU,8477,"Machinery; for working rubber or plastics or for the manufacture of products from these materials, n.e.c. in this chapter",N/A,0.0,2953190.0
X,484,MEX,320,GTM,8477,"Machinery; for working rubber or plastics or for the manufacture of products from these materials, n.e.c. in this chapter",N/A,0.0,242117.0
X,484,MEX,340,HND,8477,"Machinery; for working rubber or plastics or for the manufacture of products from these materials, n.e.c. in this chapter",N/A,0.0,143515.0
X,484,MEX,380,ITA,8477,"Machinery; for working rubber or plastics or for the manufacture of products from these materials, n.e.c. in this chapter",kg,1174.791,123619.0
X,484,MEX,392,JPN,8477,"Machinery; for working rubber or plastics or for the manufacture of products from these materials, n.e.c. in this chapter",N/A,0.0,411057.0
X,484,MEX,410,KOR,8477,"Machinery; for working rubber or plastics or for the manufacture of products from these materials, n.e.c. in this chapter",N/A,0.0,109979.0
X,484,MEX,604,PER,8477,"Machinery; for working rubber or plastics or for the manufacture of products from these materials, n.e.c. in this chapter",N/A,0.0,42275.0
X,484,MEX,842,USA,8477,"Machinery; for working rubber or plastics or for the manufacture of products from these materials, n.e.c. in this chapter",N/A,0.0,65215431.0
X,484,MEX,0,W00,8479,"Machinery and mechanical appliances; having individual functions, n.e.c. in this chapter",N/A,0.0,1753288471.0
X,484,MEX,24,AGO,8479,"Machinery and mechanical appliances; having individual functions, n.e.c. in this chapter",N/A,0.0,323388.0
X,484,MEX,32,ARG,8479,"Machinery and mechanical appliances; having individual functions, n.e.c. in this chapter",N/A,0.0,148761.0
X,484,MEX,36,AUS,8479,"Machinery and mechanical appliances; having individual functions, n.e.c. in this chapter",N/A,0.0,502677.0
X,484,MEX,56,BEL,8479,"Machinery and mechanical appliances; having individual functions, n.e.c. in this chapter",N/A,0.0,229654.0
X,484,MEX,68,BOL,8479,"Machinery and mechanical appliances; having individual functions, n.e.c. in this chapter",N/A,0.0,97234.0
X,484,MEX,76,BRA,8479,"Machinery and mechanical appliances; having individual functions, n.e.c. in this chapter",N/A,0.0,3135725.0
X,484,MEX,84,BLZ,8479,"Machinery and mechanical appliances; having individual functions, n.e.c. in this chapter",N/A,0.0,4890.0
X,484,MEX,124,CAN,8479,"Machinery and mechanical appliances; having individual functions, n.e.c. in this chapter",N/A,0.0,56090707.0
X,484,MEX,152,CHL,8479,"Machinery and mechanical appliances; having individual functions, n.e.c. in this chapter",N/A,0.0,1044014.0
X,484,MEX,156,CHN,8479,"Machinery and mechanical appliances; having individual functions, n.e.c. in this chapter",N/A,0.0,7053787.0
X,484,MEX,170,COL,8479,"Machinery and mechanical appliances; having individual functions, n.e.c. in this chapter",N/A,0.0,4588521.0
X,484,MEX,188,CRI,8479,"Machinery and mechanical appliances; having individual functions, n.e.c. in this chapter",N/A,0.0,1508311.0
X,484,MEX,192,CUB,8479,"Machinery and mechanical appliances; having individual functions, n.e.c. in this chapter",N/A,0.0,99838.0
X,484,MEX,203,CZE,8479,"Machinery and mechanical appliances; having individual functions, n.e.c. in this chapter",N/A,0.0,145712.0
X,484,MEX,214,DOM,8479,"Machinery and mechanical appliances; having individual functions, n.e.c. in this chapter",N/A,0.0,369808.0
X,484,MEX,218,ECU,8479,"Machinery and mechanical appliances; having individual functions, n.e.c. in this chapter",N/A,0.0,1492055.0
X,484,MEX,222,SLV,8479,"Machinery and mechanical appliances; having individual functions, n.e.c. in this chapter",N/A,0.0,1139089.0
X,484,MEX,251,FRA,8479,"Machinery and mechanical appliances; having individual functions, n.e.c. in this chapter",N/A,0.0,583701.0
X,484,MEX,276,DEU,8479,"Machinery and mechanical appliances; having individual functions, n.e.c. in this chapter",N/A,0.0,15967661.0
X,484,MEX,320,GTM,8479,"Machinery and mechanical appliances; having individual functions, n.e.c. in this chapter",N/A,0.0,1571783.0
X,484,MEX,340,HND,8479,"Machinery and mechanical appliances; having individual functions, n.e.c. in this chapter",N/A,0.0,2022762.0
X,484,MEX,344,HKG,8479,"Machinery and mechanical appliances; having individual functions, n.e.c. in this chapter",N/A,0.0,9572.0
X,484,MEX,348,HUN,8479,"Machinery and mechanical appliances; having individual functions, n.e.c. in this chapter",N/A,0.0,966826.0
X,484,MEX,368,IRQ,8479,"Machinery and mechanical appliances; having individual functions, n.e.c. in this chapter",N/A,0.0,199997.0
X,484,MEX,380,ITA,8479,"Machinery and mechanical appliances; having individual functions, n.e.c. in this chapter",N/A,0.0,983506.0
X,484,MEX,392,JPN,8479,"Machinery and mechanical appliances; having individual functions, n.e.c. in this chapter",N/A,0.0,3350681.0
X,484,MEX,410,KOR,8479,"Machinery and mechanical appliances; having individual functions, n.e.c. in this chapter",N/A,0.0,1136731.0
X,484,MEX,458,MYS,8479,"Machinery and mechanical appliances; having individual functions, n.e.c. in this chapter",N/A,0.0,3152800.0
X,484,MEX,558,NIC,8479,"Machinery and mechanical appliances; having individual functions, n.e.c. in this chapter",N/A,0.0,4843950.0
X,484,MEX,579,NOR,8479,"Machinery and mechanical appliances; having individual functions, n.e.c. in this chapter",N/A,0.0,136800.0
X,484,MEX,591,PAN,8479,"Machinery and mechanical appliances; having individual functions, n.e.c. in this chapter",N/A,0.0,671930.0
X,484,MEX,604,PER,8479,"Machinery and mechanical appliances; having individual functions, n.e.c. in this chapter",N/A,0.0,1534818.0
X,484,MEX,616,POL,8479,"Machinery and mechanical appliances; having individual functions, n.e.c. in this chapter",N/A,0.0,229685.0
X,484,MEX,642,ROU,8479,"Machinery and mechanical appliances; having individual functions, n.e.c. in this chapter",N/A,0.0,589593.0
X,484,MEX,643,RUS,8479,"Machinery and mechanical appliances; having individual functions, n.e.c. in this chapter",N/A,0.0,232400.0
X,484,MEX,682,SAU,8479,"Machinery and mechanical appliances; having individual functions, n.e.c. in this chapter",N/A,0.0,3050153.0
X,484,MEX,699,IND,8479,"Machinery and mechanical appliances; having individual functions, n.e.c. in this chapter",N/A,0.0,594559.0
X,484,MEX,702,SGP,8479,"Machinery and mechanical appliances; having individual functions, n.e.c. in this chapter",N/A,0.0,48095.0
X,484,MEX,704,VNM,8479,"Machinery and mechanical appliances; having individual functions, n.e.c. in this chapter",N/A,0.0,32119.0
X,484,MEX,724,ESP,8479,"Machinery and mechanical appliances; having individual functions, n.e.c. in this chapter",N/A,0.0,1220908.0
X,484,MEX,752,SWE,8479,"Machinery and mechanical appliances; having individual functions, n.e.c. in this chapter",N/A,0.0,536610.0
X,484,MEX,757,CHE,8479,"Machinery and mechanical appliances; having individual functions, n.e.c. in this chapter",N/A,0.0,329777.0
X,484,MEX,764,THA,8479,"Machinery and mechanical appliances; having individual functions, n.e.c. in this chapter",N/A,0.0,589879.0
X,484,MEX,780,TTO,8479,"Machinery and mechanical appliances; having individual functions, n.e.c. in this chapter",N/A,0.0,266484.0
X,484,MEX,784,ARE,8479,"Machinery and mechanical appliances; having individual functions, n.e.c. in this chapter",N/A,0.0,3678562.0
X,484,MEX,826,GBR,8479,"Machinery and mechanical appliances; having individual functions, n.e.c. in this chapter",N/A,0.0,1068237.0
X,484,MEX,842,USA,8479,"Machinery and mechanical appliances; having individual functions, n.e.c. in this chapter",N/A,0.0,1625713721.0
X,484,MEX,0,W00,8480,"Moulding boxes for metal foundry, moulding patterns, moulds for metals (excluding ingot moulds), metal carbides, glass, mineral materials, rubber or plastics",N/A,0.0,248822658.0
X,484,MEX,76,BRA,8480,"Moulding boxes for metal foundry, moulding patterns, moulds for metals (excluding ingot moulds), metal carbides, glass, mineral materials, rubber or plastics",N/A,0.0,2302915.0
X,484,MEX,124,CAN,8480,"Moulding boxes for metal foundry, moulding patterns, moulds for metals (excluding ingot moulds), metal carbides, glass, mineral materials, rubber or plastics",N/A,0.0,10352532.0
X,484,MEX,152,CHL,8480,"Moulding boxes for metal foundry, moulding patterns, moulds for metals (excluding ingot moulds), metal carbides, glass, mineral materials, rubber or plastics",N/A,0.0,616862.0
X,484,MEX,156,CHN,8480,"Moulding boxes for metal foundry, moulding patterns, moulds for metals (excluding ingot moulds), metal carbides, glass, mineral materials, rubber or plastics",N/A,0.0,8182950.0
X,484,MEX,170,COL,8480,"Moulding boxes for metal foundry, moulding patterns, moulds for metals (excluding ingot moulds), metal carbides, glass, mineral materials, rubber or plastics",N/A,0.0,89705.0
X,484,MEX,188,CRI,8480,"Moulding boxes for metal foundry, moulding patterns, moulds for metals (excluding ingot moulds), metal carbides, glass, mineral materials, rubber or plastics",N/A,0.0,13009.0
X,484,MEX,192,CUB,8480,"Moulding boxes for metal foundry, moulding patterns, moulds for metals (excluding ingot moulds), metal carbides, glass, mineral materials, rubber or plastics",N/A,0.0,7835.0
X,484,MEX,214,DOM,8480,"Moulding boxes for metal foundry, moulding patterns, moulds for metals (excluding ingot moulds), metal carbides, glass, mineral materials, rubber or plastics",N/A,0.0,351156.0
X,484,MEX,222,SLV,8480,"Moulding boxes for metal foundry, moulding patterns, moulds for metals (excluding ingot moulds), metal carbides, glass, mineral materials, rubber or plastics",N/A,0.0,40374.0
X,484,MEX,251,FRA,8480,"Moulding boxes for metal foundry, moulding patterns, moulds for metals (excluding ingot moulds), metal carbides, glass, mineral materials, rubber or plastics",N/A,0.0,72043.0
X,484,MEX,276,DEU,8480,"Moulding boxes for metal foundry, moulding patterns, moulds for metals (excluding ingot moulds), metal carbides, glass, mineral materials, rubber or plastics",N/A,0.0,3277461.0
X,484,MEX,320,GTM,8480,"Moulding boxes for metal foundry, moulding patterns, moulds for metals (excluding ingot moulds), metal carbides, glass, mineral materials, rubber or plastics",N/A,0.0,531600.0
X,484,MEX,380,ITA,8480,"Moulding boxes for metal foundry, moulding patterns, moulds for metals (excluding ingot moulds), metal carbides, glass, mineral materials, rubber or plastics",N/A,0.0,1387141.0
X,484,MEX,392,JPN,8480,"Moulding boxes for metal foundry, moulding patterns, moulds for metals (excluding ingot moulds), metal carbides, glass, mineral materials, rubber or plastics",N/A,0.0,2298947.0
X,484,MEX,410,KOR,8480,"Moulding boxes for metal foundry, moulding patterns, moulds for metals (excluding ingot moulds), metal carbides, glass, mineral materials, rubber or plastics",N/A,0.0,1713800.0
X,484,MEX,604,PER,8480,"Moulding boxes for metal foundry, moulding patterns, moulds for metals (excluding ingot moulds), metal carbides, glass, mineral materials, rubber or plastics",N/A,0.0,480994.0
X,484,MEX,699,IND,8480,"Moulding boxes for metal foundry, moulding patterns, moulds for metals (excluding ingot moulds), metal carbides, glass, mineral materials, rubber or plastics",kg,908.0,5104.0
X,484,MEX,724,ESP,8480,"Moulding boxes for metal foundry, moulding patterns, moulds for metals (excluding ingot moulds), metal carbides, glass, mineral materials, rubber or plastics",N/A,0.0,1346375.0
X,484,MEX,826,GBR,8480,"Moulding boxes for metal foundry, moulding patterns, moulds for metals (excluding ingot moulds), metal carbides, glass, mineral materials, rubber or plastics",N/A,0.0,165382.0
X,484,MEX,842,USA,8480,"Moulding boxes for metal foundry, moulding patterns, moulds for metals (excluding ingot moulds), metal carbides, glass, mineral materials, rubber or plastics",N/A,0.0,215586473.0
X,484,MEX,0,W00,8481,"Taps, cocks, valves and similar appliances for pipes, boiler shells, tanks, vats or the like, including pressure-reducing valves and thermostatically controlled valves",N/A,0.0,2758243978.0
X,484,MEX,32,ARG,8481,"Taps, cocks, valves and similar appliances for pipes, boiler shells, tanks, vats or the like, including pressure-reducing valves and thermostatically controlled valves",N/A,0.0,2644958.0
X,484,MEX,36,AUS,8481,"Taps, cocks, valves and similar appliances for pipes, boiler shells, tanks, vats or the like, including pressure-reducing valves and thermostatically controlled valves",N/A,0.0,1125111.0
X,484,MEX,40,AUT,8481,"Taps, cocks, valves and similar appliances for pipes, boiler shells, tanks, vats or the like, including pressure-reducing valves and thermostatically controlled valves",N/A,0.0,221618.0
X,484,MEX,44,BHS,8481,"Taps, cocks, valves and similar appliances for pipes, boiler shells, tanks, vats or the like, including pressure-reducing valves and thermostatically controlled valves",N/A,0.0,8010.0
X,484,MEX,52,BRB,8481,"Taps, cocks, valves and similar appliances for pipes, boiler shells, tanks, vats or the like, including pressure-reducing valves and thermostatically controlled valves",N/A,0.0,88486.0
X,484,MEX,56,BEL,8481,"Taps, cocks, valves and similar appliances for pipes, boiler shells, tanks, vats or the like, including pressure-reducing valves and thermostatically controlled valves",N/A,0.0,349958.0
X,484,MEX,68,BOL,8481,"Taps, cocks, valves and similar appliances for pipes, boiler shells, tanks, vats or the like, including pressure-reducing valves and thermostatically controlled valves",N/A,0.0,314812.0
X,484,MEX,76,BRA,8481,"Taps, cocks, valves and similar appliances for pipes, boiler shells, tanks, vats or the like, including pressure-reducing valves and thermostatically controlled valves",N/A,0.0,34012657.0
X,484,MEX,84,BLZ,8481,"Taps, cocks, valves and similar appliances for pipes, boiler shells, tanks, vats or the like, including pressure-reducing valves and thermostatically controlled valves",N/A,0.0,259494.0
X,484,MEX,124,CAN,8481,"Taps, cocks, valves and similar appliances for pipes, boiler shells, tanks, vats or the like, including pressure-reducing valves and thermostatically controlled valves",N/A,0.0,39804577.0
X,484,MEX,152,CHL,8481,"Taps, cocks, valves and similar appliances for pipes, boiler shells, tanks, vats or the like, including pressure-reducing valves and thermostatically controlled valves",N/A,0.0,2734175.0
X,484,MEX,156,CHN,8481,"Taps, cocks, valves and similar appliances for pipes, boiler shells, tanks, vats or the like, including pressure-reducing valves and thermostatically controlled valves",N/A,0.0,46010574.0
X,484,MEX,170,COL,8481,"Taps, cocks, valves and similar appliances for pipes, boiler shells, tanks, vats or the like, including pressure-reducing valves and thermostatically controlled valves",N/A,0.0,6590799.0
X,484,MEX,188,CRI,8481,"Taps, cocks, valves and similar appliances for pipes, boiler shells, tanks, vats or the like, including pressure-reducing valves and thermostatically controlled valves",N/A,0.0,4760999.0
X,484,MEX,192,CUB,8481,"Taps, cocks, valves and similar appliances for pipes, boiler shells, tanks, vats or the like, including pressure-reducing valves and thermostatically controlled valves",N/A,0.0,2127511.0
X,484,MEX,203,CZE,8481,"Taps, cocks, valves and similar appliances for pipes, boiler shells, tanks, vats or the like, including pressure-reducing valves and thermostatically controlled valves",N/A,0.0,73428.0
X,484,MEX,208,DNK,8481,"Taps, cocks, valves and similar appliances for pipes, boiler shells, tanks, vats or the like, including pressure-reducing valves and thermostatically controlled valves",N/A,0.0,336621.0
X,484,MEX,214,DOM,8481,"Taps, cocks, valves and similar appliances for pipes, boiler shells, tanks, vats or the like, including pressure-reducing valves and thermostatically controlled valves",N/A,0.0,5388246.0
X,484,MEX,218,ECU,8481,"Taps, cocks, valves and similar appliances for pipes, boiler shells, tanks, vats or the like, including pressure-reducing valves and thermostatically controlled valves",N/A,0.0,2534545.0
X,484,MEX,222,SLV,8481,"Taps, cocks, valves and similar appliances for pipes, boiler shells, tanks, vats or the like, including pressure-reducing valves and thermostatically controlled valves",N/A,0.0,3122033.0
X,484,MEX,251,FRA,8481,"Taps, cocks, valves and similar appliances for pipes, boiler shells, tanks, vats or the like, including pressure-reducing valves and thermostatically controlled valves",N/A,0.0,8683718.0
X,484,MEX,276,DEU,8481,"Taps, cocks, valves and similar appliances for pipes, boiler shells, tanks, vats or the like, including pressure-reducing valves and thermostatically controlled valves",N/A,0.0,4542793.0
X,484,MEX,320,GTM,8481,"Taps, cocks, valves and similar appliances for pipes, boiler shells, tanks, vats or the like, including pressure-reducing valves and thermostatically controlled valves",N/A,0.0,10280559.0
X,484,MEX,328,GUY,8481,"Taps, cocks, valves and similar appliances for pipes, boiler shells, tanks, vats or the like, including pressure-reducing valves and thermostatically controlled valves",N/A,0.0,760.0
X,484,MEX,332,HTI,8481,"Taps, cocks, valves and similar appliances for pipes, boiler shells, tanks, vats or the like, including pressure-reducing valves and thermostatically controlled valves",N/A,0.0,241623.0
X,484,MEX,340,HND,8481,"Taps, cocks, valves and similar appliances for pipes, boiler shells, tanks, vats or the like, including pressure-reducing valves and thermostatically controlled valves",N/A,0.0,3453476.0
X,484,MEX,348,HUN,8481,"Taps, cocks, valves and similar appliances for pipes, boiler shells, tanks, vats or the like, including pressure-reducing valves and thermostatically controlled valves",N/A,0.0,1048634.0
X,484,MEX,360,IDN,8481,"Taps, cocks, valves and similar appliances for pipes, boiler shells, tanks, vats or the like, including pressure-reducing valves and thermostatically controlled valves",N/A,0.0,2160766.0
X,484,MEX,376,ISR,8481,"Taps, cocks, valves and similar appliances for pipes, boiler shells, tanks, vats or the like, including pressure-reducing valves and thermostatically controlled valves",N/A,0.0,1512084.0
X,484,MEX,380,ITA,8481,"Taps, cocks, valves and similar appliances for pipes, boiler shells, tanks, vats or the like, including pressure-reducing valves and thermostatically controlled valves",N/A,0.0,2330106.0
X,484,MEX,388,JAM,8481,"Taps, cocks, valves and similar appliances for pipes, boiler shells, tanks, vats or the like, including pressure-reducing valves and thermostatically controlled valves",N/A,0.0,198545.0
X,484,MEX,392,JPN,8481,"Taps, cocks, valves and similar appliances for pipes, boiler shells, tanks, vats or the like, including pressure-reducing valves and thermostatically controlled valves",N/A,0.0,8472849.0
X,484,MEX,410,KOR,8481,"Taps, cocks, valves and similar appliances for pipes, boiler shells, tanks, vats or the like, including pressure-reducing valves and thermostatically controlled valves",N/A,0.0,31986619.0
X,484,MEX,458,MYS,8481,"Taps, cocks, valves and similar appliances for pipes, boiler shells, tanks, vats or the like, including pressure-reducing valves and thermostatically controlled valves",N/A,0.0,749058.0
X,484,MEX,490,S19,8481,"Taps, cocks, valves and similar appliances for pipes, boiler shells, tanks, vats or the like, including pressure-reducing valves and thermostatically controlled valves",N/A,0.0,449213.0
X,484,MEX,528,NLD,8481,"Taps, cocks, valves and similar appliances for pipes, boiler shells, tanks, vats or the like, including pressure-reducing valves and thermostatically controlled valves",N/A,0.0,679498.0
X,484,MEX,533,ABW,8481,"Taps, cocks, valves and similar appliances for pipes, boiler shells, tanks, vats or the like, including pressure-reducing valves and thermostatically controlled valves",N/A,0.0,19231.0
X,484,MEX,554,NZL,8481,"Taps, cocks, valves and similar appliances for pipes, boiler shells, tanks, vats or the like, including pressure-reducing valves and thermostatically controlled valves",N/A,0.0,134279.0
X,484,MEX,558,NIC,8481,"Taps, cocks, valves and similar appliances for pipes, boiler shells, tanks, vats or the like, including pressure-reducing valves and thermostatically controlled valves",N/A,0.0,2906747.0
X,484,MEX,566,NGA,8481,"Taps, cocks, valves and similar appliances for pipes, boiler shells, tanks, vats or the like, including pressure-reducing valves and thermostatically controlled valves",N/A,0.0,27145.0
X,484,MEX,591,PAN,8481,"Taps, cocks, valves and similar appliances for pipes, boiler shells, tanks, vats or the like, including pressure-reducing valves and thermostatically controlled valves",N/A,0.0,1928788.0
X,484,MEX,600,PRY,8481,"Taps, cocks, valves and similar appliances for pipes, boiler shells, tanks, vats or the like, including pressure-reducing valves and thermostatically controlled valves",N/A,0.0,105982.0
X,484,MEX,604,PER,8481,"Taps, cocks, valves and similar appliances for pipes, boiler shells, tanks, vats or the like, including pressure-reducing valves and thermostatically controlled valves",N/A,0.0,7801455.0
X,484,MEX,608,PHL,8481,"Taps, cocks, valves and similar appliances for pipes, boiler shells, tanks, vats or the like, including pressure-reducing valves and thermostatically controlled valves",kg,270.14,18306.0
X,484,MEX,616,POL,8481,"Taps, cocks, valves and similar appliances for pipes, boiler shells, tanks, vats or the like, including pressure-reducing valves and thermostatically controlled valves",N/A,0.0,1208416.0
X,484,MEX,642,ROU,8481,"Taps, cocks, valves and similar appliances for pipes, boiler shells, tanks, vats or the like, including pressure-reducing valves and thermostatically controlled valves",N/A,0.0,268229.0
X,484,MEX,643,RUS,8481,"Taps, cocks, valves and similar appliances for pipes, boiler shells, tanks, vats or the like, including pressure-reducing valves and thermostatically controlled valves",N/A,0.0,140268.0
X,484,MEX,662,LCA,8481,"Taps, cocks, valves and similar appliances for pipes, boiler shells, tanks, vats or the like, including pressure-reducing valves and thermostatically controlled valves",N/A,0.0,647.0
X,484,MEX,682,SAU,8481,"Taps, cocks, valves and similar appliances for pipes, boiler shells, tanks, vats or the like, including pressure-reducing valves and thermostatically controlled valves",N/A,0.0,2135983.0
X,484,MEX,699,IND,8481,"Taps, cocks, valves and similar appliances for pipes, boiler shells, tanks, vats or the like, including pressure-reducing valves and thermostatically controlled valves",N/A,0.0,2289822.0
X,484,MEX,702,SGP,8481,"Taps, cocks, valves and similar appliances for pipes, boiler shells, tanks, vats or the like, including pressure-reducing valves and thermostatically controlled valves",N/A,0.0,2407912.0
X,484,MEX,704,VNM,8481,"Taps, cocks, valves and similar appliances for pipes, boiler shells, tanks, vats or the like, including pressure-reducing valves and thermostatically controlled valves",kg,717.0,37297.0
X,484,MEX,710,ZAF,8481,"Taps, cocks, valves and similar appliances for pipes, boiler shells, tanks, vats or the like, including pressure-reducing valves and thermostatically controlled valves",N/A,0.0,72619.0
X,484,MEX,724,ESP,8481,"Taps, cocks, valves and similar appliances for pipes, boiler shells, tanks, vats or the like, including pressure-reducing valves and thermostatically controlled valves",N/A,0.0,9123307.0
X,484,MEX,752,SWE,8481,"Taps, cocks, valves and similar appliances for pipes, boiler shells, tanks, vats or the like, including pressure-reducing valves and thermostatically controlled valves",N/A,0.0,88136.0
X,484,MEX,757,CHE,8481,"Taps, cocks, valves and similar appliances for pipes, boiler shells, tanks, vats or the like, including pressure-reducing valves and thermostatically controlled valves",N/A,0.0,18942.0
X,484,MEX,764,THA,8481,"Taps, cocks, valves and similar appliances for pipes, boiler shells, tanks, vats or the like, including pressure-reducing valves and thermostatically controlled valves",N/A,0.0,11973599.0
X,484,MEX,780,TTO,8481,"Taps, cocks, valves and similar appliances for pipes, boiler shells, tanks, vats or the like, including pressure-reducing valves and thermostatically controlled valves",N/A,0.0,1052534.0
X,484,MEX,784,ARE,8481,"Taps, cocks, valves and similar appliances for pipes, boiler shells, tanks, vats or the like, including pressure-reducing valves and thermostatically controlled valves",N/A,0.0,4621731.0
X,484,MEX,818,EGY,8481,"Taps, cocks, valves and similar appliances for pipes, boiler shells, tanks, vats or the like, including pressure-reducing valves and thermostatically controlled valves",N/A,0.0,38594.0
X,484,MEX,826,GBR,8481,"Taps, cocks, valves and similar appliances for pipes, boiler shells, tanks, vats or the like, including pressure-reducing valves and thermostatically controlled valves",N/A,0.0,6548876.0
X,484,MEX,842,USA,8481,"Taps, cocks, valves and similar appliances for pipes, boiler shells, tanks, vats or the like, including pressure-reducing valves and thermostatically controlled valves",N/A,0.0,2473575160.0
X,484,MEX,858,URY,8481,"Taps, cocks, valves and similar appliances for pipes, boiler shells, tanks, vats or the like, including pressure-reducing valves and thermostatically controlled valves",N/A,0.0,101780.0
X,484,MEX,862,VEN,8481,"Taps, cocks, valves and similar appliances for pipes, boiler shells, tanks, vats or the like, including pressure-reducing valves and thermostatically controlled valves",N/A,0.0,299280.0
X,484,MEX,0,W00,8482,Ball or roller bearings,N/A,0.0,231313951.0
X,484,MEX,32,ARG,8482,Ball or roller bearings,N/A,0.0,81263.0
X,484,MEX,36,AUS,8482,Ball or roller bearings,N/A,0.0,38317.0
X,484,MEX,40,AUT,8482,Ball or roller bearings,N/A,0.0,3956.0
X,484,MEX,52,BRB,8482,Ball or roller bearings,N/A,0.0,2754.0
X,484,MEX,56,BEL,8482,Ball or roller bearings,N/A,0.0,434389.0
X,484,MEX,68,BOL,8482,Ball or roller bearings,N/A,0.0,6499.0
X,484,MEX,76,BRA,8482,Ball or roller bearings,N/A,0.0,3667625.0
X,484,MEX,84,BLZ,8482,Ball or roller bearings,N/A,0.0,63491.0
X,484,MEX,124,CAN,8482,Ball or roller bearings,N/A,0.0,6505420.0
X,484,MEX,152,CHL,8482,Ball or roller bearings,N/A,0.0,452793.0
X,484,MEX,156,CHN,8482,Ball or roller bearings,N/A,0.0,2023784.0
X,484,MEX,170,COL,8482,Ball or roller bearings,N/A,0.0,284930.0
X,484,MEX,188,CRI,8482,Ball or roller bearings,N/A,0.0,347181.0
X,484,MEX,192,CUB,8482,Ball or roller bearings,N/A,0.0,19311.0
X,484,MEX,214,DOM,8482,Ball or roller bearings,N/A,0.0,204644.0
X,484,MEX,218,ECU,8482,Ball or roller bearings,N/A,0.0,203306.0
X,484,MEX,222,SLV,8482,Ball or roller bearings,N/A,0.0,325203.0
X,484,MEX,251,FRA,8482,Ball or roller bearings,N/A,0.0,683187.0
X,484,MEX,276,DEU,8482,Ball or roller bearings,N/A,0.0,24688974.0
X,484,MEX,320,GTM,8482,Ball or roller bearings,N/A,0.0,475899.0
X,484,MEX,332,HTI,8482,Ball or roller bearings,N/A,0.0,2048.0
X,484,MEX,340,HND,8482,Ball or roller bearings,N/A,0.0,580375.0
X,484,MEX,380,ITA,8482,Ball or roller bearings,N/A,0.0,117220.0
X,484,MEX,392,JPN,8482,Ball or roller bearings,N/A,0.0,252449.0
X,484,MEX,410,KOR,8482,Ball or roller bearings,N/A,0.0,23294.0
X,484,MEX,558,NIC,8482,Ball or roller bearings,N/A,0.0,154101.0
X,484,MEX,591,PAN,8482,Ball or roller bearings,N/A,0.0,285825.0
X,484,MEX,600,PRY,8482,Ball or roller bearings,N/A,0.0,80526.0
X,484,MEX,604,PER,8482,Ball or roller bearings,N/A,0.0,661002.0
X,484,MEX,616,POL,8482,Ball or roller bearings,N/A,0.0,87790.0
X,484,MEX,643,RUS,8482,Ball or roller bearings,N/A,0.0,6409.0
X,484,MEX,682,SAU,8482,Ball or roller bearings,N/A,0.0,8825.0
X,484,MEX,699,IND,8482,Ball or roller bearings,N/A,0.0,110299.0
X,484,MEX,702,SGP,8482,Ball or roller bearings,N/A,0.0,99289.0
X,484,MEX,710,ZAF,8482,Ball or roller bearings,N/A,0.0,2831.0
X,484,MEX,724,ESP,8482,Ball or roller bearings,N/A,0.0,2321.0
X,484,MEX,752,SWE,8482,Ball or roller bearings,N/A,0.0,24883.0
X,484,MEX,764,THA,8482,Ball or roller bearings,N/A,0.0,230531.0
X,484,MEX,780,TTO,8482,Ball or roller bearings,N/A,0.0,8160.0
X,484,MEX,826,GBR,8482,Ball or roller bearings,N/A,0.0,12465.0
X,484,MEX,842,USA,8482,Ball or roller bearings,N/A,0.0,187913342.0
X,484,MEX,858,URY,8482,Ball or roller bearings,N/A,0.0,126291.0
X,484,MEX,862,VEN,8482,Ball or roller bearings,N/A,0.0,10749.0
X,484,MEX,0,W00,8483,Transmission shafts (including cam and crank) and cranks; bearing housings and plain shaft bearings; gears and gearing; ball or roller screws; gear boxes and other speed changers; flywheels and pulleys; clutches and shaft couplings,N/A,0.0,1153474303.0
X,484,MEX,32,ARG,8483,Transmission shafts (including cam and crank) and cranks; bearing housings and plain shaft bearings; gears and gearing; ball or roller screws; gear boxes and other speed changers; flywheels and pulleys; clutches and shaft couplings,N/A,0.0,3655512.0
X,484,MEX,36,AUS,8483,Transmission shafts (including cam and crank) and cranks; bearing housings and plain shaft bearings; gears and gearing; ball or roller screws; gear boxes and other speed changers; flywheels and pulleys; clutches and shaft couplings,N/A,0.0,229075.0
X,484,MEX,40,AUT,8483,Transmission shafts (including cam and crank) and cranks; bearing housings and plain shaft bearings; gears and gearing; ball or roller screws; gear boxes and other speed changers; flywheels and pulleys; clutches and shaft couplings,N/A,0.0,327072.0
X,484,MEX,52,BRB,8483,Transmission shafts (including cam and crank) and cranks; bearing housings and plain shaft bearings; gears and gearing; ball or roller screws; gear boxes and other speed changers; flywheels and pulleys; clutches and shaft couplings,N/A,0.0,1883.0
X,484,MEX,56,BEL,8483,Transmission shafts (including cam and crank) and cranks; bearing housings and plain shaft bearings; gears and gearing; ball or roller screws; gear boxes and other speed changers; flywheels and pulleys; clutches and shaft couplings,N/A,0.0,818435.0
X,484,MEX,68,BOL,8483,Transmission shafts (including cam and crank) and cranks; bearing housings and plain shaft bearings; gears and gearing; ball or roller screws; gear boxes and other speed changers; flywheels and pulleys; clutches and shaft couplings,N/A,0.0,91757.0
X,484,MEX,76,BRA,8483,Transmission shafts (including cam and crank) and cranks; bearing housings and plain shaft bearings; gears and gearing; ball or roller screws; gear boxes and other speed changers; flywheels and pulleys; clutches and shaft couplings,N/A,0.0,32564110.0
X,484,MEX,84,BLZ,8483,Transmission shafts (including cam and crank) and cranks; bearing housings and plain shaft bearings; gears and gearing; ball or roller screws; gear boxes and other speed changers; flywheels and pulleys; clutches and shaft couplings,N/A,0.0,157314.0
X,484,MEX,124,CAN,8483,Transmission shafts (including cam and crank) and cranks; bearing housings and plain shaft bearings; gears and gearing; ball or roller screws; gear boxes and other speed changers; flywheels and pulleys; clutches and shaft couplings,N/A,0.0,56830866.0
X,484,MEX,152,CHL,8483,Transmission shafts (including cam and crank) and cranks; bearing housings and plain shaft bearings; gears and gearing; ball or roller screws; gear boxes and other speed changers; flywheels and pulleys; clutches and shaft couplings,N/A,0.0,3479947.0
X,484,MEX,156,CHN,8483,Transmission shafts (including cam and crank) and cranks; bearing housings and plain shaft bearings; gears and gearing; ball or roller screws; gear boxes and other speed changers; flywheels and pulleys; clutches and shaft couplings,N/A,0.0,23804613.0
X,484,MEX,170,COL,8483,Transmission shafts (including cam and crank) and cranks; bearing housings and plain shaft bearings; gears and gearing; ball or roller screws; gear boxes and other speed changers; flywheels and pulleys; clutches and shaft couplings,N/A,0.0,2142149.0
X,484,MEX,188,CRI,8483,Transmission shafts (including cam and crank) and cranks; bearing housings and plain shaft bearings; gears and gearing; ball or roller screws; gear boxes and other speed changers; flywheels and pulleys; clutches and shaft couplings,N/A,0.0,431517.0
X,484,MEX,192,CUB,8483,Transmission shafts (including cam and crank) and cranks; bearing housings and plain shaft bearings; gears and gearing; ball or roller screws; gear boxes and other speed changers; flywheels and pulleys; clutches and shaft couplings,N/A,0.0,255855.0
X,484,MEX,203,CZE,8483,Transmission shafts (including cam and crank) and cranks; bearing housings and plain shaft bearings; gears and gearing; ball or roller screws; gear boxes and other speed changers; flywheels and pulleys; clutches and shaft couplings,N/A,0.0,3763188.0
X,484,MEX,214,DOM,8483,Transmission shafts (including cam and crank) and cranks; bearing housings and plain shaft bearings; gears and gearing; ball or roller screws; gear boxes and other speed changers; flywheels and pulleys; clutches and shaft couplings,N/A,0.0,908871.0
X,484,MEX,218,ECU,8483,Transmission shafts (including cam and crank) and cranks; bearing housings and plain shaft bearings; gears and gearing; ball or roller screws; gear boxes and other speed changers; flywheels and pulleys; clutches and shaft couplings,N/A,0.0,2308228.0
X,484,MEX,222,SLV,8483,Transmission shafts (including cam and crank) and cranks; bearing housings and plain shaft bearings; gears and gearing; ball or roller screws; gear boxes and other speed changers; flywheels and pulleys; clutches and shaft couplings,N/A,0.0,1033126.0
X,484,MEX,251,FRA,8483,Transmission shafts (including cam and crank) and cranks; bearing housings and plain shaft bearings; gears and gearing; ball or roller screws; gear boxes and other speed changers; flywheels and pulleys; clutches and shaft couplings,N/A,0.0,7864978.0
X,484,MEX,276,DEU,8483,Transmission shafts (including cam and crank) and cranks; bearing housings and plain shaft bearings; gears and gearing; ball or roller screws; gear boxes and other speed changers; flywheels and pulleys; clutches and shaft couplings,N/A,0.0,4150891.0
X,484,MEX,320,GTM,8483,Transmission shafts (including cam and crank) and cranks; bearing housings and plain shaft bearings; gears and gearing; ball or roller screws; gear boxes and other speed changers; flywheels and pulleys; clutches and shaft couplings,N/A,0.0,2179370.0
X,484,MEX,332,HTI,8483,Transmission shafts (including cam and crank) and cranks; bearing housings and plain shaft bearings; gears and gearing; ball or roller screws; gear boxes and other speed changers; flywheels and pulleys; clutches and shaft couplings,N/A,0.0,3289.0
X,484,MEX,340,HND,8483,Transmission shafts (including cam and crank) and cranks; bearing housings and plain shaft bearings; gears and gearing; ball or roller screws; gear boxes and other speed changers; flywheels and pulleys; clutches and shaft couplings,N/A,0.0,456149.0
X,484,MEX,348,HUN,8483,Transmission shafts (including cam and crank) and cranks; bearing housings and plain shaft bearings; gears and gearing; ball or roller screws; gear boxes and other speed changers; flywheels and pulleys; clutches and shaft couplings,N/A,0.0,1157167.0
X,484,MEX,380,ITA,8483,Transmission shafts (including cam and crank) and cranks; bearing housings and plain shaft bearings; gears and gearing; ball or roller screws; gear boxes and other speed changers; flywheels and pulleys; clutches and shaft couplings,N/A,0.0,1832959.0
X,484,MEX,388,JAM,8483,Transmission shafts (including cam and crank) and cranks; bearing housings and plain shaft bearings; gears and gearing; ball or roller screws; gear boxes and other speed changers; flywheels and pulleys; clutches and shaft couplings,N/A,0.0,114290.0
X,484,MEX,392,JPN,8483,Transmission shafts (including cam and crank) and cranks; bearing housings and plain shaft bearings; gears and gearing; ball or roller screws; gear boxes and other speed changers; flywheels and pulleys; clutches and shaft couplings,N/A,0.0,14187462.0
X,484,MEX,410,KOR,8483,Transmission shafts (including cam and crank) and cranks; bearing housings and plain shaft bearings; gears and gearing; ball or roller screws; gear boxes and other speed changers; flywheels and pulleys; clutches and shaft couplings,N/A,0.0,2538823.0
X,484,MEX,458,MYS,8483,Transmission shafts (including cam and crank) and cranks; bearing housings and plain shaft bearings; gears and gearing; ball or roller screws; gear boxes and other speed changers; flywheels and pulleys; clutches and shaft couplings,N/A,0.0,154653.0
X,484,MEX,490,S19,8483,Transmission shafts (including cam and crank) and cranks; bearing housings and plain shaft bearings; gears and gearing; ball or roller screws; gear boxes and other speed changers; flywheels and pulleys; clutches and shaft couplings,N/A,0.0,200367.0
X,484,MEX,528,NLD,8483,Transmission shafts (including cam and crank) and cranks; bearing housings and plain shaft bearings; gears and gearing; ball or roller screws; gear boxes and other speed changers; flywheels and pulleys; clutches and shaft couplings,N/A,0.0,2295952.0
X,484,MEX,558,NIC,8483,Transmission shafts (including cam and crank) and cranks; bearing housings and plain shaft bearings; gears and gearing; ball or roller screws; gear boxes and other speed changers; flywheels and pulleys; clutches and shaft couplings,N/A,0.0,1033542.0
X,484,MEX,591,PAN,8483,Transmission shafts (including cam and crank) and cranks; bearing housings and plain shaft bearings; gears and gearing; ball or roller screws; gear boxes and other speed changers; flywheels and pulleys; clutches and shaft couplings,N/A,0.0,577850.0
X,484,MEX,600,PRY,8483,Transmission shafts (including cam and crank) and cranks; bearing housings and plain shaft bearings; gears and gearing; ball or roller screws; gear boxes and other speed changers; flywheels and pulleys; clutches and shaft couplings,N/A,0.0,150720.0
X,484,MEX,604,PER,8483,Transmission shafts (including cam and crank) and cranks; bearing housings and plain shaft bearings; gears and gearing; ball or roller screws; gear boxes and other speed changers; flywheels and pulleys; clutches and shaft couplings,N/A,0.0,1529743.0
X,484,MEX,616,POL,8483,Transmission shafts (including cam and crank) and cranks; bearing housings and plain shaft bearings; gears and gearing; ball or roller screws; gear boxes and other speed changers; flywheels and pulleys; clutches and shaft couplings,N/A,0.0,318871.0
X,484,MEX,642,ROU,8483,Transmission shafts (including cam and crank) and cranks; bearing housings and plain shaft bearings; gears and gearing; ball or roller screws; gear boxes and other speed changers; flywheels and pulleys; clutches and shaft couplings,N/A,0.0,6979.0
X,484,MEX,643,RUS,8483,Transmission shafts (including cam and crank) and cranks; bearing housings and plain shaft bearings; gears and gearing; ball or roller screws; gear boxes and other speed changers; flywheels and pulleys; clutches and shaft couplings,N/A,0.0,4111.0
X,484,MEX,682,SAU,8483,Transmission shafts (including cam and crank) and cranks; bearing housings and plain shaft bearings; gears and gearing; ball or roller screws; gear boxes and other speed changers; flywheels and pulleys; clutches and shaft couplings,N/A,0.0,24679.0
X,484,MEX,699,IND,8483,Transmission shafts (including cam and crank) and cranks; bearing housings and plain shaft bearings; gears and gearing; ball or roller screws; gear boxes and other speed changers; flywheels and pulleys; clutches and shaft couplings,N/A,0.0,2853623.0
X,484,MEX,702,SGP,8483,Transmission shafts (including cam and crank) and cranks; bearing housings and plain shaft bearings; gears and gearing; ball or roller screws; gear boxes and other speed changers; flywheels and pulleys; clutches and shaft couplings,N/A,0.0,1420340.0
X,484,MEX,710,ZAF,8483,Transmission shafts (including cam and crank) and cranks; bearing housings and plain shaft bearings; gears and gearing; ball or roller screws; gear boxes and other speed changers; flywheels and pulleys; clutches and shaft couplings,N/A,0.0,33077.0
X,484,MEX,724,ESP,8483,Transmission shafts (including cam and crank) and cranks; bearing housings and plain shaft bearings; gears and gearing; ball or roller screws; gear boxes and other speed changers; flywheels and pulleys; clutches and shaft couplings,N/A,0.0,7477845.0
X,484,MEX,752,SWE,8483,Transmission shafts (including cam and crank) and cranks; bearing housings and plain shaft bearings; gears and gearing; ball or roller screws; gear boxes and other speed changers; flywheels and pulleys; clutches and shaft couplings,N/A,0.0,5300544.0
X,484,MEX,757,CHE,8483,Transmission shafts (including cam and crank) and cranks; bearing housings and plain shaft bearings; gears and gearing; ball or roller screws; gear boxes and other speed changers; flywheels and pulleys; clutches and shaft couplings,N/A,0.0,117070.0
X,484,MEX,764,THA,8483,Transmission shafts (including cam and crank) and cranks; bearing housings and plain shaft bearings; gears and gearing; ball or roller screws; gear boxes and other speed changers; flywheels and pulleys; clutches and shaft couplings,N/A,0.0,62290.0
X,484,MEX,780,TTO,8483,Transmission shafts (including cam and crank) and cranks; bearing housings and plain shaft bearings; gears and gearing; ball or roller screws; gear boxes and other speed changers; flywheels and pulleys; clutches and shaft couplings,N/A,0.0,120146.0
X,484,MEX,784,ARE,8483,Transmission shafts (including cam and crank) and cranks; bearing housings and plain shaft bearings; gears and gearing; ball or roller screws; gear boxes and other speed changers; flywheels and pulleys; clutches and shaft couplings,N/A,0.0,25630.0
X,484,MEX,826,GBR,8483,Transmission shafts (including cam and crank) and cranks; bearing housings and plain shaft bearings; gears and gearing; ball or roller screws; gear boxes and other speed changers; flywheels and pulleys; clutches and shaft couplings,N/A,0.0,1524336.0
X,484,MEX,842,USA,8483,Transmission shafts (including cam and crank) and cranks; bearing housings and plain shaft bearings; gears and gearing; ball or roller screws; gear boxes and other speed changers; flywheels and pulleys; clutches and shaft couplings,N/A,0.0,960614490.0
X,484,MEX,858,URY,8483,Transmission shafts (including cam and crank) and cranks; bearing housings and plain shaft bearings; gears and gearing; ball or roller screws; gear boxes and other speed changers; flywheels and pulleys; clutches and shaft couplings,N/A,0.0,185884.0
X,484,MEX,862,VEN,8483,Transmission shafts (including cam and crank) and cranks; bearing housings and plain shaft bearings; gears and gearing; ball or roller screws; gear boxes and other speed changers; flywheels and pulleys; clutches and shaft couplings,N/A,0.0,152665.0
X,484,MEX,0,W00,8484,"Gaskets and similar joints of metal sheeting combined with other material or of two or more layers of metal; sets or assortments of gaskets and similar joints, dissimilar in composition, put up in pouches, envelopes or similar packings; mechanical seals",N/A,0.0,134542703.0
X,484,MEX,32,ARG,8484,"Gaskets and similar joints of metal sheeting combined with other material or of two or more layers of metal; sets or assortments of gaskets and similar joints, dissimilar in composition, put up in pouches, envelopes or similar packings; mechanical seals",N/A,0.0,1227608.0
X,484,MEX,36,AUS,8484,"Gaskets and similar joints of metal sheeting combined with other material or of two or more layers of metal; sets or assortments of gaskets and similar joints, dissimilar in composition, put up in pouches, envelopes or similar packings; mechanical seals",N/A,0.0,54382.0
X,484,MEX,56,BEL,8484,"Gaskets and similar joints of metal sheeting combined with other material or of two or more layers of metal; sets or assortments of gaskets and similar joints, dissimilar in composition, put up in pouches, envelopes or similar packings; mechanical seals",N/A,0.0,633718.0
X,484,MEX,68,BOL,8484,"Gaskets and similar joints of metal sheeting combined with other material or of two or more layers of metal; sets or assortments of gaskets and similar joints, dissimilar in composition, put up in pouches, envelopes or similar packings; mechanical seals",N/A,0.0,52497.0
X,484,MEX,76,BRA,8484,"Gaskets and similar joints of metal sheeting combined with other material or of two or more layers of metal; sets or assortments of gaskets and similar joints, dissimilar in composition, put up in pouches, envelopes or similar packings; mechanical seals",N/A,0.0,6020806.0
X,484,MEX,124,CAN,8484,"Gaskets and similar joints of metal sheeting combined with other material or of two or more layers of metal; sets or assortments of gaskets and similar joints, dissimilar in composition, put up in pouches, envelopes or similar packings; mechanical seals",N/A,0.0,519060.0
X,484,MEX,152,CHL,8484,"Gaskets and similar joints of metal sheeting combined with other material or of two or more layers of metal; sets or assortments of gaskets and similar joints, dissimilar in composition, put up in pouches, envelopes or similar packings; mechanical seals",N/A,0.0,465306.0
X,484,MEX,156,CHN,8484,"Gaskets and similar joints of metal sheeting combined with other material or of two or more layers of metal; sets or assortments of gaskets and similar joints, dissimilar in composition, put up in pouches, envelopes or similar packings; mechanical seals",N/A,0.0,1919072.0
X,484,MEX,170,COL,8484,"Gaskets and similar joints of metal sheeting combined with other material or of two or more layers of metal; sets or assortments of gaskets and similar joints, dissimilar in composition, put up in pouches, envelopes or similar packings; mechanical seals",N/A,0.0,2564780.0
X,484,MEX,188,CRI,8484,"Gaskets and similar joints of metal sheeting combined with other material or of two or more layers of metal; sets or assortments of gaskets and similar joints, dissimilar in composition, put up in pouches, envelopes or similar packings; mechanical seals",N/A,0.0,203602.0
X,484,MEX,192,CUB,8484,"Gaskets and similar joints of metal sheeting combined with other material or of two or more layers of metal; sets or assortments of gaskets and similar joints, dissimilar in composition, put up in pouches, envelopes or similar packings; mechanical seals",N/A,0.0,71983.0
X,484,MEX,214,DOM,8484,"Gaskets and similar joints of metal sheeting combined with other material or of two or more layers of metal; sets or assortments of gaskets and similar joints, dissimilar in composition, put up in pouches, envelopes or similar packings; mechanical seals",N/A,0.0,177093.0
X,484,MEX,218,ECU,8484,"Gaskets and similar joints of metal sheeting combined with other material or of two or more layers of metal; sets or assortments of gaskets and similar joints, dissimilar in composition, put up in pouches, envelopes or similar packings; mechanical seals",N/A,0.0,509620.0
X,484,MEX,222,SLV,8484,"Gaskets and similar joints of metal sheeting combined with other material or of two or more layers of metal; sets or assortments of gaskets and similar joints, dissimilar in composition, put up in pouches, envelopes or similar packings; mechanical seals",N/A,0.0,93339.0
X,484,MEX,251,FRA,8484,"Gaskets and similar joints of metal sheeting combined with other material or of two or more layers of metal; sets or assortments of gaskets and similar joints, dissimilar in composition, put up in pouches, envelopes or similar packings; mechanical seals",N/A,0.0,619031.0
X,484,MEX,276,DEU,8484,"Gaskets and similar joints of metal sheeting combined with other material or of two or more layers of metal; sets or assortments of gaskets and similar joints, dissimilar in composition, put up in pouches, envelopes or similar packings; mechanical seals",N/A,0.0,615216.0
X,484,MEX,320,GTM,8484,"Gaskets and similar joints of metal sheeting combined with other material or of two or more layers of metal; sets or assortments of gaskets and similar joints, dissimilar in composition, put up in pouches, envelopes or similar packings; mechanical seals",N/A,0.0,444991.0
X,484,MEX,332,HTI,8484,"Gaskets and similar joints of metal sheeting combined with other material or of two or more layers of metal; sets or assortments of gaskets and similar joints, dissimilar in composition, put up in pouches, envelopes or similar packings; mechanical seals",N/A,0.0,4314.0
X,484,MEX,340,HND,8484,"Gaskets and similar joints of metal sheeting combined with other material or of two or more layers of metal; sets or assortments of gaskets and similar joints, dissimilar in composition, put up in pouches, envelopes or similar packings; mechanical seals",N/A,0.0,75949.0
X,484,MEX,380,ITA,8484,"Gaskets and similar joints of metal sheeting combined with other material or of two or more layers of metal; sets or assortments of gaskets and similar joints, dissimilar in composition, put up in pouches, envelopes or similar packings; mechanical seals",N/A,0.0,163971.0
X,484,MEX,392,JPN,8484,"Gaskets and similar joints of metal sheeting combined with other material or of two or more layers of metal; sets or assortments of gaskets and similar joints, dissimilar in composition, put up in pouches, envelopes or similar packings; mechanical seals",N/A,0.0,1272162.0
X,484,MEX,410,KOR,8484,"Gaskets and similar joints of metal sheeting combined with other material or of two or more layers of metal; sets or assortments of gaskets and similar joints, dissimilar in composition, put up in pouches, envelopes or similar packings; mechanical seals",N/A,0.0,1099515.0
X,484,MEX,458,MYS,8484,"Gaskets and similar joints of metal sheeting combined with other material or of two or more layers of metal; sets or assortments of gaskets and similar joints, dissimilar in composition, put up in pouches, envelopes or similar packings; mechanical seals",N/A,0.0,17456.0
X,484,MEX,528,NLD,8484,"Gaskets and similar joints of metal sheeting combined with other material or of two or more layers of metal; sets or assortments of gaskets and similar joints, dissimilar in composition, put up in pouches, envelopes or similar packings; mechanical seals",N/A,0.0,132167.0
X,484,MEX,558,NIC,8484,"Gaskets and similar joints of metal sheeting combined with other material or of two or more layers of metal; sets or assortments of gaskets and similar joints, dissimilar in composition, put up in pouches, envelopes or similar packings; mechanical seals",N/A,0.0,56800.0
X,484,MEX,591,PAN,8484,"Gaskets and similar joints of metal sheeting combined with other material or of two or more layers of metal; sets or assortments of gaskets and similar joints, dissimilar in composition, put up in pouches, envelopes or similar packings; mechanical seals",N/A,0.0,121482.0
X,484,MEX,604,PER,8484,"Gaskets and similar joints of metal sheeting combined with other material or of two or more layers of metal; sets or assortments of gaskets and similar joints, dissimilar in composition, put up in pouches, envelopes or similar packings; mechanical seals",N/A,0.0,529833.0
X,484,MEX,616,POL,8484,"Gaskets and similar joints of metal sheeting combined with other material or of two or more layers of metal; sets or assortments of gaskets and similar joints, dissimilar in composition, put up in pouches, envelopes or similar packings; mechanical seals",N/A,0.0,4335.0
X,484,MEX,682,SAU,8484,"Gaskets and similar joints of metal sheeting combined with other material or of two or more layers of metal; sets or assortments of gaskets and similar joints, dissimilar in composition, put up in pouches, envelopes or similar packings; mechanical seals",N/A,0.0,37027.0
X,484,MEX,699,IND,8484,"Gaskets and similar joints of metal sheeting combined with other material or of two or more layers of metal; sets or assortments of gaskets and similar joints, dissimilar in composition, put up in pouches, envelopes or similar packings; mechanical seals",N/A,0.0,808323.0
X,484,MEX,702,SGP,8484,"Gaskets and similar joints of metal sheeting combined with other material or of two or more layers of metal; sets or assortments of gaskets and similar joints, dissimilar in composition, put up in pouches, envelopes or similar packings; mechanical seals",N/A,0.0,8608.0
X,484,MEX,724,ESP,8484,"Gaskets and similar joints of metal sheeting combined with other material or of two or more layers of metal; sets or assortments of gaskets and similar joints, dissimilar in composition, put up in pouches, envelopes or similar packings; mechanical seals",N/A,0.0,260702.0
X,484,MEX,780,TTO,8484,"Gaskets and similar joints of metal sheeting combined with other material or of two or more layers of metal; sets or assortments of gaskets and similar joints, dissimilar in composition, put up in pouches, envelopes or similar packings; mechanical seals",N/A,0.0,179650.0
X,484,MEX,784,ARE,8484,"Gaskets and similar joints of metal sheeting combined with other material or of two or more layers of metal; sets or assortments of gaskets and similar joints, dissimilar in composition, put up in pouches, envelopes or similar packings; mechanical seals",N/A,0.0,8276.0
X,484,MEX,826,GBR,8484,"Gaskets and similar joints of metal sheeting combined with other material or of two or more layers of metal; sets or assortments of gaskets and similar joints, dissimilar in composition, put up in pouches, envelopes or similar packings; mechanical seals",N/A,0.0,3740906.0
X,484,MEX,842,USA,8484,"Gaskets and similar joints of metal sheeting combined with other material or of two or more layers of metal; sets or assortments of gaskets and similar joints, dissimilar in composition, put up in pouches, envelopes or similar packings; mechanical seals",N/A,0.0,109794601.0
X,484,MEX,858,URY,8484,"Gaskets and similar joints of metal sheeting combined with other material or of two or more layers of metal; sets or assortments of gaskets and similar joints, dissimilar in composition, put up in pouches, envelopes or similar packings; mechanical seals",N/A,0.0,3001.0
X,484,MEX,862,VEN,8484,"Gaskets and similar joints of metal sheeting combined with other material or of two or more layers of metal; sets or assortments of gaskets and similar joints, dissimilar in composition, put up in pouches, envelopes or similar packings; mechanical seals",N/A,0.0,31521.0
X,484,MEX,0,W00,8486,"Machines and apparatus of a kind used solely or principally for the manufacture of semiconductor boules or wafers, semiconductor devices, electronic integrated circuits or flat panel displays; machines and apparatus specified in note 9-C to this Chapter",N/A,0.0,224352873.0
X,484,MEX,156,CHN,8486,"Machines and apparatus of a kind used solely or principally for the manufacture of semiconductor boules or wafers, semiconductor devices, electronic integrated circuits or flat panel displays; machines and apparatus specified in note 9-C to this Chapter",N/A,0.0,303672.0
X,484,MEX,344,HKG,8486,"Machines and apparatus of a kind used solely or principally for the manufacture of semiconductor boules or wafers, semiconductor devices, electronic integrated circuits or flat panel displays; machines and apparatus specified in note 9-C to this Chapter",N/A,0.0,285378.0
X,484,MEX,410,KOR,8486,"Machines and apparatus of a kind used solely or principally for the manufacture of semiconductor boules or wafers, semiconductor devices, electronic integrated circuits or flat panel displays; machines and apparatus specified in note 9-C to this Chapter",N/A,0.0,2084561.0
X,484,MEX,458,MYS,8486,"Machines and apparatus of a kind used solely or principally for the manufacture of semiconductor boules or wafers, semiconductor devices, electronic integrated circuits or flat panel displays; machines and apparatus specified in note 9-C to this Chapter",N/A,0.0,1844502.0
X,484,MEX,490,S19,8486,"Machines and apparatus of a kind used solely or principally for the manufacture of semiconductor boules or wafers, semiconductor devices, electronic integrated circuits or flat panel displays; machines and apparatus specified in note 9-C to this Chapter",N/A,0.0,2748033.0
X,484,MEX,702,SGP,8486,"Machines and apparatus of a kind used solely or principally for the manufacture of semiconductor boules or wafers, semiconductor devices, electronic integrated circuits or flat panel displays; machines and apparatus specified in note 9-C to this Chapter",N/A,0.0,1196073.0
X,484,MEX,842,USA,8486,"Machines and apparatus of a kind used solely or principally for the manufacture of semiconductor boules or wafers, semiconductor devices, electronic integrated circuits or flat panel displays; machines and apparatus specified in note 9-C to this Chapter",N/A,0.0,215890654.0
X,484,MEX,0,W00,8487,"Machinery parts; not containing electrical connectors, insulators, coils, contacts or other electrical features, n.e.c. in this chapter",N/A,0.0,234104197.0
X,484,MEX,32,ARG,8487,"Machinery parts; not containing electrical connectors, insulators, coils, contacts or other electrical features, n.e.c. in this chapter",kg,1143.871,122353.0
X,484,MEX,56,BEL,8487,"Machinery parts; not containing electrical connectors, insulators, coils, contacts or other electrical features, n.e.c. in this chapter",kg,168.0,10109.0
X,484,MEX,76,BRA,8487,"Machinery parts; not containing electrical connectors, insulators, coils, contacts or other electrical features, n.e.c. in this chapter",N/A,0.0,1820402.0
X,484,MEX,84,BLZ,8487,"Machinery parts; not containing electrical connectors, insulators, coils, contacts or other electrical features, n.e.c. in this chapter",kg,7.144,439.0
X,484,MEX,124,CAN,8487,"Machinery parts; not containing electrical connectors, insulators, coils, contacts or other electrical features, n.e.c. in this chapter",N/A,0.0,7384222.0
X,484,MEX,152,CHL,8487,"Machinery parts; not containing electrical connectors, insulators, coils, contacts or other electrical features, n.e.c. in this chapter",N/A,0.0,174399.0
X,484,MEX,156,CHN,8487,"Machinery parts; not containing electrical connectors, insulators, coils, contacts or other electrical features, n.e.c. in this chapter",kg,106558.0,5953202.0
X,484,MEX,170,COL,8487,"Machinery parts; not containing electrical connectors, insulators, coils, contacts or other electrical features, n.e.c. in this chapter",N/A,0.0,1084722.0
X,484,MEX,188,CRI,8487,"Machinery parts; not containing electrical connectors, insulators, coils, contacts or other electrical features, n.e.c. in this chapter",N/A,0.0,30320.0
X,484,MEX,214,DOM,8487,"Machinery parts; not containing electrical connectors, insulators, coils, contacts or other electrical features, n.e.c. in this chapter",kg,67.0,15951.0
X,484,MEX,218,ECU,8487,"Machinery parts; not containing electrical connectors, insulators, coils, contacts or other electrical features, n.e.c. in this chapter",N/A,0.0,93936.0
X,484,MEX,222,SLV,8487,"Machinery parts; not containing electrical connectors, insulators, coils, contacts or other electrical features, n.e.c. in this chapter",kg,366.309,29969.0
X,484,MEX,276,DEU,8487,"Machinery parts; not containing electrical connectors, insulators, coils, contacts or other electrical features, n.e.c. in this chapter",kg,42184.0,1790238.0
X,484,MEX,320,GTM,8487,"Machinery parts; not containing electrical connectors, insulators, coils, contacts or other electrical features, n.e.c. in this chapter",kg,3595.0,171244.0
X,484,MEX,340,HND,8487,"Machinery parts; not containing electrical connectors, insulators, coils, contacts or other electrical features, n.e.c. in this chapter",kg,1090.525,23093.0
X,484,MEX,344,HKG,8487,"Machinery parts; not containing electrical connectors, insulators, coils, contacts or other electrical features, n.e.c. in this chapter",N/A,0.0,15745.0
X,484,MEX,380,ITA,8487,"Machinery parts; not containing electrical connectors, insulators, coils, contacts or other electrical features, n.e.c. in this chapter",kg,223.0,53643.0
X,484,MEX,392,JPN,8487,"Machinery parts; not containing electrical connectors, insulators, coils, contacts or other electrical features, n.e.c. in this chapter",kg,8543.935,514918.0
X,484,MEX,410,KOR,8487,"Machinery parts; not containing electrical connectors, insulators, coils, contacts or other electrical features, n.e.c. in this chapter",kg,1032.0,51354.0
X,484,MEX,558,NIC,8487,"Machinery parts; not containing electrical connectors, insulators, coils, contacts or other electrical features, n.e.c. in this chapter",kg,210.0,15342.0
X,484,MEX,591,PAN,8487,"Machinery parts; not containing electrical connectors, insulators, coils, contacts or other electrical features, n.e.c. in this chapter",N/A,0.0,74680.0
X,484,MEX,604,PER,8487,"Machinery parts; not containing electrical connectors, insulators, coils, contacts or other electrical features, n.e.c. in this chapter",N/A,0.0,150536.0
X,484,MEX,699,IND,8487,"Machinery parts; not containing electrical connectors, insulators, coils, contacts or other electrical features, n.e.c. in this chapter",kg,30415.0,810482.0
X,484,MEX,724,ESP,8487,"Machinery parts; not containing electrical connectors, insulators, coils, contacts or other electrical features, n.e.c. in this chapter",kg,3959.0,71709.0
X,484,MEX,764,THA,8487,"Machinery parts; not containing electrical connectors, insulators, coils, contacts or other electrical features, n.e.c. in this chapter",kg,63.0,1556.0
X,484,MEX,826,GBR,8487,"Machinery parts; not containing electrical connectors, insulators, coils, contacts or other electrical features, n.e.c. in this chapter",kg,13355.079,382848.0
X,484,MEX,842,USA,8487,"Machinery parts; not containing electrical connectors, insulators, coils, contacts or other electrical features, n.e.c. in this chapter",N/A,0.0,213252479.0
X,484,MEX,858,URY,8487,"Machinery parts; not containing electrical connectors, insulators, coils, contacts or other electrical features, n.e.c. in this chapter",kg,20.922,2291.0
X,484,MEX,862,VEN,8487,"Machinery parts; not containing electrical connectors, insulators, coils, contacts or other electrical features, n.e.c. in this chapter",kg,8.0,2015.0
X,484,MEX,0,W00,8501,Electric motors and generators (excluding generating sets),N/A,0.0,3954452261.0
X,484,MEX,32,ARG,8501,Electric motors and generators (excluding generating sets),N/A,0.0,5283616.0
X,484,MEX,36,AUS,8501,Electric motors and generators (excluding generating sets),N/A,0.0,8867843.0
X,484,MEX,40,AUT,8501,Electric motors and generators (excluding generating sets),N/A,0.0,21211.0
X,484,MEX,56,BEL,8501,Electric motors and generators (excluding generating sets),N/A,0.0,34547.0
X,484,MEX,68,BOL,8501,Electric motors and generators (excluding generating sets),N/A,0.0,7964.0
X,484,MEX,76,BRA,8501,Electric motors and generators (excluding generating sets),N/A,0.0,43829330.0
X,484,MEX,84,BLZ,8501,Electric motors and generators (excluding generating sets),N/A,0.0,19901.0
X,484,MEX,124,CAN,8501,Electric motors and generators (excluding generating sets),N/A,0.0,36357394.0
X,484,MEX,152,CHL,8501,Electric motors and generators (excluding generating sets),N/A,0.0,1889327.0
X,484,MEX,156,CHN,8501,Electric motors and generators (excluding generating sets),N/A,0.0,36870838.0
X,484,MEX,170,COL,8501,Electric motors and generators (excluding generating sets),N/A,0.0,1783648.0
X,484,MEX,188,CRI,8501,Electric motors and generators (excluding generating sets),N/A,0.0,687497.0
X,484,MEX,192,CUB,8501,Electric motors and generators (excluding generating sets),N/A,0.0,191167.0
X,484,MEX,203,CZE,8501,Electric motors and generators (excluding generating sets),N/A,0.0,13026184.0
X,484,MEX,208,DNK,8501,Electric motors and generators (excluding generating sets),N/A,0.0,2739616.0
X,484,MEX,214,DOM,8501,Electric motors and generators (excluding generating sets),N/A,0.0,877087.0
X,484,MEX,218,ECU,8501,Electric motors and generators (excluding generating sets),N/A,0.0,225148.0
X,484,MEX,222,SLV,8501,Electric motors and generators (excluding generating sets),N/A,0.0,827135.0
X,484,MEX,251,FRA,8501,Electric motors and generators (excluding generating sets),N/A,0.0,88388281.0
X,484,MEX,276,DEU,8501,Electric motors and generators (excluding generating sets),N/A,0.0,19489423.0
X,484,MEX,320,GTM,8501,Electric motors and generators (excluding generating sets),N/A,0.0,2327939.0
X,484,MEX,332,HTI,8501,Electric motors and generators (excluding generating sets),N/A,0.0,2550.0
X,484,MEX,340,HND,8501,Electric motors and generators (excluding generating sets),N/A,0.0,513407.0
X,484,MEX,344,HKG,8501,Electric motors and generators (excluding generating sets),N/A,0.0,43303.0
X,484,MEX,348,HUN,8501,Electric motors and generators (excluding generating sets),N/A,0.0,315255.0
X,484,MEX,376,ISR,8501,Electric motors and generators (excluding generating sets),N/A,0.0,59427.0
X,484,MEX,380,ITA,8501,Electric motors and generators (excluding generating sets),N/A,0.0,8454662.0
X,484,MEX,388,JAM,8501,Electric motors and generators (excluding generating sets),N/A,0.0,4526.0
X,484,MEX,392,JPN,8501,Electric motors and generators (excluding generating sets),N/A,0.0,5321848.0
X,484,MEX,410,KOR,8501,Electric motors and generators (excluding generating sets),N/A,0.0,6102023.0
X,484,MEX,458,MYS,8501,Electric motors and generators (excluding generating sets),N/A,0.0,48549.0
X,484,MEX,528,NLD,8501,Electric motors and generators (excluding generating sets),N/A,0.0,35159594.0
X,484,MEX,533,ABW,8501,Electric motors and generators (excluding generating sets),N/A,0.0,316.0
X,484,MEX,558,NIC,8501,Electric motors and generators (excluding generating sets),N/A,0.0,657375.0
X,484,MEX,591,PAN,8501,Electric motors and generators (excluding generating sets),N/A,0.0,896733.0
X,484,MEX,600,PRY,8501,Electric motors and generators (excluding generating sets),N/A,0.0,3029.0
X,484,MEX,604,PER,8501,Electric motors and generators (excluding generating sets),N/A,0.0,340930.0
X,484,MEX,616,POL,8501,Electric motors and generators (excluding generating sets),N/A,0.0,295632.0
X,484,MEX,642,ROU,8501,Electric motors and generators (excluding generating sets),N/A,0.0,94647.0
X,484,MEX,682,SAU,8501,Electric motors and generators (excluding generating sets),N/A,0.0,2664404.0
X,484,MEX,699,IND,8501,Electric motors and generators (excluding generating sets),N/A,0.0,443422.0
X,484,MEX,702,SGP,8501,Electric motors and generators (excluding generating sets),N/A,0.0,6392147.0
X,484,MEX,710,ZAF,8501,Electric motors and generators (excluding generating sets),N/A,0.0,415127.0
X,484,MEX,724,ESP,8501,Electric motors and generators (excluding generating sets),N/A,0.0,11011875.0
X,484,MEX,752,SWE,8501,Electric motors and generators (excluding generating sets),N/A,0.0,9536.0
X,484,MEX,757,CHE,8501,Electric motors and generators (excluding generating sets),N/A,0.0,340855.0
X,484,MEX,764,THA,8501,Electric motors and generators (excluding generating sets),N/A,0.0,16922364.0
X,484,MEX,780,TTO,8501,Electric motors and generators (excluding generating sets),N/A,0.0,11708.0
X,484,MEX,784,ARE,8501,Electric motors and generators (excluding generating sets),N/A,0.0,262183.0
X,484,MEX,826,GBR,8501,Electric motors and generators (excluding generating sets),N/A,0.0,467627.0
X,484,MEX,842,USA,8501,Electric motors and generators (excluding generating sets),N/A,0.0,3593422817.0
X,484,MEX,858,URY,8501,Electric motors and generators (excluding generating sets),N/A,0.0,1003.0
X,484,MEX,862,VEN,8501,Electric motors and generators (excluding generating sets),N/A,0.0,28291.0
X,484,MEX,0,W00,8502,Electric generating sets and rotary converters,N/A,0.0,25197586.0
X,484,MEX,84,BLZ,8502,Electric generating sets and rotary converters,N/A,0.0,172515.0
X,484,MEX,170,COL,8502,Electric generating sets and rotary converters,N/A,0.0,1464462.0
X,484,MEX,188,CRI,8502,Electric generating sets and rotary converters,N/A,0.0,63550.0
X,484,MEX,192,CUB,8502,Electric generating sets and rotary converters,N/A,0.0,118555.0
X,484,MEX,214,DOM,8502,Electric generating sets and rotary converters,N/A,0.0,17960.0
X,484,MEX,222,SLV,8502,Electric generating sets and rotary converters,N/A,0.0,222172.0
X,484,MEX,320,GTM,8502,Electric generating sets and rotary converters,N/A,0.0,1772434.0
X,484,MEX,340,HND,8502,Electric generating sets and rotary converters,N/A,0.0,189830.0
X,484,MEX,558,NIC,8502,Electric generating sets and rotary converters,N/A,0.0,1012604.0
X,484,MEX,842,USA,8502,Electric generating sets and rotary converters,N/A,0.0,20163504.0
X,484,MEX,0,W00,8503,Electric motors and generators; parts suitable for use solely or principally with the machines of heading no. 8501 or 8502,N/A,0.0,1027485074.0
X,484,MEX,76,BRA,8503,Electric motors and generators; parts suitable for use solely or principally with the machines of heading no. 8501 or 8502,N/A,0.0,3704652.0
X,484,MEX,124,CAN,8503,Electric motors and generators; parts suitable for use solely or principally with the machines of heading no. 8501 or 8502,N/A,0.0,975098.0
X,484,MEX,156,CHN,8503,Electric motors and generators; parts suitable for use solely or principally with the machines of heading no. 8501 or 8502,N/A,0.0,2613633.0
X,484,MEX,170,COL,8503,Electric motors and generators; parts suitable for use solely or principally with the machines of heading no. 8501 or 8502,N/A,0.0,8990.0
X,484,MEX,188,CRI,8503,Electric motors and generators; parts suitable for use solely or principally with the machines of heading no. 8501 or 8502,N/A,0.0,248438.0
X,484,MEX,203,CZE,8503,Electric motors and generators; parts suitable for use solely or principally with the machines of heading no. 8501 or 8502,N/A,0.0,598089.0
X,484,MEX,214,DOM,8503,Electric motors and generators; parts suitable for use solely or principally with the machines of heading no. 8501 or 8502,N/A,0.0,291929.0
X,484,MEX,222,SLV,8503,Electric motors and generators; parts suitable for use solely or principally with the machines of heading no. 8501 or 8502,N/A,0.0,228901.0
X,484,MEX,276,DEU,8503,Electric motors and generators; parts suitable for use solely or principally with the machines of heading no. 8501 or 8502,N/A,0.0,1416599.0
X,484,MEX,320,GTM,8503,Electric motors and generators; parts suitable for use solely or principally with the machines of heading no. 8501 or 8502,N/A,0.0,23193.0
X,484,MEX,344,HKG,8503,Electric motors and generators; parts suitable for use solely or principally with the machines of heading no. 8501 or 8502,N/A,0.0,61446.0
X,484,MEX,348,HUN,8503,Electric motors and generators; parts suitable for use solely or principally with the machines of heading no. 8501 or 8502,N/A,0.0,162218.0
X,484,MEX,380,ITA,8503,Electric motors and generators; parts suitable for use solely or principally with the machines of heading no. 8501 or 8502,N/A,0.0,551314.0
X,484,MEX,392,JPN,8503,Electric motors and generators; parts suitable for use solely or principally with the machines of heading no. 8501 or 8502,N/A,0.0,1826255.0
X,484,MEX,410,KOR,8503,Electric motors and generators; parts suitable for use solely or principally with the machines of heading no. 8501 or 8502,N/A,0.0,37266.0
X,484,MEX,604,PER,8503,Electric motors and generators; parts suitable for use solely or principally with the machines of heading no. 8501 or 8502,N/A,0.0,5375.0
X,484,MEX,699,IND,8503,Electric motors and generators; parts suitable for use solely or principally with the machines of heading no. 8501 or 8502,N/A,0.0,743576.0
X,484,MEX,724,ESP,8503,Electric motors and generators; parts suitable for use solely or principally with the machines of heading no. 8501 or 8502,N/A,0.0,3333.0
X,484,MEX,842,USA,8503,Electric motors and generators; parts suitable for use solely or principally with the machines of heading no. 8501 or 8502,N/A,0.0,1013984769.0
X,484,MEX,0,W00,8504,"Electric transformers, static converters (e.g. rectifiers) and inductors",N/A,0.0,3612104901.0
X,484,MEX,32,ARG,8504,"Electric transformers, static converters (e.g. rectifiers) and inductors",N/A,0.0,749007.0
X,484,MEX,36,AUS,8504,"Electric transformers, static converters (e.g. rectifiers) and inductors",N/A,0.0,2659617.0
X,484,MEX,40,AUT,8504,"Electric transformers, static converters (e.g. rectifiers) and inductors",N/A,0.0,115848.0
X,484,MEX,52,BRB,8504,"Electric transformers, static converters (e.g. rectifiers) and inductors",u,7.0,1559.0
X,484,MEX,56,BEL,8504,"Electric transformers, static converters (e.g. rectifiers) and inductors",N/A,0.0,217711.0
X,484,MEX,68,BOL,8504,"Electric transformers, static converters (e.g. rectifiers) and inductors",N/A,0.0,37687.0
X,484,MEX,76,BRA,8504,"Electric transformers, static converters (e.g. rectifiers) and inductors",N/A,0.0,4211019.0
X,484,MEX,84,BLZ,8504,"Electric transformers, static converters (e.g. rectifiers) and inductors",N/A,0.0,35115.0
X,484,MEX,124,CAN,8504,"Electric transformers, static converters (e.g. rectifiers) and inductors",N/A,0.0,62113920.0
X,484,MEX,152,CHL,8504,"Electric transformers, static converters (e.g. rectifiers) and inductors",N/A,0.0,494194.0
X,484,MEX,156,CHN,8504,"Electric transformers, static converters (e.g. rectifiers) and inductors",N/A,0.0,15266362.0
X,484,MEX,170,COL,8504,"Electric transformers, static converters (e.g. rectifiers) and inductors",N/A,0.0,2667506.0
X,484,MEX,188,CRI,8504,"Electric transformers, static converters (e.g. rectifiers) and inductors",N/A,0.0,1418967.0
X,484,MEX,192,CUB,8504,"Electric transformers, static converters (e.g. rectifiers) and inductors",N/A,0.0,368413.0
X,484,MEX,203,CZE,8504,"Electric transformers, static converters (e.g. rectifiers) and inductors",N/A,0.0,943311.0
X,484,MEX,208,DNK,8504,"Electric transformers, static converters (e.g. rectifiers) and inductors",u,30.0,3933.0
X,484,MEX,214,DOM,8504,"Electric transformers, static converters (e.g. rectifiers) and inductors",N/A,0.0,1973759.0
X,484,MEX,218,ECU,8504,"Electric transformers, static converters (e.g. rectifiers) and inductors",N/A,0.0,958138.0
X,484,MEX,222,SLV,8504,"Electric transformers, static converters (e.g. rectifiers) and inductors",N/A,0.0,3191348.0
X,484,MEX,246,FIN,8504,"Electric transformers, static converters (e.g. rectifiers) and inductors",N/A,0.0,82370.0
X,484,MEX,251,FRA,8504,"Electric transformers, static converters (e.g. rectifiers) and inductors",N/A,0.0,3676460.0
X,484,MEX,276,DEU,8504,"Electric transformers, static converters (e.g. rectifiers) and inductors",N/A,0.0,5574931.0
X,484,MEX,320,GTM,8504,"Electric transformers, static converters (e.g. rectifiers) and inductors",N/A,0.0,9410291.0
X,484,MEX,332,HTI,8504,"Electric transformers, static converters (e.g. rectifiers) and inductors",N/A,0.0,13320.0
X,484,MEX,340,HND,8504,"Electric transformers, static converters (e.g. rectifiers) and inductors",N/A,0.0,4417770.0
X,484,MEX,344,HKG,8504,"Electric transformers, static converters (e.g. rectifiers) and inductors",N/A,0.0,16638497.0
X,484,MEX,348,HUN,8504,"Electric transformers, static converters (e.g. rectifiers) and inductors",N/A,0.0,3336749.0
X,484,MEX,360,IDN,8504,"Electric transformers, static converters (e.g. rectifiers) and inductors",N/A,0.0,421157.0
X,484,MEX,372,IRL,8504,"Electric transformers, static converters (e.g. rectifiers) and inductors",u,2720.0,128097.0
X,484,MEX,376,ISR,8504,"Electric transformers, static converters (e.g. rectifiers) and inductors",N/A,0.0,618069.0
X,484,MEX,380,ITA,8504,"Electric transformers, static converters (e.g. rectifiers) and inductors",N/A,0.0,1208113.0
X,484,MEX,388,JAM,8504,"Electric transformers, static converters (e.g. rectifiers) and inductors",N/A,0.0,963380.0
X,484,MEX,392,JPN,8504,"Electric transformers, static converters (e.g. rectifiers) and inductors",N/A,0.0,3400260.0
X,484,MEX,410,KOR,8504,"Electric transformers, static converters (e.g. rectifiers) and inductors",N/A,0.0,12756768.0
X,484,MEX,458,MYS,8504,"Electric transformers, static converters (e.g. rectifiers) and inductors",N/A,0.0,5532678.0
X,484,MEX,490,S19,8504,"Electric transformers, static converters (e.g. rectifiers) and inductors",N/A,0.0,2276182.0
X,484,MEX,528,NLD,8504,"Electric transformers, static converters (e.g. rectifiers) and inductors",N/A,0.0,15987463.0
X,484,MEX,554,NZL,8504,"Electric transformers, static converters (e.g. rectifiers) and inductors",N/A,0.0,419350.0
X,484,MEX,558,NIC,8504,"Electric transformers, static converters (e.g. rectifiers) and inductors",N/A,0.0,2620707.0
X,484,MEX,591,PAN,8504,"Electric transformers, static converters (e.g. rectifiers) and inductors",N/A,0.0,2674132.0
X,484,MEX,600,PRY,8504,"Electric transformers, static converters (e.g. rectifiers) and inductors",N/A,0.0,101174.0
X,484,MEX,604,PER,8504,"Electric transformers, static converters (e.g. rectifiers) and inductors",N/A,0.0,1087327.0
X,484,MEX,608,PHL,8504,"Electric transformers, static converters (e.g. rectifiers) and inductors",N/A,0.0,2502031.0
X,484,MEX,616,POL,8504,"Electric transformers, static converters (e.g. rectifiers) and inductors",N/A,0.0,588282.0
X,484,MEX,620,PRT,8504,"Electric transformers, static converters (e.g. rectifiers) and inductors",N/A,0.0,4710.0
X,484,MEX,642,ROU,8504,"Electric transformers, static converters (e.g. rectifiers) and inductors",N/A,0.0,161661.0
X,484,MEX,643,RUS,8504,"Electric transformers, static converters (e.g. rectifiers) and inductors",N/A,0.0,491653.0
X,484,MEX,682,SAU,8504,"Electric transformers, static converters (e.g. rectifiers) and inductors",N/A,0.0,92079.0
X,484,MEX,699,IND,8504,"Electric transformers, static converters (e.g. rectifiers) and inductors",N/A,0.0,5118246.0
X,484,MEX,702,SGP,8504,"Electric transformers, static converters (e.g. rectifiers) and inductors",N/A,0.0,6783016.0
X,484,MEX,703,SVK,8504,"Electric transformers, static converters (e.g. rectifiers) and inductors",N/A,0.0,68697.0
X,484,MEX,704,VNM,8504,"Electric transformers, static converters (e.g. rectifiers) and inductors",N/A,0.0,455038.0
X,484,MEX,710,ZAF,8504,"Electric transformers, static converters (e.g. rectifiers) and inductors",N/A,0.0,724933.0
X,484,MEX,724,ESP,8504,"Electric transformers, static converters (e.g. rectifiers) and inductors",N/A,0.0,2055618.0
X,484,MEX,752,SWE,8504,"Electric transformers, static converters (e.g. rectifiers) and inductors",N/A,0.0,95241.0
X,484,MEX,757,CHE,8504,"Electric transformers, static converters (e.g. rectifiers) and inductors",N/A,0.0,287159.0
X,484,MEX,764,THA,8504,"Electric transformers, static converters (e.g. rectifiers) and inductors",N/A,0.0,3531339.0
X,484,MEX,780,TTO,8504,"Electric transformers, static converters (e.g. rectifiers) and inductors",N/A,0.0,829711.0
X,484,MEX,784,ARE,8504,"Electric transformers, static converters (e.g. rectifiers) and inductors",N/A,0.0,1091771.0
X,484,MEX,792,TUR,8504,"Electric transformers, static converters (e.g. rectifiers) and inductors",N/A,0.0,301790.0
X,484,MEX,818,EGY,8504,"Electric transformers, static converters (e.g. rectifiers) and inductors",N/A,0.0,43562.0
X,484,MEX,826,GBR,8504,"Electric transformers, static converters (e.g. rectifiers) and inductors",N/A,0.0,3759943.0
X,484,MEX,842,USA,8504,"Electric transformers, static converters (e.g. rectifiers) and inductors",N/A,0.0,3392141563.0
X,484,MEX,858,URY,8504,"Electric transformers, static converters (e.g. rectifiers) and inductors",N/A,0.0,128013.0
X,484,MEX,862,VEN,8504,"Electric transformers, static converters (e.g. rectifiers) and inductors",N/A,0.0,76186.0
X,484,MEX,0,W00,8505,"Electro-magnets; permanent magnets, intended permanent magnets; electro-magnetic, permanent magnet chucks, clamps, similar; electromagnetic couplings, clutches, brakes; electro-magnetic lifting heads",N/A,0.0,80049985.0
X,484,MEX,32,ARG,8505,"Electro-magnets; permanent magnets, intended permanent magnets; electro-magnetic, permanent magnet chucks, clamps, similar; electromagnetic couplings, clutches, brakes; electro-magnetic lifting heads",N/A,0.0,7471.0
X,484,MEX,36,AUS,8505,"Electro-magnets; permanent magnets, intended permanent magnets; electro-magnetic, permanent magnet chucks, clamps, similar; electromagnetic couplings, clutches, brakes; electro-magnetic lifting heads",N/A,0.0,1502.0
X,484,MEX,76,BRA,8505,"Electro-magnets; permanent magnets, intended permanent magnets; electro-magnetic, permanent magnet chucks, clamps, similar; electromagnetic couplings, clutches, brakes; electro-magnetic lifting heads",N/A,0.0,422.0
X,484,MEX,84,BLZ,8505,"Electro-magnets; permanent magnets, intended permanent magnets; electro-magnetic, permanent magnet chucks, clamps, similar; electromagnetic couplings, clutches, brakes; electro-magnetic lifting heads",N/A,0.0,11055.0
X,484,MEX,124,CAN,8505,"Electro-magnets; permanent magnets, intended permanent magnets; electro-magnetic, permanent magnet chucks, clamps, similar; electromagnetic couplings, clutches, brakes; electro-magnetic lifting heads",N/A,0.0,56357.0
X,484,MEX,152,CHL,8505,"Electro-magnets; permanent magnets, intended permanent magnets; electro-magnetic, permanent magnet chucks, clamps, similar; electromagnetic couplings, clutches, brakes; electro-magnetic lifting heads",N/A,0.0,32886.0
X,484,MEX,156,CHN,8505,"Electro-magnets; permanent magnets, intended permanent magnets; electro-magnetic, permanent magnet chucks, clamps, similar; electromagnetic couplings, clutches, brakes; electro-magnetic lifting heads",N/A,0.0,348253.0
X,484,MEX,170,COL,8505,"Electro-magnets; permanent magnets, intended permanent magnets; electro-magnetic, permanent magnet chucks, clamps, similar; electromagnetic couplings, clutches, brakes; electro-magnetic lifting heads",N/A,0.0,209619.0
X,484,MEX,188,CRI,8505,"Electro-magnets; permanent magnets, intended permanent magnets; electro-magnetic, permanent magnet chucks, clamps, similar; electromagnetic couplings, clutches, brakes; electro-magnetic lifting heads",N/A,0.0,69508.0
X,484,MEX,192,CUB,8505,"Electro-magnets; permanent magnets, intended permanent magnets; electro-magnetic, permanent magnet chucks, clamps, similar; electromagnetic couplings, clutches, brakes; electro-magnetic lifting heads",N/A,0.0,6543.0
X,484,MEX,214,DOM,8505,"Electro-magnets; permanent magnets, intended permanent magnets; electro-magnetic, permanent magnet chucks, clamps, similar; electromagnetic couplings, clutches, brakes; electro-magnetic lifting heads",N/A,0.0,64670.0
X,484,MEX,218,ECU,8505,"Electro-magnets; permanent magnets, intended permanent magnets; electro-magnetic, permanent magnet chucks, clamps, similar; electromagnetic couplings, clutches, brakes; electro-magnetic lifting heads",N/A,0.0,104565.0
X,484,MEX,222,SLV,8505,"Electro-magnets; permanent magnets, intended permanent magnets; electro-magnetic, permanent magnet chucks, clamps, similar; electromagnetic couplings, clutches, brakes; electro-magnetic lifting heads",N/A,0.0,102342.0
X,484,MEX,276,DEU,8505,"Electro-magnets; permanent magnets, intended permanent magnets; electro-magnetic, permanent magnet chucks, clamps, similar; electromagnetic couplings, clutches, brakes; electro-magnetic lifting heads",N/A,0.0,168350.0
X,484,MEX,320,GTM,8505,"Electro-magnets; permanent magnets, intended permanent magnets; electro-magnetic, permanent magnet chucks, clamps, similar; electromagnetic couplings, clutches, brakes; electro-magnetic lifting heads",N/A,0.0,151873.0
X,484,MEX,340,HND,8505,"Electro-magnets; permanent magnets, intended permanent magnets; electro-magnetic, permanent magnet chucks, clamps, similar; electromagnetic couplings, clutches, brakes; electro-magnetic lifting heads",N/A,0.0,56570.0
X,484,MEX,348,HUN,8505,"Electro-magnets; permanent magnets, intended permanent magnets; electro-magnetic, permanent magnet chucks, clamps, similar; electromagnetic couplings, clutches, brakes; electro-magnetic lifting heads",N/A,0.0,11859.0
X,484,MEX,380,ITA,8505,"Electro-magnets; permanent magnets, intended permanent magnets; electro-magnetic, permanent magnet chucks, clamps, similar; electromagnetic couplings, clutches, brakes; electro-magnetic lifting heads",N/A,0.0,3690.0
X,484,MEX,392,JPN,8505,"Electro-magnets; permanent magnets, intended permanent magnets; electro-magnetic, permanent magnet chucks, clamps, similar; electromagnetic couplings, clutches, brakes; electro-magnetic lifting heads",N/A,0.0,16335.0
X,484,MEX,410,KOR,8505,"Electro-magnets; permanent magnets, intended permanent magnets; electro-magnetic, permanent magnet chucks, clamps, similar; electromagnetic couplings, clutches, brakes; electro-magnetic lifting heads",N/A,0.0,43393.0
X,484,MEX,528,NLD,8505,"Electro-magnets; permanent magnets, intended permanent magnets; electro-magnetic, permanent magnet chucks, clamps, similar; electromagnetic couplings, clutches, brakes; electro-magnetic lifting heads",N/A,0.0,254116.0
X,484,MEX,558,NIC,8505,"Electro-magnets; permanent magnets, intended permanent magnets; electro-magnetic, permanent magnet chucks, clamps, similar; electromagnetic couplings, clutches, brakes; electro-magnetic lifting heads",N/A,0.0,53691.0
X,484,MEX,591,PAN,8505,"Electro-magnets; permanent magnets, intended permanent magnets; electro-magnetic, permanent magnet chucks, clamps, similar; electromagnetic couplings, clutches, brakes; electro-magnetic lifting heads",N/A,0.0,25109.0
X,484,MEX,600,PRY,8505,"Electro-magnets; permanent magnets, intended permanent magnets; electro-magnetic, permanent magnet chucks, clamps, similar; electromagnetic couplings, clutches, brakes; electro-magnetic lifting heads",N/A,0.0,8906.0
X,484,MEX,604,PER,8505,"Electro-magnets; permanent magnets, intended permanent magnets; electro-magnetic, permanent magnet chucks, clamps, similar; electromagnetic couplings, clutches, brakes; electro-magnetic lifting heads",N/A,0.0,145175.0
X,484,MEX,699,IND,8505,"Electro-magnets; permanent magnets, intended permanent magnets; electro-magnetic, permanent magnet chucks, clamps, similar; electromagnetic couplings, clutches, brakes; electro-magnetic lifting heads",N/A,0.0,1107.0
X,484,MEX,724,ESP,8505,"Electro-magnets; permanent magnets, intended permanent magnets; electro-magnetic, permanent magnet chucks, clamps, similar; electromagnetic couplings, clutches, brakes; electro-magnetic lifting heads",N/A,0.0,18762.0
X,484,MEX,826,GBR,8505,"Electro-magnets; permanent magnets, intended permanent magnets; electro-magnetic, permanent magnet chucks, clamps, similar; electromagnetic couplings, clutches, brakes; electro-magnetic lifting heads",N/A,0.0,59865.0
X,484,MEX,842,USA,8505,"Electro-magnets; permanent magnets, intended permanent magnets; electro-magnetic, permanent magnet chucks, clamps, similar; electromagnetic couplings, clutches, brakes; electro-magnetic lifting heads",N/A,0.0,78011629.0
X,484,MEX,862,VEN,8505,"Electro-magnets; permanent magnets, intended permanent magnets; electro-magnetic, permanent magnet chucks, clamps, similar; electromagnetic couplings, clutches, brakes; electro-magnetic lifting heads",N/A,0.0,4362.0
X,484,MEX,0,W00,8506,Cells and batteries; primary,N/A,0.0,37503674.0
X,484,MEX,84,BLZ,8506,Cells and batteries; primary,N/A,0.0,8346.0
X,484,MEX,124,CAN,8506,Cells and batteries; primary,N/A,0.0,33289.0
X,484,MEX,152,CHL,8506,Cells and batteries; primary,N/A,0.0,2008.0
X,484,MEX,156,CHN,8506,Cells and batteries; primary,N/A,0.0,594073.0
X,484,MEX,170,COL,8506,Cells and batteries; primary,N/A,0.0,5169.0
X,484,MEX,188,CRI,8506,Cells and batteries; primary,N/A,0.0,12811.0
X,484,MEX,192,CUB,8506,Cells and batteries; primary,N/A,0.0,41394.0
X,484,MEX,214,DOM,8506,Cells and batteries; primary,N/A,0.0,21419.0
X,484,MEX,222,SLV,8506,Cells and batteries; primary,N/A,0.0,31441.0
X,484,MEX,320,GTM,8506,Cells and batteries; primary,N/A,0.0,125505.0
X,484,MEX,340,HND,8506,Cells and batteries; primary,N/A,0.0,409719.0
X,484,MEX,558,NIC,8506,Cells and batteries; primary,N/A,0.0,28849.0
X,484,MEX,842,USA,8506,Cells and batteries; primary,N/A,0.0,36189231.0
X,484,MEX,862,VEN,8506,Cells and batteries; primary,N/A,0.0,420.0
X,484,MEX,0,W00,8507,"Electric accumulators, including separators therefor; whether or not rectangular (including square)",N/A,0.0,1908042273.0
X,484,MEX,32,ARG,8507,"Electric accumulators, including separators therefor; whether or not rectangular (including square)",N/A,0.0,919.0
X,484,MEX,36,AUS,8507,"Electric accumulators, including separators therefor; whether or not rectangular (including square)",N/A,0.0,4762764.0
X,484,MEX,56,BEL,8507,"Electric accumulators, including separators therefor; whether or not rectangular (including square)",N/A,0.0,158406.0
X,484,MEX,76,BRA,8507,"Electric accumulators, including separators therefor; whether or not rectangular (including square)",N/A,0.0,821995.0
X,484,MEX,84,BLZ,8507,"Electric accumulators, including separators therefor; whether or not rectangular (including square)",N/A,0.0,331196.0
X,484,MEX,124,CAN,8507,"Electric accumulators, including separators therefor; whether or not rectangular (including square)",N/A,0.0,23395177.0
X,484,MEX,152,CHL,8507,"Electric accumulators, including separators therefor; whether or not rectangular (including square)",N/A,0.0,92778.0
X,484,MEX,156,CHN,8507,"Electric accumulators, including separators therefor; whether or not rectangular (including square)",N/A,0.0,1947741.0
X,484,MEX,170,COL,8507,"Electric accumulators, including separators therefor; whether or not rectangular (including square)",N/A,0.0,5173288.0
X,484,MEX,188,CRI,8507,"Electric accumulators, including separators therefor; whether or not rectangular (including square)",N/A,0.0,14977147.0
X,484,MEX,192,CUB,8507,"Electric accumulators, including separators therefor; whether or not rectangular (including square)",N/A,0.0,86962.0
X,484,MEX,214,DOM,8507,"Electric accumulators, including separators therefor; whether or not rectangular (including square)",N/A,0.0,11215101.0
X,484,MEX,218,ECU,8507,"Electric accumulators, including separators therefor; whether or not rectangular (including square)",N/A,0.0,21464.0
X,484,MEX,222,SLV,8507,"Electric accumulators, including separators therefor; whether or not rectangular (including square)",N/A,0.0,13526301.0
X,484,MEX,251,FRA,8507,"Electric accumulators, including separators therefor; whether or not rectangular (including square)",N/A,0.0,16523285.0
X,484,MEX,276,DEU,8507,"Electric accumulators, including separators therefor; whether or not rectangular (including square)",N/A,0.0,3276623.0
X,484,MEX,320,GTM,8507,"Electric accumulators, including separators therefor; whether or not rectangular (including square)",N/A,0.0,33339136.0
X,484,MEX,340,HND,8507,"Electric accumulators, including separators therefor; whether or not rectangular (including square)",N/A,0.0,21575996.0
X,484,MEX,344,HKG,8507,"Electric accumulators, including separators therefor; whether or not rectangular (including square)",N/A,0.0,2013514.0
X,484,MEX,388,JAM,8507,"Electric accumulators, including separators therefor; whether or not rectangular (including square)",N/A,0.0,138454.0
X,484,MEX,392,JPN,8507,"Electric accumulators, including separators therefor; whether or not rectangular (including square)",N/A,0.0,684819.0
X,484,MEX,410,KOR,8507,"Electric accumulators, including separators therefor; whether or not rectangular (including square)",N/A,0.0,47902.0
X,484,MEX,528,NLD,8507,"Electric accumulators, including separators therefor; whether or not rectangular (including square)",N/A,0.0,8232643.0
X,484,MEX,558,NIC,8507,"Electric accumulators, including separators therefor; whether or not rectangular (including square)",N/A,0.0,9969270.0
X,484,MEX,591,PAN,8507,"Electric accumulators, including separators therefor; whether or not rectangular (including square)",N/A,0.0,5328129.0
X,484,MEX,604,PER,8507,"Electric accumulators, including separators therefor; whether or not rectangular (including square)",N/A,0.0,60388.0
X,484,MEX,702,SGP,8507,"Electric accumulators, including separators therefor; whether or not rectangular (including square)",N/A,0.0,775330.0
X,484,MEX,724,ESP,8507,"Electric accumulators, including separators therefor; whether or not rectangular (including square)",N/A,0.0,979668.0
X,484,MEX,752,SWE,8507,"Electric accumulators, including separators therefor; whether or not rectangular (including square)",N/A,0.0,355316.0
X,484,MEX,784,ARE,8507,"Electric accumulators, including separators therefor; whether or not rectangular (including square)",N/A,0.0,236326.0
X,484,MEX,842,USA,8507,"Electric accumulators, including separators therefor; whether or not rectangular (including square)",N/A,0.0,1727884369.0
X,484,MEX,858,URY,8507,"Electric accumulators, including separators therefor; whether or not rectangular (including square)",N/A,0.0,108427.0
X,484,MEX,862,VEN,8507,"Electric accumulators, including separators therefor; whether or not rectangular (including square)",N/A,0.0,1439.0
X,484,MEX,0,W00,8508,Vacuum cleaners,N/A,0.0,241035620.0
X,484,MEX,170,COL,8508,Vacuum cleaners,N/A,0.0,46007.0
X,484,MEX,192,CUB,8508,Vacuum cleaners,N/A,0.0,6294.0
X,484,MEX,218,ECU,8508,Vacuum cleaners,N/A,0.0,4144.0
X,484,MEX,222,SLV,8508,Vacuum cleaners,N/A,0.0,70479.0
X,484,MEX,320,GTM,8508,Vacuum cleaners,N/A,0.0,67314.0
X,484,MEX,340,HND,8508,Vacuum cleaners,N/A,0.0,69773.0
X,484,MEX,558,NIC,8508,Vacuum cleaners,u,22.0,1457.0
X,484,MEX,591,PAN,8508,Vacuum cleaners,N/A,0.0,17944.0
X,484,MEX,842,USA,8508,Vacuum cleaners,N/A,0.0,240752208.0
X,484,MEX,0,W00,8509,"Electro-mechanical domestic appliances; with self-contained electric motor, other than vacuum cleaners of heading 85.08.",N/A,0.0,202035218.0
X,484,MEX,84,BLZ,8509,"Electro-mechanical domestic appliances; with self-contained electric motor, other than vacuum cleaners of heading 85.08.",N/A,0.0,3666.0
X,484,MEX,152,CHL,8509,"Electro-mechanical domestic appliances; with self-contained electric motor, other than vacuum cleaners of heading 85.08.",N/A,0.0,1641093.0
X,484,MEX,156,CHN,8509,"Electro-mechanical domestic appliances; with self-contained electric motor, other than vacuum cleaners of heading 85.08.",N/A,0.0,101663.0
X,484,MEX,170,COL,8509,"Electro-mechanical domestic appliances; with self-contained electric motor, other than vacuum cleaners of heading 85.08.",N/A,0.0,8639947.0
X,484,MEX,188,CRI,8509,"Electro-mechanical domestic appliances; with self-contained electric motor, other than vacuum cleaners of heading 85.08.",N/A,0.0,442667.0
X,484,MEX,192,CUB,8509,"Electro-mechanical domestic appliances; with self-contained electric motor, other than vacuum cleaners of heading 85.08.",N/A,0.0,499372.0
X,484,MEX,214,DOM,8509,"Electro-mechanical domestic appliances; with self-contained electric motor, other than vacuum cleaners of heading 85.08.",N/A,0.0,102367.0
X,484,MEX,218,ECU,8509,"Electro-mechanical domestic appliances; with self-contained electric motor, other than vacuum cleaners of heading 85.08.",N/A,0.0,1124720.0
X,484,MEX,222,SLV,8509,"Electro-mechanical domestic appliances; with self-contained electric motor, other than vacuum cleaners of heading 85.08.",N/A,0.0,4061360.0
X,484,MEX,320,GTM,8509,"Electro-mechanical domestic appliances; with self-contained electric motor, other than vacuum cleaners of heading 85.08.",N/A,0.0,4901489.0
X,484,MEX,340,HND,8509,"Electro-mechanical domestic appliances; with self-contained electric motor, other than vacuum cleaners of heading 85.08.",N/A,0.0,1581208.0
X,484,MEX,558,NIC,8509,"Electro-mechanical domestic appliances; with self-contained electric motor, other than vacuum cleaners of heading 85.08.",N/A,0.0,101099.0
X,484,MEX,591,PAN,8509,"Electro-mechanical domestic appliances; with self-contained electric motor, other than vacuum cleaners of heading 85.08.",N/A,0.0,1132136.0
X,484,MEX,604,PER,8509,"Electro-mechanical domestic appliances; with self-contained electric motor, other than vacuum cleaners of heading 85.08.",N/A,0.0,2386092.0
X,484,MEX,842,USA,8509,"Electro-mechanical domestic appliances; with self-contained electric motor, other than vacuum cleaners of heading 85.08.",N/A,0.0,175281540.0
X,484,MEX,862,VEN,8509,"Electro-mechanical domestic appliances; with self-contained electric motor, other than vacuum cleaners of heading 85.08.",N/A,0.0,34799.0
X,484,MEX,0,W00,8510,"Shavers, hair clippers and hair removing appliances, with self-contained electric motor",N/A,0.0,42488264.0
X,484,MEX,192,CUB,8510,"Shavers, hair clippers and hair removing appliances, with self-contained electric motor",N/A,0.0,787.0
X,484,MEX,222,SLV,8510,"Shavers, hair clippers and hair removing appliances, with self-contained electric motor",N/A,0.0,7411.0
X,484,MEX,320,GTM,8510,"Shavers, hair clippers and hair removing appliances, with self-contained electric motor",N/A,0.0,312354.0
X,484,MEX,842,USA,8510,"Shavers, hair clippers and hair removing appliances, with self-contained electric motor",N/A,0.0,42167712.0
X,484,MEX,0,W00,8511,Ignition or starting equipment; used for spark-ignition or compression-ignition internal combustion engines; generators and cut outs used in conjunction with such engines,N/A,0.0,1678413633.0
X,484,MEX,32,ARG,8511,Ignition or starting equipment; used for spark-ignition or compression-ignition internal combustion engines; generators and cut outs used in conjunction with such engines,N/A,0.0,535863.0
X,484,MEX,36,AUS,8511,Ignition or starting equipment; used for spark-ignition or compression-ignition internal combustion engines; generators and cut outs used in conjunction with such engines,N/A,0.0,6381.0
X,484,MEX,56,BEL,8511,Ignition or starting equipment; used for spark-ignition or compression-ignition internal combustion engines; generators and cut outs used in conjunction with such engines,N/A,0.0,2373580.0
X,484,MEX,68,BOL,8511,Ignition or starting equipment; used for spark-ignition or compression-ignition internal combustion engines; generators and cut outs used in conjunction with such engines,N/A,0.0,7019.0
X,484,MEX,76,BRA,8511,Ignition or starting equipment; used for spark-ignition or compression-ignition internal combustion engines; generators and cut outs used in conjunction with such engines,N/A,0.0,6204389.0
X,484,MEX,84,BLZ,8511,Ignition or starting equipment; used for spark-ignition or compression-ignition internal combustion engines; generators and cut outs used in conjunction with such engines,N/A,0.0,89006.0
X,484,MEX,124,CAN,8511,Ignition or starting equipment; used for spark-ignition or compression-ignition internal combustion engines; generators and cut outs used in conjunction with such engines,N/A,0.0,42715522.0
X,484,MEX,152,CHL,8511,Ignition or starting equipment; used for spark-ignition or compression-ignition internal combustion engines; generators and cut outs used in conjunction with such engines,N/A,0.0,582651.0
X,484,MEX,156,CHN,8511,Ignition or starting equipment; used for spark-ignition or compression-ignition internal combustion engines; generators and cut outs used in conjunction with such engines,N/A,0.0,17969792.0
X,484,MEX,170,COL,8511,Ignition or starting equipment; used for spark-ignition or compression-ignition internal combustion engines; generators and cut outs used in conjunction with such engines,N/A,0.0,305231.0
X,484,MEX,188,CRI,8511,Ignition or starting equipment; used for spark-ignition or compression-ignition internal combustion engines; generators and cut outs used in conjunction with such engines,N/A,0.0,2048093.0
X,484,MEX,192,CUB,8511,Ignition or starting equipment; used for spark-ignition or compression-ignition internal combustion engines; generators and cut outs used in conjunction with such engines,N/A,0.0,84127.0
X,484,MEX,214,DOM,8511,Ignition or starting equipment; used for spark-ignition or compression-ignition internal combustion engines; generators and cut outs used in conjunction with such engines,N/A,0.0,26113.0
X,484,MEX,218,ECU,8511,Ignition or starting equipment; used for spark-ignition or compression-ignition internal combustion engines; generators and cut outs used in conjunction with such engines,N/A,0.0,48513.0
X,484,MEX,222,SLV,8511,Ignition or starting equipment; used for spark-ignition or compression-ignition internal combustion engines; generators and cut outs used in conjunction with such engines,N/A,0.0,3754090.0
X,484,MEX,251,FRA,8511,Ignition or starting equipment; used for spark-ignition or compression-ignition internal combustion engines; generators and cut outs used in conjunction with such engines,N/A,0.0,1702666.0
X,484,MEX,276,DEU,8511,Ignition or starting equipment; used for spark-ignition or compression-ignition internal combustion engines; generators and cut outs used in conjunction with such engines,N/A,0.0,7802672.0
X,484,MEX,320,GTM,8511,Ignition or starting equipment; used for spark-ignition or compression-ignition internal combustion engines; generators and cut outs used in conjunction with such engines,N/A,0.0,6218915.0
X,484,MEX,340,HND,8511,Ignition or starting equipment; used for spark-ignition or compression-ignition internal combustion engines; generators and cut outs used in conjunction with such engines,N/A,0.0,1078216.0
X,484,MEX,380,ITA,8511,Ignition or starting equipment; used for spark-ignition or compression-ignition internal combustion engines; generators and cut outs used in conjunction with such engines,N/A,0.0,3051217.0
X,484,MEX,392,JPN,8511,Ignition or starting equipment; used for spark-ignition or compression-ignition internal combustion engines; generators and cut outs used in conjunction with such engines,N/A,0.0,9409664.0
X,484,MEX,410,KOR,8511,Ignition or starting equipment; used for spark-ignition or compression-ignition internal combustion engines; generators and cut outs used in conjunction with such engines,N/A,0.0,599406.0
X,484,MEX,490,S19,8511,Ignition or starting equipment; used for spark-ignition or compression-ignition internal combustion engines; generators and cut outs used in conjunction with such engines,N/A,0.0,119572.0
X,484,MEX,528,NLD,8511,Ignition or starting equipment; used for spark-ignition or compression-ignition internal combustion engines; generators and cut outs used in conjunction with such engines,N/A,0.0,6697.0
X,484,MEX,558,NIC,8511,Ignition or starting equipment; used for spark-ignition or compression-ignition internal combustion engines; generators and cut outs used in conjunction with such engines,N/A,0.0,308897.0
X,484,MEX,591,PAN,8511,Ignition or starting equipment; used for spark-ignition or compression-ignition internal combustion engines; generators and cut outs used in conjunction with such engines,N/A,0.0,2567045.0
X,484,MEX,604,PER,8511,Ignition or starting equipment; used for spark-ignition or compression-ignition internal combustion engines; generators and cut outs used in conjunction with such engines,N/A,0.0,16823.0
X,484,MEX,699,IND,8511,Ignition or starting equipment; used for spark-ignition or compression-ignition internal combustion engines; generators and cut outs used in conjunction with such engines,N/A,0.0,2066520.0
X,484,MEX,702,SGP,8511,Ignition or starting equipment; used for spark-ignition or compression-ignition internal combustion engines; generators and cut outs used in conjunction with such engines,N/A,0.0,38107.0
X,484,MEX,724,ESP,8511,Ignition or starting equipment; used for spark-ignition or compression-ignition internal combustion engines; generators and cut outs used in conjunction with such engines,N/A,0.0,5308657.0
X,484,MEX,842,USA,8511,Ignition or starting equipment; used for spark-ignition or compression-ignition internal combustion engines; generators and cut outs used in conjunction with such engines,N/A,0.0,1561337891.0
X,484,MEX,858,URY,8511,Ignition or starting equipment; used for spark-ignition or compression-ignition internal combustion engines; generators and cut outs used in conjunction with such engines,N/A,0.0,30298.0
X,484,MEX,0,W00,8512,"Lighting or visual signalling equipment (excluding articles of heading no. 8539), windscreen wipers, defrosters and demisters; electrical, of a kind used for cycles or motor vehicles",N/A,0.0,3219673367.0
X,484,MEX,32,ARG,8512,"Lighting or visual signalling equipment (excluding articles of heading no. 8539), windscreen wipers, defrosters and demisters; electrical, of a kind used for cycles or motor vehicles",N/A,0.0,3950613.0
X,484,MEX,36,AUS,8512,"Lighting or visual signalling equipment (excluding articles of heading no. 8539), windscreen wipers, defrosters and demisters; electrical, of a kind used for cycles or motor vehicles",N/A,0.0,172152.0
X,484,MEX,40,AUT,8512,"Lighting or visual signalling equipment (excluding articles of heading no. 8539), windscreen wipers, defrosters and demisters; electrical, of a kind used for cycles or motor vehicles",N/A,0.0,9393.0
X,484,MEX,44,BHS,8512,"Lighting or visual signalling equipment (excluding articles of heading no. 8539), windscreen wipers, defrosters and demisters; electrical, of a kind used for cycles or motor vehicles",N/A,0.0,718.0
X,484,MEX,56,BEL,8512,"Lighting or visual signalling equipment (excluding articles of heading no. 8539), windscreen wipers, defrosters and demisters; electrical, of a kind used for cycles or motor vehicles",N/A,0.0,922640.0
X,484,MEX,76,BRA,8512,"Lighting or visual signalling equipment (excluding articles of heading no. 8539), windscreen wipers, defrosters and demisters; electrical, of a kind used for cycles or motor vehicles",N/A,0.0,81451684.0
X,484,MEX,124,CAN,8512,"Lighting or visual signalling equipment (excluding articles of heading no. 8539), windscreen wipers, defrosters and demisters; electrical, of a kind used for cycles or motor vehicles",N/A,0.0,70980623.0
X,484,MEX,152,CHL,8512,"Lighting or visual signalling equipment (excluding articles of heading no. 8539), windscreen wipers, defrosters and demisters; electrical, of a kind used for cycles or motor vehicles",N/A,0.0,1516629.0
X,484,MEX,156,CHN,8512,"Lighting or visual signalling equipment (excluding articles of heading no. 8539), windscreen wipers, defrosters and demisters; electrical, of a kind used for cycles or motor vehicles",N/A,0.0,88091299.0
X,484,MEX,170,COL,8512,"Lighting or visual signalling equipment (excluding articles of heading no. 8539), windscreen wipers, defrosters and demisters; electrical, of a kind used for cycles or motor vehicles",N/A,0.0,2825750.0
X,484,MEX,188,CRI,8512,"Lighting or visual signalling equipment (excluding articles of heading no. 8539), windscreen wipers, defrosters and demisters; electrical, of a kind used for cycles or motor vehicles",N/A,0.0,506496.0
X,484,MEX,192,CUB,8512,"Lighting or visual signalling equipment (excluding articles of heading no. 8539), windscreen wipers, defrosters and demisters; electrical, of a kind used for cycles or motor vehicles",N/A,0.0,29865.0
X,484,MEX,203,CZE,8512,"Lighting or visual signalling equipment (excluding articles of heading no. 8539), windscreen wipers, defrosters and demisters; electrical, of a kind used for cycles or motor vehicles",N/A,0.0,585337.0
X,484,MEX,214,DOM,8512,"Lighting or visual signalling equipment (excluding articles of heading no. 8539), windscreen wipers, defrosters and demisters; electrical, of a kind used for cycles or motor vehicles",N/A,0.0,293549.0
X,484,MEX,218,ECU,8512,"Lighting or visual signalling equipment (excluding articles of heading no. 8539), windscreen wipers, defrosters and demisters; electrical, of a kind used for cycles or motor vehicles",N/A,0.0,101584.0
X,484,MEX,222,SLV,8512,"Lighting or visual signalling equipment (excluding articles of heading no. 8539), windscreen wipers, defrosters and demisters; electrical, of a kind used for cycles or motor vehicles",N/A,0.0,481234.0
X,484,MEX,246,FIN,8512,"Lighting or visual signalling equipment (excluding articles of heading no. 8539), windscreen wipers, defrosters and demisters; electrical, of a kind used for cycles or motor vehicles",N/A,0.0,61814.0
X,484,MEX,251,FRA,8512,"Lighting or visual signalling equipment (excluding articles of heading no. 8539), windscreen wipers, defrosters and demisters; electrical, of a kind used for cycles or motor vehicles",N/A,0.0,121764.0
X,484,MEX,276,DEU,8512,"Lighting or visual signalling equipment (excluding articles of heading no. 8539), windscreen wipers, defrosters and demisters; electrical, of a kind used for cycles or motor vehicles",N/A,0.0,28644914.0
X,484,MEX,320,GTM,8512,"Lighting or visual signalling equipment (excluding articles of heading no. 8539), windscreen wipers, defrosters and demisters; electrical, of a kind used for cycles or motor vehicles",N/A,0.0,1088498.0
X,484,MEX,340,HND,8512,"Lighting or visual signalling equipment (excluding articles of heading no. 8539), windscreen wipers, defrosters and demisters; electrical, of a kind used for cycles or motor vehicles",N/A,0.0,482574.0
X,484,MEX,348,HUN,8512,"Lighting or visual signalling equipment (excluding articles of heading no. 8539), windscreen wipers, defrosters and demisters; electrical, of a kind used for cycles or motor vehicles",N/A,0.0,43244.0
X,484,MEX,380,ITA,8512,"Lighting or visual signalling equipment (excluding articles of heading no. 8539), windscreen wipers, defrosters and demisters; electrical, of a kind used for cycles or motor vehicles",N/A,0.0,1176180.0
X,484,MEX,392,JPN,8512,"Lighting or visual signalling equipment (excluding articles of heading no. 8539), windscreen wipers, defrosters and demisters; electrical, of a kind used for cycles or motor vehicles",N/A,0.0,18949033.0
X,484,MEX,410,KOR,8512,"Lighting or visual signalling equipment (excluding articles of heading no. 8539), windscreen wipers, defrosters and demisters; electrical, of a kind used for cycles or motor vehicles",N/A,0.0,152839.0
X,484,MEX,490,S19,8512,"Lighting or visual signalling equipment (excluding articles of heading no. 8539), windscreen wipers, defrosters and demisters; electrical, of a kind used for cycles or motor vehicles",N/A,0.0,15831.0
X,484,MEX,528,NLD,8512,"Lighting or visual signalling equipment (excluding articles of heading no. 8539), windscreen wipers, defrosters and demisters; electrical, of a kind used for cycles or motor vehicles",N/A,0.0,2872438.0
X,484,MEX,558,NIC,8512,"Lighting or visual signalling equipment (excluding articles of heading no. 8539), windscreen wipers, defrosters and demisters; electrical, of a kind used for cycles or motor vehicles",N/A,0.0,206549.0
X,484,MEX,591,PAN,8512,"Lighting or visual signalling equipment (excluding articles of heading no. 8539), windscreen wipers, defrosters and demisters; electrical, of a kind used for cycles or motor vehicles",N/A,0.0,229292.0
X,484,MEX,600,PRY,8512,"Lighting or visual signalling equipment (excluding articles of heading no. 8539), windscreen wipers, defrosters and demisters; electrical, of a kind used for cycles or motor vehicles",N/A,0.0,50371.0
X,484,MEX,604,PER,8512,"Lighting or visual signalling equipment (excluding articles of heading no. 8539), windscreen wipers, defrosters and demisters; electrical, of a kind used for cycles or motor vehicles",N/A,0.0,114912.0
X,484,MEX,699,IND,8512,"Lighting or visual signalling equipment (excluding articles of heading no. 8539), windscreen wipers, defrosters and demisters; electrical, of a kind used for cycles or motor vehicles",N/A,0.0,31345.0
X,484,MEX,703,SVK,8512,"Lighting or visual signalling equipment (excluding articles of heading no. 8539), windscreen wipers, defrosters and demisters; electrical, of a kind used for cycles or motor vehicles",N/A,0.0,11735.0
X,484,MEX,724,ESP,8512,"Lighting or visual signalling equipment (excluding articles of heading no. 8539), windscreen wipers, defrosters and demisters; electrical, of a kind used for cycles or motor vehicles",N/A,0.0,322888.0
X,484,MEX,826,GBR,8512,"Lighting or visual signalling equipment (excluding articles of heading no. 8539), windscreen wipers, defrosters and demisters; electrical, of a kind used for cycles or motor vehicles",N/A,0.0,24810.0
X,484,MEX,842,USA,8512,"Lighting or visual signalling equipment (excluding articles of heading no. 8539), windscreen wipers, defrosters and demisters; electrical, of a kind used for cycles or motor vehicles",N/A,0.0,2913142312.0
X,484,MEX,858,URY,8512,"Lighting or visual signalling equipment (excluding articles of heading no. 8539), windscreen wipers, defrosters and demisters; electrical, of a kind used for cycles or motor vehicles",N/A,0.0,10458.0
X,484,MEX,0,W00,8513,"Lamps; portable, electric, designed to function by their own source of energy (e.g. dry batteries, accumulators, magnetos), excluding lighting equipment of heading no. 8512",N/A,0.0,7117040.0
X,484,MEX,84,BLZ,8513,"Lamps; portable, electric, designed to function by their own source of energy (e.g. dry batteries, accumulators, magnetos), excluding lighting equipment of heading no. 8512",N/A,0.0,5224.0
X,484,MEX,152,CHL,8513,"Lamps; portable, electric, designed to function by their own source of energy (e.g. dry batteries, accumulators, magnetos), excluding lighting equipment of heading no. 8512",N/A,0.0,5982.0
X,484,MEX,170,COL,8513,"Lamps; portable, electric, designed to function by their own source of energy (e.g. dry batteries, accumulators, magnetos), excluding lighting equipment of heading no. 8512",N/A,0.0,130723.0
X,484,MEX,188,CRI,8513,"Lamps; portable, electric, designed to function by their own source of energy (e.g. dry batteries, accumulators, magnetos), excluding lighting equipment of heading no. 8512",N/A,0.0,341721.0
X,484,MEX,192,CUB,8513,"Lamps; portable, electric, designed to function by their own source of energy (e.g. dry batteries, accumulators, magnetos), excluding lighting equipment of heading no. 8512",N/A,0.0,2231.0
X,484,MEX,214,DOM,8513,"Lamps; portable, electric, designed to function by their own source of energy (e.g. dry batteries, accumulators, magnetos), excluding lighting equipment of heading no. 8512",N/A,0.0,33754.0
X,484,MEX,218,ECU,8513,"Lamps; portable, electric, designed to function by their own source of energy (e.g. dry batteries, accumulators, magnetos), excluding lighting equipment of heading no. 8512",N/A,0.0,90126.0
X,484,MEX,222,SLV,8513,"Lamps; portable, electric, designed to function by their own source of energy (e.g. dry batteries, accumulators, magnetos), excluding lighting equipment of heading no. 8512",N/A,0.0,329219.0
X,484,MEX,320,GTM,8513,"Lamps; portable, electric, designed to function by their own source of energy (e.g. dry batteries, accumulators, magnetos), excluding lighting equipment of heading no. 8512",N/A,0.0,528104.0
X,484,MEX,340,HND,8513,"Lamps; portable, electric, designed to function by their own source of energy (e.g. dry batteries, accumulators, magnetos), excluding lighting equipment of heading no. 8512",N/A,0.0,228806.0
X,484,MEX,558,NIC,8513,"Lamps; portable, electric, designed to function by their own source of energy (e.g. dry batteries, accumulators, magnetos), excluding lighting equipment of heading no. 8512",N/A,0.0,83275.0
X,484,MEX,591,PAN,8513,"Lamps; portable, electric, designed to function by their own source of energy (e.g. dry batteries, accumulators, magnetos), excluding lighting equipment of heading no. 8512",N/A,0.0,67286.0
X,484,MEX,604,PER,8513,"Lamps; portable, electric, designed to function by their own source of energy (e.g. dry batteries, accumulators, magnetos), excluding lighting equipment of heading no. 8512",N/A,0.0,25361.0
X,484,MEX,842,USA,8513,"Lamps; portable, electric, designed to function by their own source of energy (e.g. dry batteries, accumulators, magnetos), excluding lighting equipment of heading no. 8512",N/A,0.0,5240433.0
X,484,MEX,862,VEN,8513,"Lamps; portable, electric, designed to function by their own source of energy (e.g. dry batteries, accumulators, magnetos), excluding lighting equipment of heading no. 8512",N/A,0.0,4795.0
X,484,MEX,0,W00,8514,Industrial or laboratory electric furnaces and ovens (including those functioning by induction or dielectric loss); other industrial or laboratory equipment for the heat treatment of materials by induction or dielectric loss,N/A,0.0,33917002.0
X,484,MEX,320,GTM,8514,Industrial or laboratory electric furnaces and ovens (including those functioning by induction or dielectric loss); other industrial or laboratory equipment for the heat treatment of materials by induction or dielectric loss,N/A,0.0,438520.0
X,484,MEX,392,JPN,8514,Industrial or laboratory electric furnaces and ovens (including those functioning by induction or dielectric loss); other industrial or laboratory equipment for the heat treatment of materials by induction or dielectric loss,kg,2149.0,55912.0
X,484,MEX,842,USA,8514,Industrial or laboratory electric furnaces and ovens (including those functioning by induction or dielectric loss); other industrial or laboratory equipment for the heat treatment of materials by induction or dielectric loss,N/A,0.0,33422570.0
X,484,MEX,0,W00,8515,"Electric (electrically heated gas) soldering, brazing, welding machines and apparatus, capable or not of cutting, electric machines and apparatus for hot spraying of metals or sintered carbides",N/A,0.0,177893434.0
X,484,MEX,32,ARG,8515,"Electric (electrically heated gas) soldering, brazing, welding machines and apparatus, capable or not of cutting, electric machines and apparatus for hot spraying of metals or sintered carbides",N/A,0.0,24324.0
X,484,MEX,52,BRB,8515,"Electric (electrically heated gas) soldering, brazing, welding machines and apparatus, capable or not of cutting, electric machines and apparatus for hot spraying of metals or sintered carbides",N/A,0.0,6217.0
X,484,MEX,68,BOL,8515,"Electric (electrically heated gas) soldering, brazing, welding machines and apparatus, capable or not of cutting, electric machines and apparatus for hot spraying of metals or sintered carbides",N/A,0.0,86122.0
X,484,MEX,76,BRA,8515,"Electric (electrically heated gas) soldering, brazing, welding machines and apparatus, capable or not of cutting, electric machines and apparatus for hot spraying of metals or sintered carbides",N/A,0.0,411046.0
X,484,MEX,84,BLZ,8515,"Electric (electrically heated gas) soldering, brazing, welding machines and apparatus, capable or not of cutting, electric machines and apparatus for hot spraying of metals or sintered carbides",N/A,0.0,74871.0
X,484,MEX,124,CAN,8515,"Electric (electrically heated gas) soldering, brazing, welding machines and apparatus, capable or not of cutting, electric machines and apparatus for hot spraying of metals or sintered carbides",N/A,0.0,7118035.0
X,484,MEX,152,CHL,8515,"Electric (electrically heated gas) soldering, brazing, welding machines and apparatus, capable or not of cutting, electric machines and apparatus for hot spraying of metals or sintered carbides",N/A,0.0,163905.0
X,484,MEX,156,CHN,8515,"Electric (electrically heated gas) soldering, brazing, welding machines and apparatus, capable or not of cutting, electric machines and apparatus for hot spraying of metals or sintered carbides",N/A,0.0,592474.0
X,484,MEX,170,COL,8515,"Electric (electrically heated gas) soldering, brazing, welding machines and apparatus, capable or not of cutting, electric machines and apparatus for hot spraying of metals or sintered carbides",N/A,0.0,792533.0
X,484,MEX,188,CRI,8515,"Electric (electrically heated gas) soldering, brazing, welding machines and apparatus, capable or not of cutting, electric machines and apparatus for hot spraying of metals or sintered carbides",N/A,0.0,508348.0
X,484,MEX,192,CUB,8515,"Electric (electrically heated gas) soldering, brazing, welding machines and apparatus, capable or not of cutting, electric machines and apparatus for hot spraying of metals or sintered carbides",N/A,0.0,175146.0
X,484,MEX,214,DOM,8515,"Electric (electrically heated gas) soldering, brazing, welding machines and apparatus, capable or not of cutting, electric machines and apparatus for hot spraying of metals or sintered carbides",N/A,0.0,416765.0
X,484,MEX,218,ECU,8515,"Electric (electrically heated gas) soldering, brazing, welding machines and apparatus, capable or not of cutting, electric machines and apparatus for hot spraying of metals or sintered carbides",N/A,0.0,277207.0
X,484,MEX,222,SLV,8515,"Electric (electrically heated gas) soldering, brazing, welding machines and apparatus, capable or not of cutting, electric machines and apparatus for hot spraying of metals or sintered carbides",N/A,0.0,1075204.0
X,484,MEX,276,DEU,8515,"Electric (electrically heated gas) soldering, brazing, welding machines and apparatus, capable or not of cutting, electric machines and apparatus for hot spraying of metals or sintered carbides",N/A,0.0,521908.0
X,484,MEX,320,GTM,8515,"Electric (electrically heated gas) soldering, brazing, welding machines and apparatus, capable or not of cutting, electric machines and apparatus for hot spraying of metals or sintered carbides",N/A,0.0,1748872.0
X,484,MEX,340,HND,8515,"Electric (electrically heated gas) soldering, brazing, welding machines and apparatus, capable or not of cutting, electric machines and apparatus for hot spraying of metals or sintered carbides",N/A,0.0,713284.0
X,484,MEX,388,JAM,8515,"Electric (electrically heated gas) soldering, brazing, welding machines and apparatus, capable or not of cutting, electric machines and apparatus for hot spraying of metals or sintered carbides",N/A,0.0,19842.0
X,484,MEX,392,JPN,8515,"Electric (electrically heated gas) soldering, brazing, welding machines and apparatus, capable or not of cutting, electric machines and apparatus for hot spraying of metals or sintered carbides",N/A,0.0,986953.0
X,484,MEX,558,NIC,8515,"Electric (electrically heated gas) soldering, brazing, welding machines and apparatus, capable or not of cutting, electric machines and apparatus for hot spraying of metals or sintered carbides",N/A,0.0,1814620.0
X,484,MEX,591,PAN,8515,"Electric (electrically heated gas) soldering, brazing, welding machines and apparatus, capable or not of cutting, electric machines and apparatus for hot spraying of metals or sintered carbides",N/A,0.0,287151.0
X,484,MEX,604,PER,8515,"Electric (electrically heated gas) soldering, brazing, welding machines and apparatus, capable or not of cutting, electric machines and apparatus for hot spraying of metals or sintered carbides",N/A,0.0,462790.0
X,484,MEX,724,ESP,8515,"Electric (electrically heated gas) soldering, brazing, welding machines and apparatus, capable or not of cutting, electric machines and apparatus for hot spraying of metals or sintered carbides",N/A,0.0,2605.0
X,484,MEX,757,CHE,8515,"Electric (electrically heated gas) soldering, brazing, welding machines and apparatus, capable or not of cutting, electric machines and apparatus for hot spraying of metals or sintered carbides",N/A,0.0,23976.0
X,484,MEX,780,TTO,8515,"Electric (electrically heated gas) soldering, brazing, welding machines and apparatus, capable or not of cutting, electric machines and apparatus for hot spraying of metals or sintered carbides",N/A,0.0,44397.0
X,484,MEX,842,USA,8515,"Electric (electrically heated gas) soldering, brazing, welding machines and apparatus, capable or not of cutting, electric machines and apparatus for hot spraying of metals or sintered carbides",N/A,0.0,159537039.0
X,484,MEX,862,VEN,8515,"Electric (electrically heated gas) soldering, brazing, welding machines and apparatus, capable or not of cutting, electric machines and apparatus for hot spraying of metals or sintered carbides",N/A,0.0,7800.0
X,484,MEX,0,W00,8516,"Electric water, space, soil heaters; electro-thermic hair-dressing apparatus; hand dryers, irons; electro-thermic appliances for domestic purposes; electro heating resistors, not of heading no. 8545",N/A,0.0,1703705337.0
X,484,MEX,32,ARG,8516,"Electric water, space, soil heaters; electro-thermic hair-dressing apparatus; hand dryers, irons; electro-thermic appliances for domestic purposes; electro heating resistors, not of heading no. 8545",N/A,0.0,1095820.0
X,484,MEX,36,AUS,8516,"Electric water, space, soil heaters; electro-thermic hair-dressing apparatus; hand dryers, irons; electro-thermic appliances for domestic purposes; electro heating resistors, not of heading no. 8545",N/A,0.0,83806.0
X,484,MEX,56,BEL,8516,"Electric water, space, soil heaters; electro-thermic hair-dressing apparatus; hand dryers, irons; electro-thermic appliances for domestic purposes; electro heating resistors, not of heading no. 8545",N/A,0.0,16348.0
X,484,MEX,68,BOL,8516,"Electric water, space, soil heaters; electro-thermic hair-dressing apparatus; hand dryers, irons; electro-thermic appliances for domestic purposes; electro heating resistors, not of heading no. 8545",N/A,0.0,53804.0
X,484,MEX,76,BRA,8516,"Electric water, space, soil heaters; electro-thermic hair-dressing apparatus; hand dryers, irons; electro-thermic appliances for domestic purposes; electro heating resistors, not of heading no. 8545",N/A,0.0,42173.0
X,484,MEX,84,BLZ,8516,"Electric water, space, soil heaters; electro-thermic hair-dressing apparatus; hand dryers, irons; electro-thermic appliances for domestic purposes; electro heating resistors, not of heading no. 8545",N/A,0.0,103983.0
X,484,MEX,124,CAN,8516,"Electric water, space, soil heaters; electro-thermic hair-dressing apparatus; hand dryers, irons; electro-thermic appliances for domestic purposes; electro heating resistors, not of heading no. 8545",N/A,0.0,127860226.0
X,484,MEX,152,CHL,8516,"Electric water, space, soil heaters; electro-thermic hair-dressing apparatus; hand dryers, irons; electro-thermic appliances for domestic purposes; electro heating resistors, not of heading no. 8545",N/A,0.0,654587.0
X,484,MEX,156,CHN,8516,"Electric water, space, soil heaters; electro-thermic hair-dressing apparatus; hand dryers, irons; electro-thermic appliances for domestic purposes; electro heating resistors, not of heading no. 8545",N/A,0.0,2115983.0
X,484,MEX,170,COL,8516,"Electric water, space, soil heaters; electro-thermic hair-dressing apparatus; hand dryers, irons; electro-thermic appliances for domestic purposes; electro heating resistors, not of heading no. 8545",N/A,0.0,6946256.0
X,484,MEX,188,CRI,8516,"Electric water, space, soil heaters; electro-thermic hair-dressing apparatus; hand dryers, irons; electro-thermic appliances for domestic purposes; electro heating resistors, not of heading no. 8545",N/A,0.0,6112414.0
X,484,MEX,192,CUB,8516,"Electric water, space, soil heaters; electro-thermic hair-dressing apparatus; hand dryers, irons; electro-thermic appliances for domestic purposes; electro heating resistors, not of heading no. 8545",N/A,0.0,135214.0
X,484,MEX,214,DOM,8516,"Electric water, space, soil heaters; electro-thermic hair-dressing apparatus; hand dryers, irons; electro-thermic appliances for domestic purposes; electro heating resistors, not of heading no. 8545",N/A,0.0,702502.0
X,484,MEX,218,ECU,8516,"Electric water, space, soil heaters; electro-thermic hair-dressing apparatus; hand dryers, irons; electro-thermic appliances for domestic purposes; electro heating resistors, not of heading no. 8545",N/A,0.0,1507877.0
X,484,MEX,222,SLV,8516,"Electric water, space, soil heaters; electro-thermic hair-dressing apparatus; hand dryers, irons; electro-thermic appliances for domestic purposes; electro heating resistors, not of heading no. 8545",N/A,0.0,2142327.0
X,484,MEX,251,FRA,8516,"Electric water, space, soil heaters; electro-thermic hair-dressing apparatus; hand dryers, irons; electro-thermic appliances for domestic purposes; electro heating resistors, not of heading no. 8545",N/A,0.0,801014.0
X,484,MEX,276,DEU,8516,"Electric water, space, soil heaters; electro-thermic hair-dressing apparatus; hand dryers, irons; electro-thermic appliances for domestic purposes; electro heating resistors, not of heading no. 8545",N/A,0.0,960398.0
X,484,MEX,320,GTM,8516,"Electric water, space, soil heaters; electro-thermic hair-dressing apparatus; hand dryers, irons; electro-thermic appliances for domestic purposes; electro heating resistors, not of heading no. 8545",N/A,0.0,3751707.0
X,484,MEX,328,GUY,8516,"Electric water, space, soil heaters; electro-thermic hair-dressing apparatus; hand dryers, irons; electro-thermic appliances for domestic purposes; electro heating resistors, not of heading no. 8545",N/A,0.0,787.0
X,484,MEX,332,HTI,8516,"Electric water, space, soil heaters; electro-thermic hair-dressing apparatus; hand dryers, irons; electro-thermic appliances for domestic purposes; electro heating resistors, not of heading no. 8545",N/A,0.0,21942.0
X,484,MEX,340,HND,8516,"Electric water, space, soil heaters; electro-thermic hair-dressing apparatus; hand dryers, irons; electro-thermic appliances for domestic purposes; electro heating resistors, not of heading no. 8545",N/A,0.0,6945120.0
X,484,MEX,380,ITA,8516,"Electric water, space, soil heaters; electro-thermic hair-dressing apparatus; hand dryers, irons; electro-thermic appliances for domestic purposes; electro heating resistors, not of heading no. 8545",N/A,0.0,122146.0
X,484,MEX,388,JAM,8516,"Electric water, space, soil heaters; electro-thermic hair-dressing apparatus; hand dryers, irons; electro-thermic appliances for domestic purposes; electro heating resistors, not of heading no. 8545",N/A,0.0,76508.0
X,484,MEX,392,JPN,8516,"Electric water, space, soil heaters; electro-thermic hair-dressing apparatus; hand dryers, irons; electro-thermic appliances for domestic purposes; electro heating resistors, not of heading no. 8545",N/A,0.0,294932.0
X,484,MEX,410,KOR,8516,"Electric water, space, soil heaters; electro-thermic hair-dressing apparatus; hand dryers, irons; electro-thermic appliances for domestic purposes; electro heating resistors, not of heading no. 8545",N/A,0.0,2026717.0
X,484,MEX,528,NLD,8516,"Electric water, space, soil heaters; electro-thermic hair-dressing apparatus; hand dryers, irons; electro-thermic appliances for domestic purposes; electro heating resistors, not of heading no. 8545",N/A,0.0,360047.0
X,484,MEX,554,NZL,8516,"Electric water, space, soil heaters; electro-thermic hair-dressing apparatus; hand dryers, irons; electro-thermic appliances for domestic purposes; electro heating resistors, not of heading no. 8545",N/A,0.0,101.0
X,484,MEX,558,NIC,8516,"Electric water, space, soil heaters; electro-thermic hair-dressing apparatus; hand dryers, irons; electro-thermic appliances for domestic purposes; electro heating resistors, not of heading no. 8545",N/A,0.0,104648.0
X,484,MEX,591,PAN,8516,"Electric water, space, soil heaters; electro-thermic hair-dressing apparatus; hand dryers, irons; electro-thermic appliances for domestic purposes; electro heating resistors, not of heading no. 8545",N/A,0.0,722912.0
X,484,MEX,604,PER,8516,"Electric water, space, soil heaters; electro-thermic hair-dressing apparatus; hand dryers, irons; electro-thermic appliances for domestic purposes; electro heating resistors, not of heading no. 8545",N/A,0.0,1737922.0
X,484,MEX,682,SAU,8516,"Electric water, space, soil heaters; electro-thermic hair-dressing apparatus; hand dryers, irons; electro-thermic appliances for domestic purposes; electro heating resistors, not of heading no. 8545",N/A,0.0,3762946.0
X,484,MEX,699,IND,8516,"Electric water, space, soil heaters; electro-thermic hair-dressing apparatus; hand dryers, irons; electro-thermic appliances for domestic purposes; electro heating resistors, not of heading no. 8545",N/A,0.0,70942.0
X,484,MEX,724,ESP,8516,"Electric water, space, soil heaters; electro-thermic hair-dressing apparatus; hand dryers, irons; electro-thermic appliances for domestic purposes; electro heating resistors, not of heading no. 8545",N/A,0.0,275445.0
X,484,MEX,780,TTO,8516,"Electric water, space, soil heaters; electro-thermic hair-dressing apparatus; hand dryers, irons; electro-thermic appliances for domestic purposes; electro heating resistors, not of heading no. 8545",N/A,0.0,68205.0
X,484,MEX,784,ARE,8516,"Electric water, space, soil heaters; electro-thermic hair-dressing apparatus; hand dryers, irons; electro-thermic appliances for domestic purposes; electro heating resistors, not of heading no. 8545",N/A,0.0,3028946.0
X,484,MEX,826,GBR,8516,"Electric water, space, soil heaters; electro-thermic hair-dressing apparatus; hand dryers, irons; electro-thermic appliances for domestic purposes; electro heating resistors, not of heading no. 8545",N/A,0.0,5365236.0
X,484,MEX,842,USA,8516,"Electric water, space, soil heaters; electro-thermic hair-dressing apparatus; hand dryers, irons; electro-thermic appliances for domestic purposes; electro heating resistors, not of heading no. 8545",N/A,0.0,1523091941.0
X,484,MEX,858,URY,8516,"Electric water, space, soil heaters; electro-thermic hair-dressing apparatus; hand dryers, irons; electro-thermic appliances for domestic purposes; electro heating resistors, not of heading no. 8545",N/A,0.0,1389.0
X,484,MEX,862,VEN,8516,"Electric water, space, soil heaters; electro-thermic hair-dressing apparatus; hand dryers, irons; electro-thermic appliances for domestic purposes; electro heating resistors, not of heading no. 8545",N/A,0.0,540066.0
X,484,MEX,0,W00,8517,"Telephone sets, including telephones for cellular networks or for other wireless networks; other apparatus for the transmission or reception of voice, images or other data (including wired/wireless networks), excluding items of 8443, 8525, 8527, or 8528",N/A,0.0,11837484455.0
X,484,MEX,32,ARG,8517,"Telephone sets, including telephones for cellular networks or for other wireless networks; other apparatus for the transmission or reception of voice, images or other data (including wired/wireless networks), excluding items of 8443, 8525, 8527, or 8528",N/A,0.0,13775791.0
X,484,MEX,36,AUS,8517,"Telephone sets, including telephones for cellular networks or for other wireless networks; other apparatus for the transmission or reception of voice, images or other data (including wired/wireless networks), excluding items of 8443, 8525, 8527, or 8528",N/A,0.0,97453836.0
X,484,MEX,40,AUT,8517,"Telephone sets, including telephones for cellular networks or for other wireless networks; other apparatus for the transmission or reception of voice, images or other data (including wired/wireless networks), excluding items of 8443, 8525, 8527, or 8528",N/A,0.0,1161613.0
X,484,MEX,52,BRB,8517,"Telephone sets, including telephones for cellular networks or for other wireless networks; other apparatus for the transmission or reception of voice, images or other data (including wired/wireless networks), excluding items of 8443, 8525, 8527, or 8528",N/A,0.0,149812.0
X,484,MEX,56,BEL,8517,"Telephone sets, including telephones for cellular networks or for other wireless networks; other apparatus for the transmission or reception of voice, images or other data (including wired/wireless networks), excluding items of 8443, 8525, 8527, or 8528",N/A,0.0,1855500.0
X,484,MEX,68,BOL,8517,"Telephone sets, including telephones for cellular networks or for other wireless networks; other apparatus for the transmission or reception of voice, images or other data (including wired/wireless networks), excluding items of 8443, 8525, 8527, or 8528",N/A,0.0,4999211.0
X,484,MEX,76,BRA,8517,"Telephone sets, including telephones for cellular networks or for other wireless networks; other apparatus for the transmission or reception of voice, images or other data (including wired/wireless networks), excluding items of 8443, 8525, 8527, or 8528",N/A,0.0,62476816.0
X,484,MEX,84,BLZ,8517,"Telephone sets, including telephones for cellular networks or for other wireless networks; other apparatus for the transmission or reception of voice, images or other data (including wired/wireless networks), excluding items of 8443, 8525, 8527, or 8528",N/A,0.0,174510.0
X,484,MEX,124,CAN,8517,"Telephone sets, including telephones for cellular networks or for other wireless networks; other apparatus for the transmission or reception of voice, images or other data (including wired/wireless networks), excluding items of 8443, 8525, 8527, or 8528",N/A,0.0,626230182.0
X,484,MEX,152,CHL,8517,"Telephone sets, including telephones for cellular networks or for other wireless networks; other apparatus for the transmission or reception of voice, images or other data (including wired/wireless networks), excluding items of 8443, 8525, 8527, or 8528",N/A,0.0,20262179.0
X,484,MEX,156,CHN,8517,"Telephone sets, including telephones for cellular networks or for other wireless networks; other apparatus for the transmission or reception of voice, images or other data (including wired/wireless networks), excluding items of 8443, 8525, 8527, or 8528",N/A,0.0,163641951.0
X,484,MEX,170,COL,8517,"Telephone sets, including telephones for cellular networks or for other wireless networks; other apparatus for the transmission or reception of voice, images or other data (including wired/wireless networks), excluding items of 8443, 8525, 8527, or 8528",N/A,0.0,23615787.0
X,484,MEX,188,CRI,8517,"Telephone sets, including telephones for cellular networks or for other wireless networks; other apparatus for the transmission or reception of voice, images or other data (including wired/wireless networks), excluding items of 8443, 8525, 8527, or 8528",N/A,0.0,4336443.0
X,484,MEX,192,CUB,8517,"Telephone sets, including telephones for cellular networks or for other wireless networks; other apparatus for the transmission or reception of voice, images or other data (including wired/wireless networks), excluding items of 8443, 8525, 8527, or 8528",N/A,0.0,525741.0
X,484,MEX,203,CZE,8517,"Telephone sets, including telephones for cellular networks or for other wireless networks; other apparatus for the transmission or reception of voice, images or other data (including wired/wireless networks), excluding items of 8443, 8525, 8527, or 8528",N/A,0.0,25275747.0
X,484,MEX,208,DNK,8517,"Telephone sets, including telephones for cellular networks or for other wireless networks; other apparatus for the transmission or reception of voice, images or other data (including wired/wireless networks), excluding items of 8443, 8525, 8527, or 8528",N/A,0.0,5621790.0
X,484,MEX,214,DOM,8517,"Telephone sets, including telephones for cellular networks or for other wireless networks; other apparatus for the transmission or reception of voice, images or other data (including wired/wireless networks), excluding items of 8443, 8525, 8527, or 8528",N/A,0.0,5895113.0
X,484,MEX,218,ECU,8517,"Telephone sets, including telephones for cellular networks or for other wireless networks; other apparatus for the transmission or reception of voice, images or other data (including wired/wireless networks), excluding items of 8443, 8525, 8527, or 8528",N/A,0.0,9661761.0
X,484,MEX,222,SLV,8517,"Telephone sets, including telephones for cellular networks or for other wireless networks; other apparatus for the transmission or reception of voice, images or other data (including wired/wireless networks), excluding items of 8443, 8525, 8527, or 8528",N/A,0.0,15001972.0
X,484,MEX,246,FIN,8517,"Telephone sets, including telephones for cellular networks or for other wireless networks; other apparatus for the transmission or reception of voice, images or other data (including wired/wireless networks), excluding items of 8443, 8525, 8527, or 8528",N/A,0.0,3857411.0
X,484,MEX,251,FRA,8517,"Telephone sets, including telephones for cellular networks or for other wireless networks; other apparatus for the transmission or reception of voice, images or other data (including wired/wireless networks), excluding items of 8443, 8525, 8527, or 8528",N/A,0.0,100968312.0
X,484,MEX,276,DEU,8517,"Telephone sets, including telephones for cellular networks or for other wireless networks; other apparatus for the transmission or reception of voice, images or other data (including wired/wireless networks), excluding items of 8443, 8525, 8527, or 8528",N/A,0.0,75164507.0
X,484,MEX,308,GRD,8517,"Telephone sets, including telephones for cellular networks or for other wireless networks; other apparatus for the transmission or reception of voice, images or other data (including wired/wireless networks), excluding items of 8443, 8525, 8527, or 8528",u,46.0,1431.0
X,484,MEX,320,GTM,8517,"Telephone sets, including telephones for cellular networks or for other wireless networks; other apparatus for the transmission or reception of voice, images or other data (including wired/wireless networks), excluding items of 8443, 8525, 8527, or 8528",N/A,0.0,29984128.0
X,484,MEX,340,HND,8517,"Telephone sets, including telephones for cellular networks or for other wireless networks; other apparatus for the transmission or reception of voice, images or other data (including wired/wireless networks), excluding items of 8443, 8525, 8527, or 8528",N/A,0.0,14221394.0
X,484,MEX,344,HKG,8517,"Telephone sets, including telephones for cellular networks or for other wireless networks; other apparatus for the transmission or reception of voice, images or other data (including wired/wireless networks), excluding items of 8443, 8525, 8527, or 8528",N/A,0.0,63461356.0
X,484,MEX,348,HUN,8517,"Telephone sets, including telephones for cellular networks or for other wireless networks; other apparatus for the transmission or reception of voice, images or other data (including wired/wireless networks), excluding items of 8443, 8525, 8527, or 8528",N/A,0.0,123029202.0
X,484,MEX,360,IDN,8517,"Telephone sets, including telephones for cellular networks or for other wireless networks; other apparatus for the transmission or reception of voice, images or other data (including wired/wireless networks), excluding items of 8443, 8525, 8527, or 8528",N/A,0.0,12692013.0
X,484,MEX,372,IRL,8517,"Telephone sets, including telephones for cellular networks or for other wireless networks; other apparatus for the transmission or reception of voice, images or other data (including wired/wireless networks), excluding items of 8443, 8525, 8527, or 8528",N/A,0.0,407393.0
X,484,MEX,376,ISR,8517,"Telephone sets, including telephones for cellular networks or for other wireless networks; other apparatus for the transmission or reception of voice, images or other data (including wired/wireless networks), excluding items of 8443, 8525, 8527, or 8528",N/A,0.0,37538817.0
X,484,MEX,380,ITA,8517,"Telephone sets, including telephones for cellular networks or for other wireless networks; other apparatus for the transmission or reception of voice, images or other data (including wired/wireless networks), excluding items of 8443, 8525, 8527, or 8528",N/A,0.0,29625694.0
X,484,MEX,388,JAM,8517,"Telephone sets, including telephones for cellular networks or for other wireless networks; other apparatus for the transmission or reception of voice, images or other data (including wired/wireless networks), excluding items of 8443, 8525, 8527, or 8528",N/A,0.0,955913.0
X,484,MEX,392,JPN,8517,"Telephone sets, including telephones for cellular networks or for other wireless networks; other apparatus for the transmission or reception of voice, images or other data (including wired/wireless networks), excluding items of 8443, 8525, 8527, or 8528",N/A,0.0,136636780.0
X,484,MEX,410,KOR,8517,"Telephone sets, including telephones for cellular networks or for other wireless networks; other apparatus for the transmission or reception of voice, images or other data (including wired/wireless networks), excluding items of 8443, 8525, 8527, or 8528",N/A,0.0,62292344.0
X,484,MEX,458,MYS,8517,"Telephone sets, including telephones for cellular networks or for other wireless networks; other apparatus for the transmission or reception of voice, images or other data (including wired/wireless networks), excluding items of 8443, 8525, 8527, or 8528",N/A,0.0,45317513.0
X,484,MEX,490,S19,8517,"Telephone sets, including telephones for cellular networks or for other wireless networks; other apparatus for the transmission or reception of voice, images or other data (including wired/wireless networks), excluding items of 8443, 8525, 8527, or 8528",N/A,0.0,71197110.0
X,484,MEX,504,MAR,8517,"Telephone sets, including telephones for cellular networks or for other wireless networks; other apparatus for the transmission or reception of voice, images or other data (including wired/wireless networks), excluding items of 8443, 8525, 8527, or 8528",N/A,0.0,595845.0
X,484,MEX,528,NLD,8517,"Telephone sets, including telephones for cellular networks or for other wireless networks; other apparatus for the transmission or reception of voice, images or other data (including wired/wireless networks), excluding items of 8443, 8525, 8527, or 8528",N/A,0.0,508402682.0
X,484,MEX,554,NZL,8517,"Telephone sets, including telephones for cellular networks or for other wireless networks; other apparatus for the transmission or reception of voice, images or other data (including wired/wireless networks), excluding items of 8443, 8525, 8527, or 8528",N/A,0.0,13628735.0
X,484,MEX,558,NIC,8517,"Telephone sets, including telephones for cellular networks or for other wireless networks; other apparatus for the transmission or reception of voice, images or other data (including wired/wireless networks), excluding items of 8443, 8525, 8527, or 8528",N/A,0.0,9020681.0
X,484,MEX,579,NOR,8517,"Telephone sets, including telephones for cellular networks or for other wireless networks; other apparatus for the transmission or reception of voice, images or other data (including wired/wireless networks), excluding items of 8443, 8525, 8527, or 8528",N/A,0.0,281043.0
X,484,MEX,591,PAN,8517,"Telephone sets, including telephones for cellular networks or for other wireless networks; other apparatus for the transmission or reception of voice, images or other data (including wired/wireless networks), excluding items of 8443, 8525, 8527, or 8528",N/A,0.0,20828609.0
X,484,MEX,600,PRY,8517,"Telephone sets, including telephones for cellular networks or for other wireless networks; other apparatus for the transmission or reception of voice, images or other data (including wired/wireless networks), excluding items of 8443, 8525, 8527, or 8528",N/A,0.0,598218.0
X,484,MEX,604,PER,8517,"Telephone sets, including telephones for cellular networks or for other wireless networks; other apparatus for the transmission or reception of voice, images or other data (including wired/wireless networks), excluding items of 8443, 8525, 8527, or 8528",N/A,0.0,10365236.0
X,484,MEX,608,PHL,8517,"Telephone sets, including telephones for cellular networks or for other wireless networks; other apparatus for the transmission or reception of voice, images or other data (including wired/wireless networks), excluding items of 8443, 8525, 8527, or 8528",N/A,0.0,8197202.0
X,484,MEX,616,POL,8517,"Telephone sets, including telephones for cellular networks or for other wireless networks; other apparatus for the transmission or reception of voice, images or other data (including wired/wireless networks), excluding items of 8443, 8525, 8527, or 8528",N/A,0.0,7156813.0
X,484,MEX,642,ROU,8517,"Telephone sets, including telephones for cellular networks or for other wireless networks; other apparatus for the transmission or reception of voice, images or other data (including wired/wireless networks), excluding items of 8443, 8525, 8527, or 8528",N/A,0.0,173939.0
X,484,MEX,643,RUS,8517,"Telephone sets, including telephones for cellular networks or for other wireless networks; other apparatus for the transmission or reception of voice, images or other data (including wired/wireless networks), excluding items of 8443, 8525, 8527, or 8528",N/A,0.0,40411443.0
X,484,MEX,682,SAU,8517,"Telephone sets, including telephones for cellular networks or for other wireless networks; other apparatus for the transmission or reception of voice, images or other data (including wired/wireless networks), excluding items of 8443, 8525, 8527, or 8528",N/A,0.0,16153162.0
X,484,MEX,699,IND,8517,"Telephone sets, including telephones for cellular networks or for other wireless networks; other apparatus for the transmission or reception of voice, images or other data (including wired/wireless networks), excluding items of 8443, 8525, 8527, or 8528",N/A,0.0,149179576.0
X,484,MEX,702,SGP,8517,"Telephone sets, including telephones for cellular networks or for other wireless networks; other apparatus for the transmission or reception of voice, images or other data (including wired/wireless networks), excluding items of 8443, 8525, 8527, or 8528",N/A,0.0,83783986.0
X,484,MEX,703,SVK,8517,"Telephone sets, including telephones for cellular networks or for other wireless networks; other apparatus for the transmission or reception of voice, images or other data (including wired/wireless networks), excluding items of 8443, 8525, 8527, or 8528",u,106508.0,548063.0
X,484,MEX,704,VNM,8517,"Telephone sets, including telephones for cellular networks or for other wireless networks; other apparatus for the transmission or reception of voice, images or other data (including wired/wireless networks), excluding items of 8443, 8525, 8527, or 8528",N/A,0.0,7056561.0
X,484,MEX,705,SVN,8517,"Telephone sets, including telephones for cellular networks or for other wireless networks; other apparatus for the transmission or reception of voice, images or other data (including wired/wireless networks), excluding items of 8443, 8525, 8527, or 8528",N/A,0.0,149436.0
X,484,MEX,710,ZAF,8517,"Telephone sets, including telephones for cellular networks or for other wireless networks; other apparatus for the transmission or reception of voice, images or other data (including wired/wireless networks), excluding items of 8443, 8525, 8527, or 8528",N/A,0.0,23994036.0
X,484,MEX,724,ESP,8517,"Telephone sets, including telephones for cellular networks or for other wireless networks; other apparatus for the transmission or reception of voice, images or other data (including wired/wireless networks), excluding items of 8443, 8525, 8527, or 8528",N/A,0.0,33981883.0
X,484,MEX,752,SWE,8517,"Telephone sets, including telephones for cellular networks or for other wireless networks; other apparatus for the transmission or reception of voice, images or other data (including wired/wireless networks), excluding items of 8443, 8525, 8527, or 8528",N/A,0.0,5078403.0
X,484,MEX,757,CHE,8517,"Telephone sets, including telephones for cellular networks or for other wireless networks; other apparatus for the transmission or reception of voice, images or other data (including wired/wireless networks), excluding items of 8443, 8525, 8527, or 8528",N/A,0.0,8867910.0
X,484,MEX,764,THA,8517,"Telephone sets, including telephones for cellular networks or for other wireless networks; other apparatus for the transmission or reception of voice, images or other data (including wired/wireless networks), excluding items of 8443, 8525, 8527, or 8528",N/A,0.0,60535335.0
X,484,MEX,780,TTO,8517,"Telephone sets, including telephones for cellular networks or for other wireless networks; other apparatus for the transmission or reception of voice, images or other data (including wired/wireless networks), excluding items of 8443, 8525, 8527, or 8528",N/A,0.0,28606.0
X,484,MEX,784,ARE,8517,"Telephone sets, including telephones for cellular networks or for other wireless networks; other apparatus for the transmission or reception of voice, images or other data (including wired/wireless networks), excluding items of 8443, 8525, 8527, or 8528",N/A,0.0,34070131.0
X,484,MEX,792,TUR,8517,"Telephone sets, including telephones for cellular networks or for other wireless networks; other apparatus for the transmission or reception of voice, images or other data (including wired/wireless networks), excluding items of 8443, 8525, 8527, or 8528",N/A,0.0,40961148.0
X,484,MEX,818,EGY,8517,"Telephone sets, including telephones for cellular networks or for other wireless networks; other apparatus for the transmission or reception of voice, images or other data (including wired/wireless networks), excluding items of 8443, 8525, 8527, or 8528",N/A,0.0,11900273.0
X,484,MEX,826,GBR,8517,"Telephone sets, including telephones for cellular networks or for other wireless networks; other apparatus for the transmission or reception of voice, images or other data (including wired/wireless networks), excluding items of 8443, 8525, 8527, or 8528",N/A,0.0,153422724.0
X,484,MEX,842,USA,8517,"Telephone sets, including telephones for cellular networks or for other wireless networks; other apparatus for the transmission or reception of voice, images or other data (including wired/wireless networks), excluding items of 8443, 8525, 8527, or 8528",N/A,0.0,8696327478.0
X,484,MEX,858,URY,8517,"Telephone sets, including telephones for cellular networks or for other wireless networks; other apparatus for the transmission or reception of voice, images or other data (including wired/wireless networks), excluding items of 8443, 8525, 8527, or 8528",N/A,0.0,1966440.0
X,484,MEX,862,VEN,8517,"Telephone sets, including telephones for cellular networks or for other wireless networks; other apparatus for the transmission or reception of voice, images or other data (including wired/wireless networks), excluding items of 8443, 8525, 8527, or 8528",N/A,0.0,294091.0
X,484,MEX,899,_X ,8517,"Telephone sets, including telephones for cellular networks or for other wireless networks; other apparatus for the transmission or reception of voice, images or other data (including wired/wireless networks), excluding items of 8443, 8525, 8527, or 8528",N/A,0.0,57694.0
X,484,MEX,0,W00,8518,"Microphones and their stands; loudspeakers, mounted or not in their enclosures; headphones and earphones, combined or not with a microphone, and sets of a microphone and one or more loudspeakers; audio frequency and electric sound amplifiers and sets",N/A,0.0,1710975268.0
X,484,MEX,32,ARG,8518,"Microphones and their stands; loudspeakers, mounted or not in their enclosures; headphones and earphones, combined or not with a microphone, and sets of a microphone and one or more loudspeakers; audio frequency and electric sound amplifiers and sets",N/A,0.0,105501.0
X,484,MEX,36,AUS,8518,"Microphones and their stands; loudspeakers, mounted or not in their enclosures; headphones and earphones, combined or not with a microphone, and sets of a microphone and one or more loudspeakers; audio frequency and electric sound amplifiers and sets",N/A,0.0,1578735.0
X,484,MEX,56,BEL,8518,"Microphones and their stands; loudspeakers, mounted or not in their enclosures; headphones and earphones, combined or not with a microphone, and sets of a microphone and one or more loudspeakers; audio frequency and electric sound amplifiers and sets",N/A,0.0,36474922.0
X,484,MEX,76,BRA,8518,"Microphones and their stands; loudspeakers, mounted or not in their enclosures; headphones and earphones, combined or not with a microphone, and sets of a microphone and one or more loudspeakers; audio frequency and electric sound amplifiers and sets",N/A,0.0,311931.0
X,484,MEX,84,BLZ,8518,"Microphones and their stands; loudspeakers, mounted or not in their enclosures; headphones and earphones, combined or not with a microphone, and sets of a microphone and one or more loudspeakers; audio frequency and electric sound amplifiers and sets",N/A,0.0,433.0
X,484,MEX,124,CAN,8518,"Microphones and their stands; loudspeakers, mounted or not in their enclosures; headphones and earphones, combined or not with a microphone, and sets of a microphone and one or more loudspeakers; audio frequency and electric sound amplifiers and sets",N/A,0.0,27807115.0
X,484,MEX,152,CHL,8518,"Microphones and their stands; loudspeakers, mounted or not in their enclosures; headphones and earphones, combined or not with a microphone, and sets of a microphone and one or more loudspeakers; audio frequency and electric sound amplifiers and sets",N/A,0.0,36547.0
X,484,MEX,156,CHN,8518,"Microphones and their stands; loudspeakers, mounted or not in their enclosures; headphones and earphones, combined or not with a microphone, and sets of a microphone and one or more loudspeakers; audio frequency and electric sound amplifiers and sets",N/A,0.0,59943042.0
X,484,MEX,170,COL,8518,"Microphones and their stands; loudspeakers, mounted or not in their enclosures; headphones and earphones, combined or not with a microphone, and sets of a microphone and one or more loudspeakers; audio frequency and electric sound amplifiers and sets",N/A,0.0,435878.0
X,484,MEX,188,CRI,8518,"Microphones and their stands; loudspeakers, mounted or not in their enclosures; headphones and earphones, combined or not with a microphone, and sets of a microphone and one or more loudspeakers; audio frequency and electric sound amplifiers and sets",N/A,0.0,165862.0
X,484,MEX,192,CUB,8518,"Microphones and their stands; loudspeakers, mounted or not in their enclosures; headphones and earphones, combined or not with a microphone, and sets of a microphone and one or more loudspeakers; audio frequency and electric sound amplifiers and sets",N/A,0.0,145487.0
X,484,MEX,203,CZE,8518,"Microphones and their stands; loudspeakers, mounted or not in their enclosures; headphones and earphones, combined or not with a microphone, and sets of a microphone and one or more loudspeakers; audio frequency and electric sound amplifiers and sets",N/A,0.0,2016684.0
X,484,MEX,214,DOM,8518,"Microphones and their stands; loudspeakers, mounted or not in their enclosures; headphones and earphones, combined or not with a microphone, and sets of a microphone and one or more loudspeakers; audio frequency and electric sound amplifiers and sets",N/A,0.0,2326.0
X,484,MEX,218,ECU,8518,"Microphones and their stands; loudspeakers, mounted or not in their enclosures; headphones and earphones, combined or not with a microphone, and sets of a microphone and one or more loudspeakers; audio frequency and electric sound amplifiers and sets",N/A,0.0,49271.0
X,484,MEX,222,SLV,8518,"Microphones and their stands; loudspeakers, mounted or not in their enclosures; headphones and earphones, combined or not with a microphone, and sets of a microphone and one or more loudspeakers; audio frequency and electric sound amplifiers and sets",N/A,0.0,639438.0
X,484,MEX,276,DEU,8518,"Microphones and their stands; loudspeakers, mounted or not in their enclosures; headphones and earphones, combined or not with a microphone, and sets of a microphone and one or more loudspeakers; audio frequency and electric sound amplifiers and sets",N/A,0.0,37329995.0
X,484,MEX,320,GTM,8518,"Microphones and their stands; loudspeakers, mounted or not in their enclosures; headphones and earphones, combined or not with a microphone, and sets of a microphone and one or more loudspeakers; audio frequency and electric sound amplifiers and sets",N/A,0.0,413538.0
X,484,MEX,344,HKG,8518,"Microphones and their stands; loudspeakers, mounted or not in their enclosures; headphones and earphones, combined or not with a microphone, and sets of a microphone and one or more loudspeakers; audio frequency and electric sound amplifiers and sets",N/A,0.0,6732873.0
X,484,MEX,348,HUN,8518,"Microphones and their stands; loudspeakers, mounted or not in their enclosures; headphones and earphones, combined or not with a microphone, and sets of a microphone and one or more loudspeakers; audio frequency and electric sound amplifiers and sets",N/A,0.0,1094329.0
X,484,MEX,392,JPN,8518,"Microphones and their stands; loudspeakers, mounted or not in their enclosures; headphones and earphones, combined or not with a microphone, and sets of a microphone and one or more loudspeakers; audio frequency and electric sound amplifiers and sets",N/A,0.0,18749636.0
X,484,MEX,458,MYS,8518,"Microphones and their stands; loudspeakers, mounted or not in their enclosures; headphones and earphones, combined or not with a microphone, and sets of a microphone and one or more loudspeakers; audio frequency and electric sound amplifiers and sets",N/A,0.0,18740560.0
X,484,MEX,490,S19,8518,"Microphones and their stands; loudspeakers, mounted or not in their enclosures; headphones and earphones, combined or not with a microphone, and sets of a microphone and one or more loudspeakers; audio frequency and electric sound amplifiers and sets",kg,500.885,39559.0
X,484,MEX,528,NLD,8518,"Microphones and their stands; loudspeakers, mounted or not in their enclosures; headphones and earphones, combined or not with a microphone, and sets of a microphone and one or more loudspeakers; audio frequency and electric sound amplifiers and sets",N/A,0.0,7461003.0
X,484,MEX,558,NIC,8518,"Microphones and their stands; loudspeakers, mounted or not in their enclosures; headphones and earphones, combined or not with a microphone, and sets of a microphone and one or more loudspeakers; audio frequency and electric sound amplifiers and sets",N/A,0.0,838.0
X,484,MEX,591,PAN,8518,"Microphones and their stands; loudspeakers, mounted or not in their enclosures; headphones and earphones, combined or not with a microphone, and sets of a microphone and one or more loudspeakers; audio frequency and electric sound amplifiers and sets",N/A,0.0,102875.0
X,484,MEX,604,PER,8518,"Microphones and their stands; loudspeakers, mounted or not in their enclosures; headphones and earphones, combined or not with a microphone, and sets of a microphone and one or more loudspeakers; audio frequency and electric sound amplifiers and sets",N/A,0.0,85454.0
X,484,MEX,616,POL,8518,"Microphones and their stands; loudspeakers, mounted or not in their enclosures; headphones and earphones, combined or not with a microphone, and sets of a microphone and one or more loudspeakers; audio frequency and electric sound amplifiers and sets",N/A,0.0,36847.0
X,484,MEX,699,IND,8518,"Microphones and their stands; loudspeakers, mounted or not in their enclosures; headphones and earphones, combined or not with a microphone, and sets of a microphone and one or more loudspeakers; audio frequency and electric sound amplifiers and sets",N/A,0.0,5631.0
X,484,MEX,702,SGP,8518,"Microphones and their stands; loudspeakers, mounted or not in their enclosures; headphones and earphones, combined or not with a microphone, and sets of a microphone and one or more loudspeakers; audio frequency and electric sound amplifiers and sets",N/A,0.0,395065.0
X,484,MEX,704,VNM,8518,"Microphones and their stands; loudspeakers, mounted or not in their enclosures; headphones and earphones, combined or not with a microphone, and sets of a microphone and one or more loudspeakers; audio frequency and electric sound amplifiers and sets",N/A,0.0,75778.0
X,484,MEX,724,ESP,8518,"Microphones and their stands; loudspeakers, mounted or not in their enclosures; headphones and earphones, combined or not with a microphone, and sets of a microphone and one or more loudspeakers; audio frequency and electric sound amplifiers and sets",N/A,0.0,2061819.0
X,484,MEX,826,GBR,8518,"Microphones and their stands; loudspeakers, mounted or not in their enclosures; headphones and earphones, combined or not with a microphone, and sets of a microphone and one or more loudspeakers; audio frequency and electric sound amplifiers and sets",N/A,0.0,114958.0
X,484,MEX,842,USA,8518,"Microphones and their stands; loudspeakers, mounted or not in their enclosures; headphones and earphones, combined or not with a microphone, and sets of a microphone and one or more loudspeakers; audio frequency and electric sound amplifiers and sets",N/A,0.0,1487820206.0
X,484,MEX,862,VEN,8518,"Microphones and their stands; loudspeakers, mounted or not in their enclosures; headphones and earphones, combined or not with a microphone, and sets of a microphone and one or more loudspeakers; audio frequency and electric sound amplifiers and sets",N/A,0.0,1132.0
X,484,MEX,0,W00,8519,Sound recording or reproducing apparatus,N/A,0.0,14239894.0
X,484,MEX,320,GTM,8519,Sound recording or reproducing apparatus,N/A,0.0,6515.0
X,484,MEX,842,USA,8519,Sound recording or reproducing apparatus,N/A,0.0,14233379.0
X,484,MEX,0,W00,8521,Video recording or reproducing apparatus,N/A,0.0,30718015.0
X,484,MEX,156,CHN,8521,Video recording or reproducing apparatus,N/A,0.0,178950.0
X,484,MEX,320,GTM,8521,Video recording or reproducing apparatus,N/A,0.0,46150.0
X,484,MEX,842,USA,8521,Video recording or reproducing apparatus,N/A,0.0,30492915.0
X,484,MEX,0,W00,8522,Sound or video recording apparatus; parts and accessories suitable for use solely or principally with the apparatus of heading 8519 or 8521,N/A,0.0,1265264.0
X,484,MEX,842,USA,8522,Sound or video recording apparatus; parts and accessories suitable for use solely or principally with the apparatus of heading 8519 or 8521,N/A,0.0,1265264.0
X,484,MEX,0,W00,8523,"Discs, tapes, solid-state non-volatile storage devices, smart cards and other media for the recording of sound or of other phenomena, whether or not recorded, including matrices and masters for the production of discs, excluding products of Chapter 37",N/A,0.0,783437171.0
X,484,MEX,32,ARG,8523,"Discs, tapes, solid-state non-volatile storage devices, smart cards and other media for the recording of sound or of other phenomena, whether or not recorded, including matrices and masters for the production of discs, excluding products of Chapter 37",N/A,0.0,3808952.0
X,484,MEX,36,AUS,8523,"Discs, tapes, solid-state non-volatile storage devices, smart cards and other media for the recording of sound or of other phenomena, whether or not recorded, including matrices and masters for the production of discs, excluding products of Chapter 37",N/A,0.0,2097306.0
X,484,MEX,40,AUT,8523,"Discs, tapes, solid-state non-volatile storage devices, smart cards and other media for the recording of sound or of other phenomena, whether or not recorded, including matrices and masters for the production of discs, excluding products of Chapter 37",N/A,0.0,140374.0
X,484,MEX,56,BEL,8523,"Discs, tapes, solid-state non-volatile storage devices, smart cards and other media for the recording of sound or of other phenomena, whether or not recorded, including matrices and masters for the production of discs, excluding products of Chapter 37",N/A,0.0,27306.0
X,484,MEX,68,BOL,8523,"Discs, tapes, solid-state non-volatile storage devices, smart cards and other media for the recording of sound or of other phenomena, whether or not recorded, including matrices and masters for the production of discs, excluding products of Chapter 37",N/A,0.0,1251974.0
X,484,MEX,76,BRA,8523,"Discs, tapes, solid-state non-volatile storage devices, smart cards and other media for the recording of sound or of other phenomena, whether or not recorded, including matrices and masters for the production of discs, excluding products of Chapter 37",N/A,0.0,5692511.0
X,484,MEX,124,CAN,8523,"Discs, tapes, solid-state non-volatile storage devices, smart cards and other media for the recording of sound or of other phenomena, whether or not recorded, including matrices and masters for the production of discs, excluding products of Chapter 37",N/A,0.0,20454297.0
X,484,MEX,152,CHL,8523,"Discs, tapes, solid-state non-volatile storage devices, smart cards and other media for the recording of sound or of other phenomena, whether or not recorded, including matrices and masters for the production of discs, excluding products of Chapter 37",N/A,0.0,14176481.0
X,484,MEX,156,CHN,8523,"Discs, tapes, solid-state non-volatile storage devices, smart cards and other media for the recording of sound or of other phenomena, whether or not recorded, including matrices and masters for the production of discs, excluding products of Chapter 37",N/A,0.0,15738624.0
X,484,MEX,170,COL,8523,"Discs, tapes, solid-state non-volatile storage devices, smart cards and other media for the recording of sound or of other phenomena, whether or not recorded, including matrices and masters for the production of discs, excluding products of Chapter 37",N/A,0.0,12155525.0
X,484,MEX,188,CRI,8523,"Discs, tapes, solid-state non-volatile storage devices, smart cards and other media for the recording of sound or of other phenomena, whether or not recorded, including matrices and masters for the production of discs, excluding products of Chapter 37",N/A,0.0,3079817.0
X,484,MEX,192,CUB,8523,"Discs, tapes, solid-state non-volatile storage devices, smart cards and other media for the recording of sound or of other phenomena, whether or not recorded, including matrices and masters for the production of discs, excluding products of Chapter 37",N/A,0.0,283336.0
X,484,MEX,203,CZE,8523,"Discs, tapes, solid-state non-volatile storage devices, smart cards and other media for the recording of sound or of other phenomena, whether or not recorded, including matrices and masters for the production of discs, excluding products of Chapter 37",N/A,0.0,436812.0
X,484,MEX,208,DNK,8523,"Discs, tapes, solid-state non-volatile storage devices, smart cards and other media for the recording of sound or of other phenomena, whether or not recorded, including matrices and masters for the production of discs, excluding products of Chapter 37",N/A,0.0,1642690.0
X,484,MEX,214,DOM,8523,"Discs, tapes, solid-state non-volatile storage devices, smart cards and other media for the recording of sound or of other phenomena, whether or not recorded, including matrices and masters for the production of discs, excluding products of Chapter 37",N/A,0.0,6347194.0
X,484,MEX,218,ECU,8523,"Discs, tapes, solid-state non-volatile storage devices, smart cards and other media for the recording of sound or of other phenomena, whether or not recorded, including matrices and masters for the production of discs, excluding products of Chapter 37",N/A,0.0,3854267.0
X,484,MEX,222,SLV,8523,"Discs, tapes, solid-state non-volatile storage devices, smart cards and other media for the recording of sound or of other phenomena, whether or not recorded, including matrices and masters for the production of discs, excluding products of Chapter 37",N/A,0.0,2846672.0
X,484,MEX,246,FIN,8523,"Discs, tapes, solid-state non-volatile storage devices, smart cards and other media for the recording of sound or of other phenomena, whether or not recorded, including matrices and masters for the production of discs, excluding products of Chapter 37",N/A,0.0,572340.0
X,484,MEX,251,FRA,8523,"Discs, tapes, solid-state non-volatile storage devices, smart cards and other media for the recording of sound or of other phenomena, whether or not recorded, including matrices and masters for the production of discs, excluding products of Chapter 37",N/A,0.0,3961012.0
X,484,MEX,276,DEU,8523,"Discs, tapes, solid-state non-volatile storage devices, smart cards and other media for the recording of sound or of other phenomena, whether or not recorded, including matrices and masters for the production of discs, excluding products of Chapter 37",N/A,0.0,7287208.0
X,484,MEX,300,GRC,8523,"Discs, tapes, solid-state non-volatile storage devices, smart cards and other media for the recording of sound or of other phenomena, whether or not recorded, including matrices and masters for the production of discs, excluding products of Chapter 37",N/A,0.0,15860.0
X,484,MEX,320,GTM,8523,"Discs, tapes, solid-state non-volatile storage devices, smart cards and other media for the recording of sound or of other phenomena, whether or not recorded, including matrices and masters for the production of discs, excluding products of Chapter 37",N/A,0.0,4136041.0
X,484,MEX,340,HND,8523,"Discs, tapes, solid-state non-volatile storage devices, smart cards and other media for the recording of sound or of other phenomena, whether or not recorded, including matrices and masters for the production of discs, excluding products of Chapter 37",N/A,0.0,2140557.0
X,484,MEX,344,HKG,8523,"Discs, tapes, solid-state non-volatile storage devices, smart cards and other media for the recording of sound or of other phenomena, whether or not recorded, including matrices and masters for the production of discs, excluding products of Chapter 37",N/A,0.0,12534355.0
X,484,MEX,348,HUN,8523,"Discs, tapes, solid-state non-volatile storage devices, smart cards and other media for the recording of sound or of other phenomena, whether or not recorded, including matrices and masters for the production of discs, excluding products of Chapter 37",N/A,0.0,12023092.0
X,484,MEX,360,IDN,8523,"Discs, tapes, solid-state non-volatile storage devices, smart cards and other media for the recording of sound or of other phenomena, whether or not recorded, including matrices and masters for the production of discs, excluding products of Chapter 37",N/A,0.0,593969.0
X,484,MEX,372,IRL,8523,"Discs, tapes, solid-state non-volatile storage devices, smart cards and other media for the recording of sound or of other phenomena, whether or not recorded, including matrices and masters for the production of discs, excluding products of Chapter 37",N/A,0.0,27651.0
X,484,MEX,376,ISR,8523,"Discs, tapes, solid-state non-volatile storage devices, smart cards and other media for the recording of sound or of other phenomena, whether or not recorded, including matrices and masters for the production of discs, excluding products of Chapter 37",N/A,0.0,701632.0
X,484,MEX,380,ITA,8523,"Discs, tapes, solid-state non-volatile storage devices, smart cards and other media for the recording of sound or of other phenomena, whether or not recorded, including matrices and masters for the production of discs, excluding products of Chapter 37",N/A,0.0,3064616.0
X,484,MEX,388,JAM,8523,"Discs, tapes, solid-state non-volatile storage devices, smart cards and other media for the recording of sound or of other phenomena, whether or not recorded, including matrices and masters for the production of discs, excluding products of Chapter 37",N/A,0.0,96266.0
X,484,MEX,392,JPN,8523,"Discs, tapes, solid-state non-volatile storage devices, smart cards and other media for the recording of sound or of other phenomena, whether or not recorded, including matrices and masters for the production of discs, excluding products of Chapter 37",N/A,0.0,4346160.0
X,484,MEX,410,KOR,8523,"Discs, tapes, solid-state non-volatile storage devices, smart cards and other media for the recording of sound or of other phenomena, whether or not recorded, including matrices and masters for the production of discs, excluding products of Chapter 37",N/A,0.0,2339651.0
X,484,MEX,458,MYS,8523,"Discs, tapes, solid-state non-volatile storage devices, smart cards and other media for the recording of sound or of other phenomena, whether or not recorded, including matrices and masters for the production of discs, excluding products of Chapter 37",N/A,0.0,5064252.0
X,484,MEX,490,S19,8523,"Discs, tapes, solid-state non-volatile storage devices, smart cards and other media for the recording of sound or of other phenomena, whether or not recorded, including matrices and masters for the production of discs, excluding products of Chapter 37",N/A,0.0,9393916.0
X,484,MEX,528,NLD,8523,"Discs, tapes, solid-state non-volatile storage devices, smart cards and other media for the recording of sound or of other phenomena, whether or not recorded, including matrices and masters for the production of discs, excluding products of Chapter 37",N/A,0.0,13099405.0
X,484,MEX,531,CUW,8523,"Discs, tapes, solid-state non-volatile storage devices, smart cards and other media for the recording of sound or of other phenomena, whether or not recorded, including matrices and masters for the production of discs, excluding products of Chapter 37",N/A,0.0,3573.0
X,484,MEX,554,NZL,8523,"Discs, tapes, solid-state non-volatile storage devices, smart cards and other media for the recording of sound or of other phenomena, whether or not recorded, including matrices and masters for the production of discs, excluding products of Chapter 37",N/A,0.0,202277.0
X,484,MEX,558,NIC,8523,"Discs, tapes, solid-state non-volatile storage devices, smart cards and other media for the recording of sound or of other phenomena, whether or not recorded, including matrices and masters for the production of discs, excluding products of Chapter 37",N/A,0.0,1201870.0
X,484,MEX,579,NOR,8523,"Discs, tapes, solid-state non-volatile storage devices, smart cards and other media for the recording of sound or of other phenomena, whether or not recorded, including matrices and masters for the production of discs, excluding products of Chapter 37",N/A,0.0,107.0
X,484,MEX,591,PAN,8523,"Discs, tapes, solid-state non-volatile storage devices, smart cards and other media for the recording of sound or of other phenomena, whether or not recorded, including matrices and masters for the production of discs, excluding products of Chapter 37",N/A,0.0,2696465.0
X,484,MEX,600,PRY,8523,"Discs, tapes, solid-state non-volatile storage devices, smart cards and other media for the recording of sound or of other phenomena, whether or not recorded, including matrices and masters for the production of discs, excluding products of Chapter 37",N/A,0.0,648358.0
X,484,MEX,604,PER,8523,"Discs, tapes, solid-state non-volatile storage devices, smart cards and other media for the recording of sound or of other phenomena, whether or not recorded, including matrices and masters for the production of discs, excluding products of Chapter 37",N/A,0.0,9222034.0
X,484,MEX,608,PHL,8523,"Discs, tapes, solid-state non-volatile storage devices, smart cards and other media for the recording of sound or of other phenomena, whether or not recorded, including matrices and masters for the production of discs, excluding products of Chapter 37",N/A,0.0,295953.0
X,484,MEX,616,POL,8523,"Discs, tapes, solid-state non-volatile storage devices, smart cards and other media for the recording of sound or of other phenomena, whether or not recorded, including matrices and masters for the production of discs, excluding products of Chapter 37",N/A,0.0,1117786.0
X,484,MEX,643,RUS,8523,"Discs, tapes, solid-state non-volatile storage devices, smart cards and other media for the recording of sound or of other phenomena, whether or not recorded, including matrices and masters for the production of discs, excluding products of Chapter 37",N/A,0.0,80889.0
X,484,MEX,682,SAU,8523,"Discs, tapes, solid-state non-volatile storage devices, smart cards and other media for the recording of sound or of other phenomena, whether or not recorded, including matrices and masters for the production of discs, excluding products of Chapter 37",N/A,0.0,6962.0
X,484,MEX,699,IND,8523,"Discs, tapes, solid-state non-volatile storage devices, smart cards and other media for the recording of sound or of other phenomena, whether or not recorded, including matrices and masters for the production of discs, excluding products of Chapter 37",N/A,0.0,1887481.0
X,484,MEX,702,SGP,8523,"Discs, tapes, solid-state non-volatile storage devices, smart cards and other media for the recording of sound or of other phenomena, whether or not recorded, including matrices and masters for the production of discs, excluding products of Chapter 37",N/A,0.0,2823297.0
X,484,MEX,704,VNM,8523,"Discs, tapes, solid-state non-volatile storage devices, smart cards and other media for the recording of sound or of other phenomena, whether or not recorded, including matrices and masters for the production of discs, excluding products of Chapter 37",N/A,0.0,340859.0
X,484,MEX,710,ZAF,8523,"Discs, tapes, solid-state non-volatile storage devices, smart cards and other media for the recording of sound or of other phenomena, whether or not recorded, including matrices and masters for the production of discs, excluding products of Chapter 37",N/A,0.0,5278142.0
X,484,MEX,724,ESP,8523,"Discs, tapes, solid-state non-volatile storage devices, smart cards and other media for the recording of sound or of other phenomena, whether or not recorded, including matrices and masters for the production of discs, excluding products of Chapter 37",N/A,0.0,988026.0
X,484,MEX,757,CHE,8523,"Discs, tapes, solid-state non-volatile storage devices, smart cards and other media for the recording of sound or of other phenomena, whether or not recorded, including matrices and masters for the production of discs, excluding products of Chapter 37",N/A,0.0,1103881.0
X,484,MEX,764,THA,8523,"Discs, tapes, solid-state non-volatile storage devices, smart cards and other media for the recording of sound or of other phenomena, whether or not recorded, including matrices and masters for the production of discs, excluding products of Chapter 37",N/A,0.0,362384.0
X,484,MEX,784,ARE,8523,"Discs, tapes, solid-state non-volatile storage devices, smart cards and other media for the recording of sound or of other phenomena, whether or not recorded, including matrices and masters for the production of discs, excluding products of Chapter 37",N/A,0.0,76574.0
X,484,MEX,792,TUR,8523,"Discs, tapes, solid-state non-volatile storage devices, smart cards and other media for the recording of sound or of other phenomena, whether or not recorded, including matrices and masters for the production of discs, excluding products of Chapter 37",N/A,0.0,377630.0
X,484,MEX,818,EGY,8523,"Discs, tapes, solid-state non-volatile storage devices, smart cards and other media for the recording of sound or of other phenomena, whether or not recorded, including matrices and masters for the production of discs, excluding products of Chapter 37",N/A,0.0,3358.0
X,484,MEX,826,GBR,8523,"Discs, tapes, solid-state non-volatile storage devices, smart cards and other media for the recording of sound or of other phenomena, whether or not recorded, including matrices and masters for the production of discs, excluding products of Chapter 37",N/A,0.0,5004714.0
X,484,MEX,842,USA,8523,"Discs, tapes, solid-state non-volatile storage devices, smart cards and other media for the recording of sound or of other phenomena, whether or not recorded, including matrices and masters for the production of discs, excluding products of Chapter 37",N/A,0.0,573084677.0
X,484,MEX,858,URY,8523,"Discs, tapes, solid-state non-volatile storage devices, smart cards and other media for the recording of sound or of other phenomena, whether or not recorded, including matrices and masters for the production of discs, excluding products of Chapter 37",N/A,0.0,1051156.0
X,484,MEX,862,VEN,8523,"Discs, tapes, solid-state non-volatile storage devices, smart cards and other media for the recording of sound or of other phenomena, whether or not recorded, including matrices and masters for the production of discs, excluding products of Chapter 37",N/A,0.0,146597.0
X,484,MEX,0,W00,8525,"Transmission apparatus for radio-broadcasting or television, whether or not incorporating reception apparatus or sound recording or reproducing apparatus; television cameras, digital cameras and video camera recorders",N/A,0.0,560238312.0
X,484,MEX,124,CAN,8525,"Transmission apparatus for radio-broadcasting or television, whether or not incorporating reception apparatus or sound recording or reproducing apparatus; television cameras, digital cameras and video camera recorders",N/A,0.0,250637.0
X,484,MEX,156,CHN,8525,"Transmission apparatus for radio-broadcasting or television, whether or not incorporating reception apparatus or sound recording or reproducing apparatus; television cameras, digital cameras and video camera recorders",u,591280.0,17119807.0
X,484,MEX,170,COL,8525,"Transmission apparatus for radio-broadcasting or television, whether or not incorporating reception apparatus or sound recording or reproducing apparatus; television cameras, digital cameras and video camera recorders",N/A,0.0,148007.0
X,484,MEX,188,CRI,8525,"Transmission apparatus for radio-broadcasting or television, whether or not incorporating reception apparatus or sound recording or reproducing apparatus; television cameras, digital cameras and video camera recorders",N/A,0.0,177071.0
X,484,MEX,192,CUB,8525,"Transmission apparatus for radio-broadcasting or television, whether or not incorporating reception apparatus or sound recording or reproducing apparatus; television cameras, digital cameras and video camera recorders",N/A,0.0,36790.0
X,484,MEX,214,DOM,8525,"Transmission apparatus for radio-broadcasting or television, whether or not incorporating reception apparatus or sound recording or reproducing apparatus; television cameras, digital cameras and video camera recorders",u,3458.0,38088.0
X,484,MEX,218,ECU,8525,"Transmission apparatus for radio-broadcasting or television, whether or not incorporating reception apparatus or sound recording or reproducing apparatus; television cameras, digital cameras and video camera recorders",u,286.0,33623.0
X,484,MEX,222,SLV,8525,"Transmission apparatus for radio-broadcasting or television, whether or not incorporating reception apparatus or sound recording or reproducing apparatus; television cameras, digital cameras and video camera recorders",N/A,0.0,182697.0
X,484,MEX,276,DEU,8525,"Transmission apparatus for radio-broadcasting or television, whether or not incorporating reception apparatus or sound recording or reproducing apparatus; television cameras, digital cameras and video camera recorders",u,145.0,37764.0
X,484,MEX,320,GTM,8525,"Transmission apparatus for radio-broadcasting or television, whether or not incorporating reception apparatus or sound recording or reproducing apparatus; television cameras, digital cameras and video camera recorders",N/A,0.0,519745.0
X,484,MEX,340,HND,8525,"Transmission apparatus for radio-broadcasting or television, whether or not incorporating reception apparatus or sound recording or reproducing apparatus; television cameras, digital cameras and video camera recorders",u,383.0,14283.0
X,484,MEX,344,HKG,8525,"Transmission apparatus for radio-broadcasting or television, whether or not incorporating reception apparatus or sound recording or reproducing apparatus; television cameras, digital cameras and video camera recorders",u,3497.0,114396.0
X,484,MEX,348,HUN,8525,"Transmission apparatus for radio-broadcasting or television, whether or not incorporating reception apparatus or sound recording or reproducing apparatus; television cameras, digital cameras and video camera recorders",N/A,0.0,584345.0
X,484,MEX,380,ITA,8525,"Transmission apparatus for radio-broadcasting or television, whether or not incorporating reception apparatus or sound recording or reproducing apparatus; television cameras, digital cameras and video camera recorders",u,20.0,8884.0
X,484,MEX,392,JPN,8525,"Transmission apparatus for radio-broadcasting or television, whether or not incorporating reception apparatus or sound recording or reproducing apparatus; television cameras, digital cameras and video camera recorders",N/A,0.0,124462.0
X,484,MEX,458,MYS,8525,"Transmission apparatus for radio-broadcasting or television, whether or not incorporating reception apparatus or sound recording or reproducing apparatus; television cameras, digital cameras and video camera recorders",u,18235.0,724749.0
X,484,MEX,490,S19,8525,"Transmission apparatus for radio-broadcasting or television, whether or not incorporating reception apparatus or sound recording or reproducing apparatus; television cameras, digital cameras and video camera recorders",u,14591.0,411986.0
X,484,MEX,528,NLD,8525,"Transmission apparatus for radio-broadcasting or television, whether or not incorporating reception apparatus or sound recording or reproducing apparatus; television cameras, digital cameras and video camera recorders",N/A,0.0,665956.0
X,484,MEX,558,NIC,8525,"Transmission apparatus for radio-broadcasting or television, whether or not incorporating reception apparatus or sound recording or reproducing apparatus; television cameras, digital cameras and video camera recorders",u,411.0,9667.0
X,484,MEX,591,PAN,8525,"Transmission apparatus for radio-broadcasting or television, whether or not incorporating reception apparatus or sound recording or reproducing apparatus; television cameras, digital cameras and video camera recorders",N/A,0.0,28232.0
X,484,MEX,702,SGP,8525,"Transmission apparatus for radio-broadcasting or television, whether or not incorporating reception apparatus or sound recording or reproducing apparatus; television cameras, digital cameras and video camera recorders",u,15143.0,334147.0
X,484,MEX,724,ESP,8525,"Transmission apparatus for radio-broadcasting or television, whether or not incorporating reception apparatus or sound recording or reproducing apparatus; television cameras, digital cameras and video camera recorders",N/A,0.0,32569.0
X,484,MEX,842,USA,8525,"Transmission apparatus for radio-broadcasting or television, whether or not incorporating reception apparatus or sound recording or reproducing apparatus; television cameras, digital cameras and video camera recorders",u,13229892.262,538640407.0
X,484,MEX,0,W00,8526,"Radar apparatus, radio navigational aid apparatus and radio remote control apparatus",N/A,0.0,791880818.0
X,484,MEX,32,ARG,8526,"Radar apparatus, radio navigational aid apparatus and radio remote control apparatus",N/A,0.0,739606.0
X,484,MEX,36,AUS,8526,"Radar apparatus, radio navigational aid apparatus and radio remote control apparatus",N/A,0.0,111376.0
X,484,MEX,76,BRA,8526,"Radar apparatus, radio navigational aid apparatus and radio remote control apparatus",N/A,0.0,6359923.0
X,484,MEX,124,CAN,8526,"Radar apparatus, radio navigational aid apparatus and radio remote control apparatus",N/A,0.0,12112841.0
X,484,MEX,152,CHL,8526,"Radar apparatus, radio navigational aid apparatus and radio remote control apparatus",N/A,0.0,11548.0
X,484,MEX,156,CHN,8526,"Radar apparatus, radio navigational aid apparatus and radio remote control apparatus",N/A,0.0,5857636.0
X,484,MEX,170,COL,8526,"Radar apparatus, radio navigational aid apparatus and radio remote control apparatus",N/A,0.0,100498.0
X,484,MEX,188,CRI,8526,"Radar apparatus, radio navigational aid apparatus and radio remote control apparatus",N/A,0.0,115369.0
X,484,MEX,214,DOM,8526,"Radar apparatus, radio navigational aid apparatus and radio remote control apparatus",N/A,0.0,160972.0
X,484,MEX,218,ECU,8526,"Radar apparatus, radio navigational aid apparatus and radio remote control apparatus",N/A,0.0,310780.0
X,484,MEX,222,SLV,8526,"Radar apparatus, radio navigational aid apparatus and radio remote control apparatus",N/A,0.0,29840.0
X,484,MEX,251,FRA,8526,"Radar apparatus, radio navigational aid apparatus and radio remote control apparatus",N/A,0.0,644763.0
X,484,MEX,276,DEU,8526,"Radar apparatus, radio navigational aid apparatus and radio remote control apparatus",N/A,0.0,9500651.0
X,484,MEX,320,GTM,8526,"Radar apparatus, radio navigational aid apparatus and radio remote control apparatus",N/A,0.0,75573.0
X,484,MEX,340,HND,8526,"Radar apparatus, radio navigational aid apparatus and radio remote control apparatus",N/A,0.0,113377.0
X,484,MEX,376,ISR,8526,"Radar apparatus, radio navigational aid apparatus and radio remote control apparatus",N/A,0.0,39315.0
X,484,MEX,380,ITA,8526,"Radar apparatus, radio navigational aid apparatus and radio remote control apparatus",N/A,0.0,187423.0
X,484,MEX,392,JPN,8526,"Radar apparatus, radio navigational aid apparatus and radio remote control apparatus",N/A,0.0,408467.0
X,484,MEX,490,S19,8526,"Radar apparatus, radio navigational aid apparatus and radio remote control apparatus",N/A,0.0,17197.0
X,484,MEX,528,NLD,8526,"Radar apparatus, radio navigational aid apparatus and radio remote control apparatus",N/A,0.0,25768000.0
X,484,MEX,554,NZL,8526,"Radar apparatus, radio navigational aid apparatus and radio remote control apparatus",u,115.0,5890.0
X,484,MEX,558,NIC,8526,"Radar apparatus, radio navigational aid apparatus and radio remote control apparatus",N/A,0.0,29310.0
X,484,MEX,591,PAN,8526,"Radar apparatus, radio navigational aid apparatus and radio remote control apparatus",N/A,0.0,47893.0
X,484,MEX,604,PER,8526,"Radar apparatus, radio navigational aid apparatus and radio remote control apparatus",N/A,0.0,46307.0
X,484,MEX,699,IND,8526,"Radar apparatus, radio navigational aid apparatus and radio remote control apparatus",u,13452.0,164802.0
X,484,MEX,702,SGP,8526,"Radar apparatus, radio navigational aid apparatus and radio remote control apparatus",N/A,0.0,319138.0
X,484,MEX,724,ESP,8526,"Radar apparatus, radio navigational aid apparatus and radio remote control apparatus",N/A,0.0,742424.0
X,484,MEX,826,GBR,8526,"Radar apparatus, radio navigational aid apparatus and radio remote control apparatus",N/A,0.0,3736516.0
X,484,MEX,842,USA,8526,"Radar apparatus, radio navigational aid apparatus and radio remote control apparatus",N/A,0.0,724123383.0
X,484,MEX,0,W00,8527,"Reception apparatus for radio-broadcasting, whether or not combined, in the same housing, with sound recording or reproducing apparatus or a clock.",N/A,0.0,1620195670.0
X,484,MEX,76,BRA,8527,"Reception apparatus for radio-broadcasting, whether or not combined, in the same housing, with sound recording or reproducing apparatus or a clock.",u,488744.0,105464995.0
X,484,MEX,124,CAN,8527,"Reception apparatus for radio-broadcasting, whether or not combined, in the same housing, with sound recording or reproducing apparatus or a clock.",N/A,0.0,10161142.0
X,484,MEX,156,CHN,8527,"Reception apparatus for radio-broadcasting, whether or not combined, in the same housing, with sound recording or reproducing apparatus or a clock.",N/A,0.0,3834493.0
X,484,MEX,170,COL,8527,"Reception apparatus for radio-broadcasting, whether or not combined, in the same housing, with sound recording or reproducing apparatus or a clock.",N/A,0.0,417830.0
X,484,MEX,188,CRI,8527,"Reception apparatus for radio-broadcasting, whether or not combined, in the same housing, with sound recording or reproducing apparatus or a clock.",N/A,0.0,92003.0
X,484,MEX,192,CUB,8527,"Reception apparatus for radio-broadcasting, whether or not combined, in the same housing, with sound recording or reproducing apparatus or a clock.",N/A,0.0,22043.0
X,484,MEX,218,ECU,8527,"Reception apparatus for radio-broadcasting, whether or not combined, in the same housing, with sound recording or reproducing apparatus or a clock.",N/A,0.0,136221.0
X,484,MEX,222,SLV,8527,"Reception apparatus for radio-broadcasting, whether or not combined, in the same housing, with sound recording or reproducing apparatus or a clock.",N/A,0.0,62201.0
X,484,MEX,320,GTM,8527,"Reception apparatus for radio-broadcasting, whether or not combined, in the same housing, with sound recording or reproducing apparatus or a clock.",N/A,0.0,164707.0
X,484,MEX,392,JPN,8527,"Reception apparatus for radio-broadcasting, whether or not combined, in the same housing, with sound recording or reproducing apparatus or a clock.",N/A,0.0,157638651.0
X,484,MEX,558,NIC,8527,"Reception apparatus for radio-broadcasting, whether or not combined, in the same housing, with sound recording or reproducing apparatus or a clock.",N/A,0.0,2582.0
X,484,MEX,591,PAN,8527,"Reception apparatus for radio-broadcasting, whether or not combined, in the same housing, with sound recording or reproducing apparatus or a clock.",N/A,0.0,21823.0
X,484,MEX,604,PER,8527,"Reception apparatus for radio-broadcasting, whether or not combined, in the same housing, with sound recording or reproducing apparatus or a clock.",u,499.0,148362.0
X,484,MEX,842,USA,8527,"Reception apparatus for radio-broadcasting, whether or not combined, in the same housing, with sound recording or reproducing apparatus or a clock.",N/A,0.0,1342028617.0
X,484,MEX,0,W00,8528,"Monitors and projectors, not incorporating television reception apparatus; reception apparatus for television, whether or not incorporating radio-broadcast receivers or sound or video recording or reproducing apparatus",N/A,0.0,15596659099.0
X,484,MEX,32,ARG,8528,"Monitors and projectors, not incorporating television reception apparatus; reception apparatus for television, whether or not incorporating radio-broadcast receivers or sound or video recording or reproducing apparatus",N/A,0.0,1103203.0
X,484,MEX,36,AUS,8528,"Monitors and projectors, not incorporating television reception apparatus; reception apparatus for television, whether or not incorporating radio-broadcast receivers or sound or video recording or reproducing apparatus",N/A,0.0,187425.0
X,484,MEX,52,BRB,8528,"Monitors and projectors, not incorporating television reception apparatus; reception apparatus for television, whether or not incorporating radio-broadcast receivers or sound or video recording or reproducing apparatus",u,1942.0,445143.0
X,484,MEX,56,BEL,8528,"Monitors and projectors, not incorporating television reception apparatus; reception apparatus for television, whether or not incorporating radio-broadcast receivers or sound or video recording or reproducing apparatus",N/A,0.0,26773.0
X,484,MEX,76,BRA,8528,"Monitors and projectors, not incorporating television reception apparatus; reception apparatus for television, whether or not incorporating radio-broadcast receivers or sound or video recording or reproducing apparatus",N/A,0.0,2778735.0
X,484,MEX,84,BLZ,8528,"Monitors and projectors, not incorporating television reception apparatus; reception apparatus for television, whether or not incorporating radio-broadcast receivers or sound or video recording or reproducing apparatus",N/A,0.0,211534.0
X,484,MEX,124,CAN,8528,"Monitors and projectors, not incorporating television reception apparatus; reception apparatus for television, whether or not incorporating radio-broadcast receivers or sound or video recording or reproducing apparatus",N/A,0.0,526608630.0
X,484,MEX,152,CHL,8528,"Monitors and projectors, not incorporating television reception apparatus; reception apparatus for television, whether or not incorporating radio-broadcast receivers or sound or video recording or reproducing apparatus",N/A,0.0,309501658.0
X,484,MEX,156,CHN,8528,"Monitors and projectors, not incorporating television reception apparatus; reception apparatus for television, whether or not incorporating radio-broadcast receivers or sound or video recording or reproducing apparatus",N/A,0.0,13237815.0
X,484,MEX,170,COL,8528,"Monitors and projectors, not incorporating television reception apparatus; reception apparatus for television, whether or not incorporating radio-broadcast receivers or sound or video recording or reproducing apparatus",N/A,0.0,352065509.0
X,484,MEX,188,CRI,8528,"Monitors and projectors, not incorporating television reception apparatus; reception apparatus for television, whether or not incorporating radio-broadcast receivers or sound or video recording or reproducing apparatus",N/A,0.0,25764375.0
X,484,MEX,192,CUB,8528,"Monitors and projectors, not incorporating television reception apparatus; reception apparatus for television, whether or not incorporating radio-broadcast receivers or sound or video recording or reproducing apparatus",N/A,0.0,207861.0
X,484,MEX,203,CZE,8528,"Monitors and projectors, not incorporating television reception apparatus; reception apparatus for television, whether or not incorporating radio-broadcast receivers or sound or video recording or reproducing apparatus",N/A,0.0,35117.0
X,484,MEX,214,DOM,8528,"Monitors and projectors, not incorporating television reception apparatus; reception apparatus for television, whether or not incorporating radio-broadcast receivers or sound or video recording or reproducing apparatus",N/A,0.0,8957438.0
X,484,MEX,218,ECU,8528,"Monitors and projectors, not incorporating television reception apparatus; reception apparatus for television, whether or not incorporating radio-broadcast receivers or sound or video recording or reproducing apparatus",N/A,0.0,33505651.0
X,484,MEX,222,SLV,8528,"Monitors and projectors, not incorporating television reception apparatus; reception apparatus for television, whether or not incorporating radio-broadcast receivers or sound or video recording or reproducing apparatus",N/A,0.0,62295452.0
X,484,MEX,251,FRA,8528,"Monitors and projectors, not incorporating television reception apparatus; reception apparatus for television, whether or not incorporating radio-broadcast receivers or sound or video recording or reproducing apparatus",N/A,0.0,48031.0
X,484,MEX,276,DEU,8528,"Monitors and projectors, not incorporating television reception apparatus; reception apparatus for television, whether or not incorporating radio-broadcast receivers or sound or video recording or reproducing apparatus",N/A,0.0,811966.0
X,484,MEX,308,GRD,8528,"Monitors and projectors, not incorporating television reception apparatus; reception apparatus for television, whether or not incorporating radio-broadcast receivers or sound or video recording or reproducing apparatus",N/A,0.0,63134.0
X,484,MEX,320,GTM,8528,"Monitors and projectors, not incorporating television reception apparatus; reception apparatus for television, whether or not incorporating radio-broadcast receivers or sound or video recording or reproducing apparatus",N/A,0.0,91808543.0
X,484,MEX,340,HND,8528,"Monitors and projectors, not incorporating television reception apparatus; reception apparatus for television, whether or not incorporating radio-broadcast receivers or sound or video recording or reproducing apparatus",N/A,0.0,43908843.0
X,484,MEX,344,HKG,8528,"Monitors and projectors, not incorporating television reception apparatus; reception apparatus for television, whether or not incorporating radio-broadcast receivers or sound or video recording or reproducing apparatus",N/A,0.0,1568387.0
X,484,MEX,348,HUN,8528,"Monitors and projectors, not incorporating television reception apparatus; reception apparatus for television, whether or not incorporating radio-broadcast receivers or sound or video recording or reproducing apparatus",N/A,0.0,146782.0
X,484,MEX,380,ITA,8528,"Monitors and projectors, not incorporating television reception apparatus; reception apparatus for television, whether or not incorporating radio-broadcast receivers or sound or video recording or reproducing apparatus",N/A,0.0,60574.0
X,484,MEX,388,JAM,8528,"Monitors and projectors, not incorporating television reception apparatus; reception apparatus for television, whether or not incorporating radio-broadcast receivers or sound or video recording or reproducing apparatus",N/A,0.0,395009.0
X,484,MEX,392,JPN,8528,"Monitors and projectors, not incorporating television reception apparatus; reception apparatus for television, whether or not incorporating radio-broadcast receivers or sound or video recording or reproducing apparatus",N/A,0.0,1329814.0
X,484,MEX,410,KOR,8528,"Monitors and projectors, not incorporating television reception apparatus; reception apparatus for television, whether or not incorporating radio-broadcast receivers or sound or video recording or reproducing apparatus",N/A,0.0,60772076.0
X,484,MEX,458,MYS,8528,"Monitors and projectors, not incorporating television reception apparatus; reception apparatus for television, whether or not incorporating radio-broadcast receivers or sound or video recording or reproducing apparatus",N/A,0.0,58538.0
X,484,MEX,490,S19,8528,"Monitors and projectors, not incorporating television reception apparatus; reception apparatus for television, whether or not incorporating radio-broadcast receivers or sound or video recording or reproducing apparatus",N/A,0.0,1656976.0
X,484,MEX,528,NLD,8528,"Monitors and projectors, not incorporating television reception apparatus; reception apparatus for television, whether or not incorporating radio-broadcast receivers or sound or video recording or reproducing apparatus",N/A,0.0,3148031.0
X,484,MEX,531,CUW,8528,"Monitors and projectors, not incorporating television reception apparatus; reception apparatus for television, whether or not incorporating radio-broadcast receivers or sound or video recording or reproducing apparatus",N/A,0.0,29176.0
X,484,MEX,558,NIC,8528,"Monitors and projectors, not incorporating television reception apparatus; reception apparatus for television, whether or not incorporating radio-broadcast receivers or sound or video recording or reproducing apparatus",N/A,0.0,6095266.0
X,484,MEX,591,PAN,8528,"Monitors and projectors, not incorporating television reception apparatus; reception apparatus for television, whether or not incorporating radio-broadcast receivers or sound or video recording or reproducing apparatus",N/A,0.0,52853514.0
X,484,MEX,604,PER,8528,"Monitors and projectors, not incorporating television reception apparatus; reception apparatus for television, whether or not incorporating radio-broadcast receivers or sound or video recording or reproducing apparatus",N/A,0.0,257351500.0
X,484,MEX,699,IND,8528,"Monitors and projectors, not incorporating television reception apparatus; reception apparatus for television, whether or not incorporating radio-broadcast receivers or sound or video recording or reproducing apparatus",N/A,0.0,10809.0
X,484,MEX,724,ESP,8528,"Monitors and projectors, not incorporating television reception apparatus; reception apparatus for television, whether or not incorporating radio-broadcast receivers or sound or video recording or reproducing apparatus",N/A,0.0,49632.0
X,484,MEX,780,TTO,8528,"Monitors and projectors, not incorporating television reception apparatus; reception apparatus for television, whether or not incorporating radio-broadcast receivers or sound or video recording or reproducing apparatus",N/A,0.0,1482021.0
X,484,MEX,842,USA,8528,"Monitors and projectors, not incorporating television reception apparatus; reception apparatus for television, whether or not incorporating radio-broadcast receivers or sound or video recording or reproducing apparatus",N/A,0.0,13719485435.0
X,484,MEX,858,URY,8528,"Monitors and projectors, not incorporating television reception apparatus; reception apparatus for television, whether or not incorporating radio-broadcast receivers or sound or video recording or reproducing apparatus",N/A,0.0,15426300.0
X,484,MEX,862,VEN,8528,"Monitors and projectors, not incorporating television reception apparatus; reception apparatus for television, whether or not incorporating radio-broadcast receivers or sound or video recording or reproducing apparatus",N/A,0.0,1166423.0
X,484,MEX,0,W00,8529,Transmission apparatus; parts suitable for use solely or principally with the apparatus of heading no. 8525 to 8528,N/A,0.0,556626132.0
X,484,MEX,32,ARG,8529,Transmission apparatus; parts suitable for use solely or principally with the apparatus of heading no. 8525 to 8528,N/A,0.0,4732896.0
X,484,MEX,56,BEL,8529,Transmission apparatus; parts suitable for use solely or principally with the apparatus of heading no. 8525 to 8528,N/A,0.0,378949.0
X,484,MEX,76,BRA,8529,Transmission apparatus; parts suitable for use solely or principally with the apparatus of heading no. 8525 to 8528,N/A,0.0,23041127.0
X,484,MEX,124,CAN,8529,Transmission apparatus; parts suitable for use solely or principally with the apparatus of heading no. 8525 to 8528,kg,86094.118,3514812.0
X,484,MEX,152,CHL,8529,Transmission apparatus; parts suitable for use solely or principally with the apparatus of heading no. 8525 to 8528,N/A,0.0,445567.0
X,484,MEX,156,CHN,8529,Transmission apparatus; parts suitable for use solely or principally with the apparatus of heading no. 8525 to 8528,N/A,0.0,30338151.0
X,484,MEX,170,COL,8529,Transmission apparatus; parts suitable for use solely or principally with the apparatus of heading no. 8525 to 8528,N/A,0.0,3188296.0
X,484,MEX,188,CRI,8529,Transmission apparatus; parts suitable for use solely or principally with the apparatus of heading no. 8525 to 8528,N/A,0.0,61571.0
X,484,MEX,192,CUB,8529,Transmission apparatus; parts suitable for use solely or principally with the apparatus of heading no. 8525 to 8528,N/A,0.0,5912.0
X,484,MEX,214,DOM,8529,Transmission apparatus; parts suitable for use solely or principally with the apparatus of heading no. 8525 to 8528,kg,487.0,2925.0
X,484,MEX,218,ECU,8529,Transmission apparatus; parts suitable for use solely or principally with the apparatus of heading no. 8525 to 8528,N/A,0.0,81713.0
X,484,MEX,222,SLV,8529,Transmission apparatus; parts suitable for use solely or principally with the apparatus of heading no. 8525 to 8528,N/A,0.0,454036.0
X,484,MEX,246,FIN,8529,Transmission apparatus; parts suitable for use solely or principally with the apparatus of heading no. 8525 to 8528,N/A,0.0,2606.0
X,484,MEX,251,FRA,8529,Transmission apparatus; parts suitable for use solely or principally with the apparatus of heading no. 8525 to 8528,N/A,0.0,80556.0
X,484,MEX,276,DEU,8529,Transmission apparatus; parts suitable for use solely or principally with the apparatus of heading no. 8525 to 8528,N/A,0.0,15263403.0
X,484,MEX,320,GTM,8529,Transmission apparatus; parts suitable for use solely or principally with the apparatus of heading no. 8525 to 8528,N/A,0.0,398213.0
X,484,MEX,340,HND,8529,Transmission apparatus; parts suitable for use solely or principally with the apparatus of heading no. 8525 to 8528,N/A,0.0,190554.0
X,484,MEX,344,HKG,8529,Transmission apparatus; parts suitable for use solely or principally with the apparatus of heading no. 8525 to 8528,N/A,0.0,28454.0
X,484,MEX,348,HUN,8529,Transmission apparatus; parts suitable for use solely or principally with the apparatus of heading no. 8525 to 8528,N/A,0.0,82283192.0
X,484,MEX,380,ITA,8529,Transmission apparatus; parts suitable for use solely or principally with the apparatus of heading no. 8525 to 8528,N/A,0.0,1254.0
X,484,MEX,392,JPN,8529,Transmission apparatus; parts suitable for use solely or principally with the apparatus of heading no. 8525 to 8528,N/A,0.0,1003798.0
X,484,MEX,410,KOR,8529,Transmission apparatus; parts suitable for use solely or principally with the apparatus of heading no. 8525 to 8528,N/A,0.0,2373712.0
X,484,MEX,458,MYS,8529,Transmission apparatus; parts suitable for use solely or principally with the apparatus of heading no. 8525 to 8528,N/A,0.0,45429.0
X,484,MEX,490,S19,8529,Transmission apparatus; parts suitable for use solely or principally with the apparatus of heading no. 8525 to 8528,N/A,0.0,552397.0
X,484,MEX,528,NLD,8529,Transmission apparatus; parts suitable for use solely or principally with the apparatus of heading no. 8525 to 8528,N/A,0.0,364198.0
X,484,MEX,558,NIC,8529,Transmission apparatus; parts suitable for use solely or principally with the apparatus of heading no. 8525 to 8528,N/A,0.0,523546.0
X,484,MEX,591,PAN,8529,Transmission apparatus; parts suitable for use solely or principally with the apparatus of heading no. 8525 to 8528,N/A,0.0,13968015.0
X,484,MEX,604,PER,8529,Transmission apparatus; parts suitable for use solely or principally with the apparatus of heading no. 8525 to 8528,N/A,0.0,700278.0
X,484,MEX,616,POL,8529,Transmission apparatus; parts suitable for use solely or principally with the apparatus of heading no. 8525 to 8528,N/A,0.0,166277.0
X,484,MEX,642,ROU,8529,Transmission apparatus; parts suitable for use solely or principally with the apparatus of heading no. 8525 to 8528,N/A,0.0,404608.0
X,484,MEX,643,RUS,8529,Transmission apparatus; parts suitable for use solely or principally with the apparatus of heading no. 8525 to 8528,N/A,0.0,734932.0
X,484,MEX,699,IND,8529,Transmission apparatus; parts suitable for use solely or principally with the apparatus of heading no. 8525 to 8528,N/A,0.0,1022428.0
X,484,MEX,702,SGP,8529,Transmission apparatus; parts suitable for use solely or principally with the apparatus of heading no. 8525 to 8528,N/A,0.0,786.0
X,484,MEX,704,VNM,8529,Transmission apparatus; parts suitable for use solely or principally with the apparatus of heading no. 8525 to 8528,N/A,0.0,2186147.0
X,484,MEX,724,ESP,8529,Transmission apparatus; parts suitable for use solely or principally with the apparatus of heading no. 8525 to 8528,N/A,0.0,3265708.0
X,484,MEX,764,THA,8529,Transmission apparatus; parts suitable for use solely or principally with the apparatus of heading no. 8525 to 8528,N/A,0.0,548659.0
X,484,MEX,826,GBR,8529,Transmission apparatus; parts suitable for use solely or principally with the apparatus of heading no. 8525 to 8528,N/A,0.0,1372304.0
X,484,MEX,842,USA,8529,Transmission apparatus; parts suitable for use solely or principally with the apparatus of heading no. 8525 to 8528,N/A,0.0,362898723.0
X,484,MEX,0,W00,8530,"Signalling, safety or traffic control equipment; for railways, tramways, roads, inland waterways, parking facilities, port installations, airfields, excluding those of heading no. 8608",N/A,0.0,95530315.0
X,484,MEX,320,GTM,8530,"Signalling, safety or traffic control equipment; for railways, tramways, roads, inland waterways, parking facilities, port installations, airfields, excluding those of heading no. 8608",N/A,0.0,18083.0
X,484,MEX,842,USA,8530,"Signalling, safety or traffic control equipment; for railways, tramways, roads, inland waterways, parking facilities, port installations, airfields, excluding those of heading no. 8608",N/A,0.0,95512232.0
X,484,MEX,0,W00,8531,"Signalling apparatus; electric sound or visual (e.g. bells, sirens, indicator panels, burglar or fire alarms), excluding those of heading no. 8512 or 8530",N/A,0.0,761063533.0
X,484,MEX,76,BRA,8531,"Signalling apparatus; electric sound or visual (e.g. bells, sirens, indicator panels, burglar or fire alarms), excluding those of heading no. 8512 or 8530",N/A,0.0,1394411.0
X,484,MEX,124,CAN,8531,"Signalling apparatus; electric sound or visual (e.g. bells, sirens, indicator panels, burglar or fire alarms), excluding those of heading no. 8512 or 8530",N/A,0.0,20111314.0
X,484,MEX,152,CHL,8531,"Signalling apparatus; electric sound or visual (e.g. bells, sirens, indicator panels, burglar or fire alarms), excluding those of heading no. 8512 or 8530",N/A,0.0,99956.0
X,484,MEX,156,CHN,8531,"Signalling apparatus; electric sound or visual (e.g. bells, sirens, indicator panels, burglar or fire alarms), excluding those of heading no. 8512 or 8530",N/A,0.0,2594348.0
X,484,MEX,170,COL,8531,"Signalling apparatus; electric sound or visual (e.g. bells, sirens, indicator panels, burglar or fire alarms), excluding those of heading no. 8512 or 8530",N/A,0.0,260792.0
X,484,MEX,188,CRI,8531,"Signalling apparatus; electric sound or visual (e.g. bells, sirens, indicator panels, burglar or fire alarms), excluding those of heading no. 8512 or 8530",N/A,0.0,201436.0
X,484,MEX,192,CUB,8531,"Signalling apparatus; electric sound or visual (e.g. bells, sirens, indicator panels, burglar or fire alarms), excluding those of heading no. 8512 or 8530",N/A,0.0,49807.0
X,484,MEX,203,CZE,8531,"Signalling apparatus; electric sound or visual (e.g. bells, sirens, indicator panels, burglar or fire alarms), excluding those of heading no. 8512 or 8530",N/A,0.0,22336.0
X,484,MEX,214,DOM,8531,"Signalling apparatus; electric sound or visual (e.g. bells, sirens, indicator panels, burglar or fire alarms), excluding those of heading no. 8512 or 8530",N/A,0.0,20131.0
X,484,MEX,218,ECU,8531,"Signalling apparatus; electric sound or visual (e.g. bells, sirens, indicator panels, burglar or fire alarms), excluding those of heading no. 8512 or 8530",N/A,0.0,153371.0
X,484,MEX,222,SLV,8531,"Signalling apparatus; electric sound or visual (e.g. bells, sirens, indicator panels, burglar or fire alarms), excluding those of heading no. 8512 or 8530",N/A,0.0,142020.0
X,484,MEX,276,DEU,8531,"Signalling apparatus; electric sound or visual (e.g. bells, sirens, indicator panels, burglar or fire alarms), excluding those of heading no. 8512 or 8530",N/A,0.0,1043.0
X,484,MEX,320,GTM,8531,"Signalling apparatus; electric sound or visual (e.g. bells, sirens, indicator panels, burglar or fire alarms), excluding those of heading no. 8512 or 8530",N/A,0.0,304264.0
X,484,MEX,340,HND,8531,"Signalling apparatus; electric sound or visual (e.g. bells, sirens, indicator panels, burglar or fire alarms), excluding those of heading no. 8512 or 8530",N/A,0.0,48151.0
X,484,MEX,344,HKG,8531,"Signalling apparatus; electric sound or visual (e.g. bells, sirens, indicator panels, burglar or fire alarms), excluding those of heading no. 8512 or 8530",N/A,0.0,217.0
X,484,MEX,380,ITA,8531,"Signalling apparatus; electric sound or visual (e.g. bells, sirens, indicator panels, burglar or fire alarms), excluding those of heading no. 8512 or 8530",N/A,0.0,13365.0
X,484,MEX,392,JPN,8531,"Signalling apparatus; electric sound or visual (e.g. bells, sirens, indicator panels, burglar or fire alarms), excluding those of heading no. 8512 or 8530",N/A,0.0,3659.0
X,484,MEX,528,NLD,8531,"Signalling apparatus; electric sound or visual (e.g. bells, sirens, indicator panels, burglar or fire alarms), excluding those of heading no. 8512 or 8530",N/A,0.0,24005367.0
X,484,MEX,558,NIC,8531,"Signalling apparatus; electric sound or visual (e.g. bells, sirens, indicator panels, burglar or fire alarms), excluding those of heading no. 8512 or 8530",N/A,0.0,30074.0
X,484,MEX,591,PAN,8531,"Signalling apparatus; electric sound or visual (e.g. bells, sirens, indicator panels, burglar or fire alarms), excluding those of heading no. 8512 or 8530",N/A,0.0,67539.0
X,484,MEX,604,PER,8531,"Signalling apparatus; electric sound or visual (e.g. bells, sirens, indicator panels, burglar or fire alarms), excluding those of heading no. 8512 or 8530",N/A,0.0,102793.0
X,484,MEX,702,SGP,8531,"Signalling apparatus; electric sound or visual (e.g. bells, sirens, indicator panels, burglar or fire alarms), excluding those of heading no. 8512 or 8530",N/A,0.0,2082583.0
X,484,MEX,724,ESP,8531,"Signalling apparatus; electric sound or visual (e.g. bells, sirens, indicator panels, burglar or fire alarms), excluding those of heading no. 8512 or 8530",N/A,0.0,1176842.0
X,484,MEX,826,GBR,8531,"Signalling apparatus; electric sound or visual (e.g. bells, sirens, indicator panels, burglar or fire alarms), excluding those of heading no. 8512 or 8530",N/A,0.0,60076.0
X,484,MEX,842,USA,8531,"Signalling apparatus; electric sound or visual (e.g. bells, sirens, indicator panels, burglar or fire alarms), excluding those of heading no. 8512 or 8530",N/A,0.0,708117638.0
X,484,MEX,0,W00,8532,"Electrical capacitors; fixed, variable or adjustable (pre-set)",N/A,0.0,676571811.0
X,484,MEX,76,BRA,8532,"Electrical capacitors; fixed, variable or adjustable (pre-set)",N/A,0.0,4958690.0
X,484,MEX,124,CAN,8532,"Electrical capacitors; fixed, variable or adjustable (pre-set)",N/A,0.0,847132.0
X,484,MEX,156,CHN,8532,"Electrical capacitors; fixed, variable or adjustable (pre-set)",N/A,0.0,3537814.0
X,484,MEX,170,COL,8532,"Electrical capacitors; fixed, variable or adjustable (pre-set)",N/A,0.0,37284.0
X,484,MEX,188,CRI,8532,"Electrical capacitors; fixed, variable or adjustable (pre-set)",N/A,0.0,81321.0
X,484,MEX,192,CUB,8532,"Electrical capacitors; fixed, variable or adjustable (pre-set)",N/A,0.0,13212.0
X,484,MEX,203,CZE,8532,"Electrical capacitors; fixed, variable or adjustable (pre-set)",N/A,0.0,84322.0
X,484,MEX,214,DOM,8532,"Electrical capacitors; fixed, variable or adjustable (pre-set)",N/A,0.0,33273.0
X,484,MEX,218,ECU,8532,"Electrical capacitors; fixed, variable or adjustable (pre-set)",N/A,0.0,20785.0
X,484,MEX,222,SLV,8532,"Electrical capacitors; fixed, variable or adjustable (pre-set)",N/A,0.0,12418.0
X,484,MEX,246,FIN,8532,"Electrical capacitors; fixed, variable or adjustable (pre-set)",N/A,0.0,62671.0
X,484,MEX,251,FRA,8532,"Electrical capacitors; fixed, variable or adjustable (pre-set)",N/A,0.0,195231.0
X,484,MEX,276,DEU,8532,"Electrical capacitors; fixed, variable or adjustable (pre-set)",N/A,0.0,518848.0
X,484,MEX,320,GTM,8532,"Electrical capacitors; fixed, variable or adjustable (pre-set)",N/A,0.0,38229.0
X,484,MEX,340,HND,8532,"Electrical capacitors; fixed, variable or adjustable (pre-set)",N/A,0.0,2332.0
X,484,MEX,344,HKG,8532,"Electrical capacitors; fixed, variable or adjustable (pre-set)",N/A,0.0,1442690.0
X,484,MEX,348,HUN,8532,"Electrical capacitors; fixed, variable or adjustable (pre-set)",N/A,0.0,8108938.0
X,484,MEX,380,ITA,8532,"Electrical capacitors; fixed, variable or adjustable (pre-set)",N/A,0.0,109153.0
X,484,MEX,392,JPN,8532,"Electrical capacitors; fixed, variable or adjustable (pre-set)",N/A,0.0,41011.0
X,484,MEX,410,KOR,8532,"Electrical capacitors; fixed, variable or adjustable (pre-set)",N/A,0.0,896392.0
X,484,MEX,458,MYS,8532,"Electrical capacitors; fixed, variable or adjustable (pre-set)",N/A,0.0,1735155.0
X,484,MEX,490,S19,8532,"Electrical capacitors; fixed, variable or adjustable (pre-set)",N/A,0.0,542502.0
X,484,MEX,558,NIC,8532,"Electrical capacitors; fixed, variable or adjustable (pre-set)",N/A,0.0,9320.0
X,484,MEX,591,PAN,8532,"Electrical capacitors; fixed, variable or adjustable (pre-set)",N/A,0.0,3160.0
X,484,MEX,604,PER,8532,"Electrical capacitors; fixed, variable or adjustable (pre-set)",N/A,0.0,1089.0
X,484,MEX,608,PHL,8532,"Electrical capacitors; fixed, variable or adjustable (pre-set)",N/A,0.0,8200.0
X,484,MEX,616,POL,8532,"Electrical capacitors; fixed, variable or adjustable (pre-set)",N/A,0.0,323689.0
X,484,MEX,642,ROU,8532,"Electrical capacitors; fixed, variable or adjustable (pre-set)",N/A,0.0,95718.0
X,484,MEX,699,IND,8532,"Electrical capacitors; fixed, variable or adjustable (pre-set)",N/A,0.0,788686.0
X,484,MEX,702,SGP,8532,"Electrical capacitors; fixed, variable or adjustable (pre-set)",N/A,0.0,76172.0
X,484,MEX,704,VNM,8532,"Electrical capacitors; fixed, variable or adjustable (pre-set)",N/A,0.0,18622.0
X,484,MEX,724,ESP,8532,"Electrical capacitors; fixed, variable or adjustable (pre-set)",N/A,0.0,360100.0
X,484,MEX,764,THA,8532,"Electrical capacitors; fixed, variable or adjustable (pre-set)",N/A,0.0,1773460.0
X,484,MEX,826,GBR,8532,"Electrical capacitors; fixed, variable or adjustable (pre-set)",N/A,0.0,13018.0
X,484,MEX,842,USA,8532,"Electrical capacitors; fixed, variable or adjustable (pre-set)",N/A,0.0,649781174.0
X,484,MEX,0,W00,8533,"Electrical resistors (including rheostats and potentiometers), excluding heating resistors",N/A,0.0,232373776.0
X,484,MEX,36,AUS,8533,"Electrical resistors (including rheostats and potentiometers), excluding heating resistors",N/A,0.0,2595.0
X,484,MEX,40,AUT,8533,"Electrical resistors (including rheostats and potentiometers), excluding heating resistors",N/A,0.0,837.0
X,484,MEX,76,BRA,8533,"Electrical resistors (including rheostats and potentiometers), excluding heating resistors",N/A,0.0,312001.0
X,484,MEX,124,CAN,8533,"Electrical resistors (including rheostats and potentiometers), excluding heating resistors",N/A,0.0,840223.0
X,484,MEX,152,CHL,8533,"Electrical resistors (including rheostats and potentiometers), excluding heating resistors",N/A,0.0,942.0
X,484,MEX,156,CHN,8533,"Electrical resistors (including rheostats and potentiometers), excluding heating resistors",N/A,0.0,738364.0
X,484,MEX,170,COL,8533,"Electrical resistors (including rheostats and potentiometers), excluding heating resistors",N/A,0.0,41616.0
X,484,MEX,188,CRI,8533,"Electrical resistors (including rheostats and potentiometers), excluding heating resistors",N/A,0.0,69349.0
X,484,MEX,192,CUB,8533,"Electrical resistors (including rheostats and potentiometers), excluding heating resistors",N/A,0.0,1203.0
X,484,MEX,214,DOM,8533,"Electrical resistors (including rheostats and potentiometers), excluding heating resistors",N/A,0.0,70290.0
X,484,MEX,218,ECU,8533,"Electrical resistors (including rheostats and potentiometers), excluding heating resistors",N/A,0.0,7959.0
X,484,MEX,222,SLV,8533,"Electrical resistors (including rheostats and potentiometers), excluding heating resistors",N/A,0.0,4977.0
X,484,MEX,251,FRA,8533,"Electrical resistors (including rheostats and potentiometers), excluding heating resistors",N/A,0.0,125097.0
X,484,MEX,276,DEU,8533,"Electrical resistors (including rheostats and potentiometers), excluding heating resistors",N/A,0.0,177392.0
X,484,MEX,320,GTM,8533,"Electrical resistors (including rheostats and potentiometers), excluding heating resistors",N/A,0.0,19336.0
X,484,MEX,340,HND,8533,"Electrical resistors (including rheostats and potentiometers), excluding heating resistors",N/A,0.0,14860.0
X,484,MEX,344,HKG,8533,"Electrical resistors (including rheostats and potentiometers), excluding heating resistors",N/A,0.0,561313.0
X,484,MEX,348,HUN,8533,"Electrical resistors (including rheostats and potentiometers), excluding heating resistors",N/A,0.0,214005.0
X,484,MEX,392,JPN,8533,"Electrical resistors (including rheostats and potentiometers), excluding heating resistors",N/A,0.0,69786.0
X,484,MEX,410,KOR,8533,"Electrical resistors (including rheostats and potentiometers), excluding heating resistors",N/A,0.0,253800.0
X,484,MEX,458,MYS,8533,"Electrical resistors (including rheostats and potentiometers), excluding heating resistors",N/A,0.0,1116632.0
X,484,MEX,490,S19,8533,"Electrical resistors (including rheostats and potentiometers), excluding heating resistors",N/A,0.0,10587.0
X,484,MEX,528,NLD,8533,"Electrical resistors (including rheostats and potentiometers), excluding heating resistors",N/A,0.0,78215.0
X,484,MEX,558,NIC,8533,"Electrical resistors (including rheostats and potentiometers), excluding heating resistors",N/A,0.0,2042.0
X,484,MEX,591,PAN,8533,"Electrical resistors (including rheostats and potentiometers), excluding heating resistors",N/A,0.0,8148.0
X,484,MEX,604,PER,8533,"Electrical resistors (including rheostats and potentiometers), excluding heating resistors",N/A,0.0,1416.0
X,484,MEX,608,PHL,8533,"Electrical resistors (including rheostats and potentiometers), excluding heating resistors",N/A,0.0,38733.0
X,484,MEX,616,POL,8533,"Electrical resistors (including rheostats and potentiometers), excluding heating resistors",N/A,0.0,16031.0
X,484,MEX,642,ROU,8533,"Electrical resistors (including rheostats and potentiometers), excluding heating resistors",N/A,0.0,7328.0
X,484,MEX,699,IND,8533,"Electrical resistors (including rheostats and potentiometers), excluding heating resistors",N/A,0.0,130782.0
X,484,MEX,702,SGP,8533,"Electrical resistors (including rheostats and potentiometers), excluding heating resistors",N/A,0.0,2293297.0
X,484,MEX,704,VNM,8533,"Electrical resistors (including rheostats and potentiometers), excluding heating resistors",N/A,0.0,6642.0
X,484,MEX,724,ESP,8533,"Electrical resistors (including rheostats and potentiometers), excluding heating resistors",N/A,0.0,172187.0
X,484,MEX,764,THA,8533,"Electrical resistors (including rheostats and potentiometers), excluding heating resistors",N/A,0.0,64838.0
X,484,MEX,826,GBR,8533,"Electrical resistors (including rheostats and potentiometers), excluding heating resistors",N/A,0.0,1671.0
X,484,MEX,842,USA,8533,"Electrical resistors (including rheostats and potentiometers), excluding heating resistors",N/A,0.0,224899282.0
X,484,MEX,0,W00,8534,Circuits; printed,N/A,0.0,114896973.0
X,484,MEX,76,BRA,8534,Circuits; printed,N/A,0.0,57173.0
X,484,MEX,124,CAN,8534,Circuits; printed,N/A,0.0,172946.0
X,484,MEX,156,CHN,8534,Circuits; printed,N/A,0.0,1707684.0
X,484,MEX,251,FRA,8534,Circuits; printed,N/A,0.0,77524.0
X,484,MEX,276,DEU,8534,Circuits; printed,N/A,0.0,507271.0
X,484,MEX,344,HKG,8534,Circuits; printed,N/A,0.0,5604171.0
X,484,MEX,348,HUN,8534,Circuits; printed,N/A,0.0,366568.0
X,484,MEX,380,ITA,8534,Circuits; printed,N/A,0.0,3132.0
X,484,MEX,392,JPN,8534,Circuits; printed,N/A,0.0,31778.0
X,484,MEX,410,KOR,8534,Circuits; printed,N/A,0.0,1608921.0
X,484,MEX,458,MYS,8534,Circuits; printed,N/A,0.0,402590.0
X,484,MEX,490,S19,8534,Circuits; printed,N/A,0.0,1388965.0
X,484,MEX,528,NLD,8534,Circuits; printed,N/A,0.0,400899.0
X,484,MEX,642,ROU,8534,Circuits; printed,N/A,0.0,244628.0
X,484,MEX,699,IND,8534,Circuits; printed,N/A,0.0,265085.0
X,484,MEX,702,SGP,8534,Circuits; printed,N/A,0.0,712757.0
X,484,MEX,704,VNM,8534,Circuits; printed,N/A,0.0,212804.0
X,484,MEX,724,ESP,8534,Circuits; printed,N/A,0.0,32173.0
X,484,MEX,764,THA,8534,Circuits; printed,N/A,0.0,321359.0
X,484,MEX,826,GBR,8534,Circuits; printed,N/A,0.0,76683.0
X,484,MEX,842,USA,8534,Circuits; printed,N/A,0.0,100701862.0
X,484,MEX,0,W00,8535,"Electrical apparatus for switching, protecting electrical circuits, for making connections to or in electrical circuits; for a voltage exceeding 1000 volts",N/A,0.0,441585670.0
X,484,MEX,124,CAN,8535,"Electrical apparatus for switching, protecting electrical circuits, for making connections to or in electrical circuits; for a voltage exceeding 1000 volts",N/A,0.0,2849788.0
X,484,MEX,152,CHL,8535,"Electrical apparatus for switching, protecting electrical circuits, for making connections to or in electrical circuits; for a voltage exceeding 1000 volts",N/A,0.0,1707275.0
X,484,MEX,156,CHN,8535,"Electrical apparatus for switching, protecting electrical circuits, for making connections to or in electrical circuits; for a voltage exceeding 1000 volts",N/A,0.0,8482.0
X,484,MEX,170,COL,8535,"Electrical apparatus for switching, protecting electrical circuits, for making connections to or in electrical circuits; for a voltage exceeding 1000 volts",N/A,0.0,244807.0
X,484,MEX,188,CRI,8535,"Electrical apparatus for switching, protecting electrical circuits, for making connections to or in electrical circuits; for a voltage exceeding 1000 volts",N/A,0.0,368693.0
X,484,MEX,192,CUB,8535,"Electrical apparatus for switching, protecting electrical circuits, for making connections to or in electrical circuits; for a voltage exceeding 1000 volts",N/A,0.0,1487.0
X,484,MEX,218,ECU,8535,"Electrical apparatus for switching, protecting electrical circuits, for making connections to or in electrical circuits; for a voltage exceeding 1000 volts",N/A,0.0,1369889.0
X,484,MEX,276,DEU,8535,"Electrical apparatus for switching, protecting electrical circuits, for making connections to or in electrical circuits; for a voltage exceeding 1000 volts",N/A,0.0,49509.0
X,484,MEX,320,GTM,8535,"Electrical apparatus for switching, protecting electrical circuits, for making connections to or in electrical circuits; for a voltage exceeding 1000 volts",N/A,0.0,1182819.0
X,484,MEX,340,HND,8535,"Electrical apparatus for switching, protecting electrical circuits, for making connections to or in electrical circuits; for a voltage exceeding 1000 volts",N/A,0.0,644672.0
X,484,MEX,591,PAN,8535,"Electrical apparatus for switching, protecting electrical circuits, for making connections to or in electrical circuits; for a voltage exceeding 1000 volts",N/A,0.0,467710.0
X,484,MEX,702,SGP,8535,"Electrical apparatus for switching, protecting electrical circuits, for making connections to or in electrical circuits; for a voltage exceeding 1000 volts",N/A,0.0,30160.0
X,484,MEX,724,ESP,8535,"Electrical apparatus for switching, protecting electrical circuits, for making connections to or in electrical circuits; for a voltage exceeding 1000 volts",N/A,0.0,404567.0
X,484,MEX,842,USA,8535,"Electrical apparatus for switching, protecting electrical circuits, for making connections to or in electrical circuits; for a voltage exceeding 1000 volts",N/A,0.0,432255812.0
X,484,MEX,0,W00,8536,"Electrical apparatus for switching, protecting electrical circuits, for making connections to or in electrical circuits, for a voltage not exceeding 1000 volts; connectors for optical fibres, optical fibre bundles or cables",N/A,0.0,4147744186.0
X,484,MEX,32,ARG,8536,"Electrical apparatus for switching, protecting electrical circuits, for making connections to or in electrical circuits, for a voltage not exceeding 1000 volts; connectors for optical fibres, optical fibre bundles or cables",N/A,0.0,854957.0
X,484,MEX,36,AUS,8536,"Electrical apparatus for switching, protecting electrical circuits, for making connections to or in electrical circuits, for a voltage not exceeding 1000 volts; connectors for optical fibres, optical fibre bundles or cables",N/A,0.0,151152.0
X,484,MEX,40,AUT,8536,"Electrical apparatus for switching, protecting electrical circuits, for making connections to or in electrical circuits, for a voltage not exceeding 1000 volts; connectors for optical fibres, optical fibre bundles or cables",N/A,0.0,222237.0
X,484,MEX,44,BHS,8536,"Electrical apparatus for switching, protecting electrical circuits, for making connections to or in electrical circuits, for a voltage not exceeding 1000 volts; connectors for optical fibres, optical fibre bundles or cables",N/A,0.0,1621.0
X,484,MEX,52,BRB,8536,"Electrical apparatus for switching, protecting electrical circuits, for making connections to or in electrical circuits, for a voltage not exceeding 1000 volts; connectors for optical fibres, optical fibre bundles or cables",N/A,0.0,34957.0
X,484,MEX,56,BEL,8536,"Electrical apparatus for switching, protecting electrical circuits, for making connections to or in electrical circuits, for a voltage not exceeding 1000 volts; connectors for optical fibres, optical fibre bundles or cables",N/A,0.0,44633.0
X,484,MEX,68,BOL,8536,"Electrical apparatus for switching, protecting electrical circuits, for making connections to or in electrical circuits, for a voltage not exceeding 1000 volts; connectors for optical fibres, optical fibre bundles or cables",N/A,0.0,88909.0
X,484,MEX,76,BRA,8536,"Electrical apparatus for switching, protecting electrical circuits, for making connections to or in electrical circuits, for a voltage not exceeding 1000 volts; connectors for optical fibres, optical fibre bundles or cables",N/A,0.0,9471485.0
X,484,MEX,84,BLZ,8536,"Electrical apparatus for switching, protecting electrical circuits, for making connections to or in electrical circuits, for a voltage not exceeding 1000 volts; connectors for optical fibres, optical fibre bundles or cables",N/A,0.0,128182.0
X,484,MEX,100,BGR,8536,"Electrical apparatus for switching, protecting electrical circuits, for making connections to or in electrical circuits, for a voltage not exceeding 1000 volts; connectors for optical fibres, optical fibre bundles or cables",N/A,0.0,33844.0
X,484,MEX,124,CAN,8536,"Electrical apparatus for switching, protecting electrical circuits, for making connections to or in electrical circuits, for a voltage not exceeding 1000 volts; connectors for optical fibres, optical fibre bundles or cables",N/A,0.0,38406160.0
X,484,MEX,152,CHL,8536,"Electrical apparatus for switching, protecting electrical circuits, for making connections to or in electrical circuits, for a voltage not exceeding 1000 volts; connectors for optical fibres, optical fibre bundles or cables",N/A,0.0,10321045.0
X,484,MEX,156,CHN,8536,"Electrical apparatus for switching, protecting electrical circuits, for making connections to or in electrical circuits, for a voltage not exceeding 1000 volts; connectors for optical fibres, optical fibre bundles or cables",N/A,0.0,43936208.0
X,484,MEX,170,COL,8536,"Electrical apparatus for switching, protecting electrical circuits, for making connections to or in electrical circuits, for a voltage not exceeding 1000 volts; connectors for optical fibres, optical fibre bundles or cables",N/A,0.0,1394216.0
X,484,MEX,188,CRI,8536,"Electrical apparatus for switching, protecting electrical circuits, for making connections to or in electrical circuits, for a voltage not exceeding 1000 volts; connectors for optical fibres, optical fibre bundles or cables",N/A,0.0,15184108.0
X,484,MEX,192,CUB,8536,"Electrical apparatus for switching, protecting electrical circuits, for making connections to or in electrical circuits, for a voltage not exceeding 1000 volts; connectors for optical fibres, optical fibre bundles or cables",N/A,0.0,236115.0
X,484,MEX,203,CZE,8536,"Electrical apparatus for switching, protecting electrical circuits, for making connections to or in electrical circuits, for a voltage not exceeding 1000 volts; connectors for optical fibres, optical fibre bundles or cables",N/A,0.0,26484855.0
X,484,MEX,208,DNK,8536,"Electrical apparatus for switching, protecting electrical circuits, for making connections to or in electrical circuits, for a voltage not exceeding 1000 volts; connectors for optical fibres, optical fibre bundles or cables",N/A,0.0,10393.0
X,484,MEX,214,DOM,8536,"Electrical apparatus for switching, protecting electrical circuits, for making connections to or in electrical circuits, for a voltage not exceeding 1000 volts; connectors for optical fibres, optical fibre bundles or cables",N/A,0.0,1142313.0
X,484,MEX,218,ECU,8536,"Electrical apparatus for switching, protecting electrical circuits, for making connections to or in electrical circuits, for a voltage not exceeding 1000 volts; connectors for optical fibres, optical fibre bundles or cables",N/A,0.0,908873.0
X,484,MEX,222,SLV,8536,"Electrical apparatus for switching, protecting electrical circuits, for making connections to or in electrical circuits, for a voltage not exceeding 1000 volts; connectors for optical fibres, optical fibre bundles or cables",N/A,0.0,8775819.0
X,484,MEX,251,FRA,8536,"Electrical apparatus for switching, protecting electrical circuits, for making connections to or in electrical circuits, for a voltage not exceeding 1000 volts; connectors for optical fibres, optical fibre bundles or cables",N/A,0.0,3339913.0
X,484,MEX,276,DEU,8536,"Electrical apparatus for switching, protecting electrical circuits, for making connections to or in electrical circuits, for a voltage not exceeding 1000 volts; connectors for optical fibres, optical fibre bundles or cables",N/A,0.0,41768657.0
X,484,MEX,320,GTM,8536,"Electrical apparatus for switching, protecting electrical circuits, for making connections to or in electrical circuits, for a voltage not exceeding 1000 volts; connectors for optical fibres, optical fibre bundles or cables",N/A,0.0,4264952.0
X,484,MEX,328,GUY,8536,"Electrical apparatus for switching, protecting electrical circuits, for making connections to or in electrical circuits, for a voltage not exceeding 1000 volts; connectors for optical fibres, optical fibre bundles or cables",N/A,0.0,797.0
X,484,MEX,332,HTI,8536,"Electrical apparatus for switching, protecting electrical circuits, for making connections to or in electrical circuits, for a voltage not exceeding 1000 volts; connectors for optical fibres, optical fibre bundles or cables",N/A,0.0,70571.0
X,484,MEX,340,HND,8536,"Electrical apparatus for switching, protecting electrical circuits, for making connections to or in electrical circuits, for a voltage not exceeding 1000 volts; connectors for optical fibres, optical fibre bundles or cables",N/A,0.0,2106801.0
X,484,MEX,344,HKG,8536,"Electrical apparatus for switching, protecting electrical circuits, for making connections to or in electrical circuits, for a voltage not exceeding 1000 volts; connectors for optical fibres, optical fibre bundles or cables",N/A,0.0,9585602.0
X,484,MEX,348,HUN,8536,"Electrical apparatus for switching, protecting electrical circuits, for making connections to or in electrical circuits, for a voltage not exceeding 1000 volts; connectors for optical fibres, optical fibre bundles or cables",N/A,0.0,1329171.0
X,484,MEX,360,IDN,8536,"Electrical apparatus for switching, protecting electrical circuits, for making connections to or in electrical circuits, for a voltage not exceeding 1000 volts; connectors for optical fibres, optical fibre bundles or cables",N/A,0.0,40317.0
X,484,MEX,372,IRL,8536,"Electrical apparatus for switching, protecting electrical circuits, for making connections to or in electrical circuits, for a voltage not exceeding 1000 volts; connectors for optical fibres, optical fibre bundles or cables",N/A,0.0,57996.0
X,484,MEX,376,ISR,8536,"Electrical apparatus for switching, protecting electrical circuits, for making connections to or in electrical circuits, for a voltage not exceeding 1000 volts; connectors for optical fibres, optical fibre bundles or cables",N/A,0.0,53212.0
X,484,MEX,380,ITA,8536,"Electrical apparatus for switching, protecting electrical circuits, for making connections to or in electrical circuits, for a voltage not exceeding 1000 volts; connectors for optical fibres, optical fibre bundles or cables",N/A,0.0,1698070.0
X,484,MEX,388,JAM,8536,"Electrical apparatus for switching, protecting electrical circuits, for making connections to or in electrical circuits, for a voltage not exceeding 1000 volts; connectors for optical fibres, optical fibre bundles or cables",N/A,0.0,750054.0
X,484,MEX,392,JPN,8536,"Electrical apparatus for switching, protecting electrical circuits, for making connections to or in electrical circuits, for a voltage not exceeding 1000 volts; connectors for optical fibres, optical fibre bundles or cables",N/A,0.0,2949320.0
X,484,MEX,410,KOR,8536,"Electrical apparatus for switching, protecting electrical circuits, for making connections to or in electrical circuits, for a voltage not exceeding 1000 volts; connectors for optical fibres, optical fibre bundles or cables",N/A,0.0,1652136.0
X,484,MEX,458,MYS,8536,"Electrical apparatus for switching, protecting electrical circuits, for making connections to or in electrical circuits, for a voltage not exceeding 1000 volts; connectors for optical fibres, optical fibre bundles or cables",N/A,0.0,3955840.0
X,484,MEX,490,S19,8536,"Electrical apparatus for switching, protecting electrical circuits, for making connections to or in electrical circuits, for a voltage not exceeding 1000 volts; connectors for optical fibres, optical fibre bundles or cables",N/A,0.0,1403254.0
X,484,MEX,504,MAR,8536,"Electrical apparatus for switching, protecting electrical circuits, for making connections to or in electrical circuits, for a voltage not exceeding 1000 volts; connectors for optical fibres, optical fibre bundles or cables",N/A,0.0,54366.0
X,484,MEX,528,NLD,8536,"Electrical apparatus for switching, protecting electrical circuits, for making connections to or in electrical circuits, for a voltage not exceeding 1000 volts; connectors for optical fibres, optical fibre bundles or cables",N/A,0.0,3984473.0
X,484,MEX,533,ABW,8536,"Electrical apparatus for switching, protecting electrical circuits, for making connections to or in electrical circuits, for a voltage not exceeding 1000 volts; connectors for optical fibres, optical fibre bundles or cables",N/A,0.0,351.0
X,484,MEX,554,NZL,8536,"Electrical apparatus for switching, protecting electrical circuits, for making connections to or in electrical circuits, for a voltage not exceeding 1000 volts; connectors for optical fibres, optical fibre bundles or cables",N/A,0.0,115380.0
X,484,MEX,558,NIC,8536,"Electrical apparatus for switching, protecting electrical circuits, for making connections to or in electrical circuits, for a voltage not exceeding 1000 volts; connectors for optical fibres, optical fibre bundles or cables",N/A,0.0,34452423.0
X,484,MEX,591,PAN,8536,"Electrical apparatus for switching, protecting electrical circuits, for making connections to or in electrical circuits, for a voltage not exceeding 1000 volts; connectors for optical fibres, optical fibre bundles or cables",N/A,0.0,2440996.0
X,484,MEX,600,PRY,8536,"Electrical apparatus for switching, protecting electrical circuits, for making connections to or in electrical circuits, for a voltage not exceeding 1000 volts; connectors for optical fibres, optical fibre bundles or cables",N/A,0.0,279716.0
X,484,MEX,604,PER,8536,"Electrical apparatus for switching, protecting electrical circuits, for making connections to or in electrical circuits, for a voltage not exceeding 1000 volts; connectors for optical fibres, optical fibre bundles or cables",N/A,0.0,4896572.0
X,484,MEX,608,PHL,8536,"Electrical apparatus for switching, protecting electrical circuits, for making connections to or in electrical circuits, for a voltage not exceeding 1000 volts; connectors for optical fibres, optical fibre bundles or cables",N/A,0.0,1061060.0
X,484,MEX,616,POL,8536,"Electrical apparatus for switching, protecting electrical circuits, for making connections to or in electrical circuits, for a voltage not exceeding 1000 volts; connectors for optical fibres, optical fibre bundles or cables",N/A,0.0,757162.0
X,484,MEX,620,PRT,8536,"Electrical apparatus for switching, protecting electrical circuits, for making connections to or in electrical circuits, for a voltage not exceeding 1000 volts; connectors for optical fibres, optical fibre bundles or cables",N/A,0.0,113530.0
X,484,MEX,642,ROU,8536,"Electrical apparatus for switching, protecting electrical circuits, for making connections to or in electrical circuits, for a voltage not exceeding 1000 volts; connectors for optical fibres, optical fibre bundles or cables",N/A,0.0,666075.0
X,484,MEX,643,RUS,8536,"Electrical apparatus for switching, protecting electrical circuits, for making connections to or in electrical circuits, for a voltage not exceeding 1000 volts; connectors for optical fibres, optical fibre bundles or cables",N/A,0.0,112368.0
X,484,MEX,682,SAU,8536,"Electrical apparatus for switching, protecting electrical circuits, for making connections to or in electrical circuits, for a voltage not exceeding 1000 volts; connectors for optical fibres, optical fibre bundles or cables",N/A,0.0,94769.0
X,484,MEX,699,IND,8536,"Electrical apparatus for switching, protecting electrical circuits, for making connections to or in electrical circuits, for a voltage not exceeding 1000 volts; connectors for optical fibres, optical fibre bundles or cables",N/A,0.0,2399442.0
X,484,MEX,702,SGP,8536,"Electrical apparatus for switching, protecting electrical circuits, for making connections to or in electrical circuits, for a voltage not exceeding 1000 volts; connectors for optical fibres, optical fibre bundles or cables",N/A,0.0,25912139.0
X,484,MEX,703,SVK,8536,"Electrical apparatus for switching, protecting electrical circuits, for making connections to or in electrical circuits, for a voltage not exceeding 1000 volts; connectors for optical fibres, optical fibre bundles or cables",N/A,0.0,14434.0
X,484,MEX,704,VNM,8536,"Electrical apparatus for switching, protecting electrical circuits, for making connections to or in electrical circuits, for a voltage not exceeding 1000 volts; connectors for optical fibres, optical fibre bundles or cables",N/A,0.0,1021342.0
X,484,MEX,710,ZAF,8536,"Electrical apparatus for switching, protecting electrical circuits, for making connections to or in electrical circuits, for a voltage not exceeding 1000 volts; connectors for optical fibres, optical fibre bundles or cables",N/A,0.0,516657.0
X,484,MEX,724,ESP,8536,"Electrical apparatus for switching, protecting electrical circuits, for making connections to or in electrical circuits, for a voltage not exceeding 1000 volts; connectors for optical fibres, optical fibre bundles or cables",N/A,0.0,1908657.0
X,484,MEX,752,SWE,8536,"Electrical apparatus for switching, protecting electrical circuits, for making connections to or in electrical circuits, for a voltage not exceeding 1000 volts; connectors for optical fibres, optical fibre bundles or cables",N/A,0.0,227506.0
X,484,MEX,757,CHE,8536,"Electrical apparatus for switching, protecting electrical circuits, for making connections to or in electrical circuits, for a voltage not exceeding 1000 volts; connectors for optical fibres, optical fibre bundles or cables",N/A,0.0,150068.0
X,484,MEX,764,THA,8536,"Electrical apparatus for switching, protecting electrical circuits, for making connections to or in electrical circuits, for a voltage not exceeding 1000 volts; connectors for optical fibres, optical fibre bundles or cables",N/A,0.0,4434369.0
X,484,MEX,780,TTO,8536,"Electrical apparatus for switching, protecting electrical circuits, for making connections to or in electrical circuits, for a voltage not exceeding 1000 volts; connectors for optical fibres, optical fibre bundles or cables",N/A,0.0,144515.0
X,484,MEX,784,ARE,8536,"Electrical apparatus for switching, protecting electrical circuits, for making connections to or in electrical circuits, for a voltage not exceeding 1000 volts; connectors for optical fibres, optical fibre bundles or cables",N/A,0.0,669558.0
X,484,MEX,792,TUR,8536,"Electrical apparatus for switching, protecting electrical circuits, for making connections to or in electrical circuits, for a voltage not exceeding 1000 volts; connectors for optical fibres, optical fibre bundles or cables",N/A,0.0,210253.0
X,484,MEX,804,UKR,8536,"Electrical apparatus for switching, protecting electrical circuits, for making connections to or in electrical circuits, for a voltage not exceeding 1000 volts; connectors for optical fibres, optical fibre bundles or cables",N/A,0.0,142.0
X,484,MEX,818,EGY,8536,"Electrical apparatus for switching, protecting electrical circuits, for making connections to or in electrical circuits, for a voltage not exceeding 1000 volts; connectors for optical fibres, optical fibre bundles or cables",N/A,0.0,7031.0
X,484,MEX,826,GBR,8536,"Electrical apparatus for switching, protecting electrical circuits, for making connections to or in electrical circuits, for a voltage not exceeding 1000 volts; connectors for optical fibres, optical fibre bundles or cables",N/A,0.0,4228638.0
X,484,MEX,842,USA,8536,"Electrical apparatus for switching, protecting electrical circuits, for making connections to or in electrical circuits, for a voltage not exceeding 1000 volts; connectors for optical fibres, optical fibre bundles or cables",N/A,0.0,3823803192.0
X,484,MEX,858,URY,8536,"Electrical apparatus for switching, protecting electrical circuits, for making connections to or in electrical circuits, for a voltage not exceeding 1000 volts; connectors for optical fibres, optical fibre bundles or cables",N/A,0.0,33908.0
X,484,MEX,862,VEN,8536,"Electrical apparatus for switching, protecting electrical circuits, for making connections to or in electrical circuits, for a voltage not exceeding 1000 volts; connectors for optical fibres, optical fibre bundles or cables",N/A,0.0,174349.0
X,484,MEX,0,W00,8537,"Boards, panels, consoles, desks, cabinets, bases with apparatus of heading no. 8535, 8536 for electricity control and distribution, (other than switching apparatus of heading no. 8517)",N/A,0.0,5260158844.0
X,484,MEX,32,ARG,8537,"Boards, panels, consoles, desks, cabinets, bases with apparatus of heading no. 8535, 8536 for electricity control and distribution, (other than switching apparatus of heading no. 8517)",N/A,0.0,5764695.0
X,484,MEX,36,AUS,8537,"Boards, panels, consoles, desks, cabinets, bases with apparatus of heading no. 8535, 8536 for electricity control and distribution, (other than switching apparatus of heading no. 8517)",kg,3764.24,423445.0
X,484,MEX,40,AUT,8537,"Boards, panels, consoles, desks, cabinets, bases with apparatus of heading no. 8535, 8536 for electricity control and distribution, (other than switching apparatus of heading no. 8517)",kg,5475.329,615928.0
X,484,MEX,56,BEL,8537,"Boards, panels, consoles, desks, cabinets, bases with apparatus of heading no. 8535, 8536 for electricity control and distribution, (other than switching apparatus of heading no. 8517)",kg,1834.965,206418.0
X,484,MEX,76,BRA,8537,"Boards, panels, consoles, desks, cabinets, bases with apparatus of heading no. 8535, 8536 for electricity control and distribution, (other than switching apparatus of heading no. 8517)",N/A,0.0,47889247.0
X,484,MEX,84,BLZ,8537,"Boards, panels, consoles, desks, cabinets, bases with apparatus of heading no. 8535, 8536 for electricity control and distribution, (other than switching apparatus of heading no. 8517)",N/A,0.0,113125.0
X,484,MEX,124,CAN,8537,"Boards, panels, consoles, desks, cabinets, bases with apparatus of heading no. 8535, 8536 for electricity control and distribution, (other than switching apparatus of heading no. 8517)",N/A,0.0,77806042.0
X,484,MEX,152,CHL,8537,"Boards, panels, consoles, desks, cabinets, bases with apparatus of heading no. 8535, 8536 for electricity control and distribution, (other than switching apparatus of heading no. 8517)",N/A,0.0,3968219.0
X,484,MEX,156,CHN,8537,"Boards, panels, consoles, desks, cabinets, bases with apparatus of heading no. 8535, 8536 for electricity control and distribution, (other than switching apparatus of heading no. 8517)",N/A,0.0,76126833.0
X,484,MEX,170,COL,8537,"Boards, panels, consoles, desks, cabinets, bases with apparatus of heading no. 8535, 8536 for electricity control and distribution, (other than switching apparatus of heading no. 8517)",N/A,0.0,1847084.0
X,484,MEX,188,CRI,8537,"Boards, panels, consoles, desks, cabinets, bases with apparatus of heading no. 8535, 8536 for electricity control and distribution, (other than switching apparatus of heading no. 8517)",N/A,0.0,1984127.0
X,484,MEX,203,CZE,8537,"Boards, panels, consoles, desks, cabinets, bases with apparatus of heading no. 8535, 8536 for electricity control and distribution, (other than switching apparatus of heading no. 8517)",kg,3832.778,431155.0
X,484,MEX,208,DNK,8537,"Boards, panels, consoles, desks, cabinets, bases with apparatus of heading no. 8535, 8536 for electricity control and distribution, (other than switching apparatus of heading no. 8517)",kg,1148.736,129223.0
X,484,MEX,214,DOM,8537,"Boards, panels, consoles, desks, cabinets, bases with apparatus of heading no. 8535, 8536 for electricity control and distribution, (other than switching apparatus of heading no. 8517)",N/A,0.0,954271.0
X,484,MEX,218,ECU,8537,"Boards, panels, consoles, desks, cabinets, bases with apparatus of heading no. 8535, 8536 for electricity control and distribution, (other than switching apparatus of heading no. 8517)",N/A,0.0,354619.0
X,484,MEX,222,SLV,8537,"Boards, panels, consoles, desks, cabinets, bases with apparatus of heading no. 8535, 8536 for electricity control and distribution, (other than switching apparatus of heading no. 8517)",N/A,0.0,1860241.0
X,484,MEX,251,FRA,8537,"Boards, panels, consoles, desks, cabinets, bases with apparatus of heading no. 8535, 8536 for electricity control and distribution, (other than switching apparatus of heading no. 8517)",kg,138453.427,15574834.0
X,484,MEX,276,DEU,8537,"Boards, panels, consoles, desks, cabinets, bases with apparatus of heading no. 8535, 8536 for electricity control and distribution, (other than switching apparatus of heading no. 8517)",N/A,0.0,46108298.0
X,484,MEX,320,GTM,8537,"Boards, panels, consoles, desks, cabinets, bases with apparatus of heading no. 8535, 8536 for electricity control and distribution, (other than switching apparatus of heading no. 8517)",N/A,0.0,4562490.0
X,484,MEX,332,HTI,8537,"Boards, panels, consoles, desks, cabinets, bases with apparatus of heading no. 8535, 8536 for electricity control and distribution, (other than switching apparatus of heading no. 8517)",kg,14.33,1612.0
X,484,MEX,340,HND,8537,"Boards, panels, consoles, desks, cabinets, bases with apparatus of heading no. 8535, 8536 for electricity control and distribution, (other than switching apparatus of heading no. 8517)",N/A,0.0,2632105.0
X,484,MEX,344,HKG,8537,"Boards, panels, consoles, desks, cabinets, bases with apparatus of heading no. 8535, 8536 for electricity control and distribution, (other than switching apparatus of heading no. 8517)",kg,20744.714,2333604.0
X,484,MEX,348,HUN,8537,"Boards, panels, consoles, desks, cabinets, bases with apparatus of heading no. 8535, 8536 for electricity control and distribution, (other than switching apparatus of heading no. 8517)",kg,1582.626,178032.0
X,484,MEX,360,IDN,8537,"Boards, panels, consoles, desks, cabinets, bases with apparatus of heading no. 8535, 8536 for electricity control and distribution, (other than switching apparatus of heading no. 8517)",N/A,0.0,2946046.0
X,484,MEX,372,IRL,8537,"Boards, panels, consoles, desks, cabinets, bases with apparatus of heading no. 8535, 8536 for electricity control and distribution, (other than switching apparatus of heading no. 8517)",kg,10639.701,1196876.0
X,484,MEX,376,ISR,8537,"Boards, panels, consoles, desks, cabinets, bases with apparatus of heading no. 8535, 8536 for electricity control and distribution, (other than switching apparatus of heading no. 8517)",kg,136.286,15331.0
X,484,MEX,380,ITA,8537,"Boards, panels, consoles, desks, cabinets, bases with apparatus of heading no. 8535, 8536 for electricity control and distribution, (other than switching apparatus of heading no. 8517)",kg,93207.441,10485045.0
X,484,MEX,388,JAM,8537,"Boards, panels, consoles, desks, cabinets, bases with apparatus of heading no. 8535, 8536 for electricity control and distribution, (other than switching apparatus of heading no. 8517)",kg,1449.523,163059.0
X,484,MEX,392,JPN,8537,"Boards, panels, consoles, desks, cabinets, bases with apparatus of heading no. 8535, 8536 for electricity control and distribution, (other than switching apparatus of heading no. 8517)",N/A,0.0,3382102.0
X,484,MEX,410,KOR,8537,"Boards, panels, consoles, desks, cabinets, bases with apparatus of heading no. 8535, 8536 for electricity control and distribution, (other than switching apparatus of heading no. 8517)",kg,59294.692,6670149.0
X,484,MEX,458,MYS,8537,"Boards, panels, consoles, desks, cabinets, bases with apparatus of heading no. 8535, 8536 for electricity control and distribution, (other than switching apparatus of heading no. 8517)",kg,40281.674,4531346.0
X,484,MEX,490,S19,8537,"Boards, panels, consoles, desks, cabinets, bases with apparatus of heading no. 8535, 8536 for electricity control and distribution, (other than switching apparatus of heading no. 8517)",kg,182438.448,20522775.0
X,484,MEX,528,NLD,8537,"Boards, panels, consoles, desks, cabinets, bases with apparatus of heading no. 8535, 8536 for electricity control and distribution, (other than switching apparatus of heading no. 8517)",N/A,0.0,10511115.0
X,484,MEX,558,NIC,8537,"Boards, panels, consoles, desks, cabinets, bases with apparatus of heading no. 8535, 8536 for electricity control and distribution, (other than switching apparatus of heading no. 8517)",N/A,0.0,3342610.0
X,484,MEX,591,PAN,8537,"Boards, panels, consoles, desks, cabinets, bases with apparatus of heading no. 8535, 8536 for electricity control and distribution, (other than switching apparatus of heading no. 8517)",N/A,0.0,1288145.0
X,484,MEX,600,PRY,8537,"Boards, panels, consoles, desks, cabinets, bases with apparatus of heading no. 8535, 8536 for electricity control and distribution, (other than switching apparatus of heading no. 8517)",kg,156.75,17633.0
X,484,MEX,604,PER,8537,"Boards, panels, consoles, desks, cabinets, bases with apparatus of heading no. 8535, 8536 for electricity control and distribution, (other than switching apparatus of heading no. 8517)",N/A,0.0,1155602.0
X,484,MEX,616,POL,8537,"Boards, panels, consoles, desks, cabinets, bases with apparatus of heading no. 8535, 8536 for electricity control and distribution, (other than switching apparatus of heading no. 8517)",kg,723.272,81362.0
X,484,MEX,642,ROU,8537,"Boards, panels, consoles, desks, cabinets, bases with apparatus of heading no. 8535, 8536 for electricity control and distribution, (other than switching apparatus of heading no. 8517)",kg,10517.666,1183148.0
X,484,MEX,643,RUS,8537,"Boards, panels, consoles, desks, cabinets, bases with apparatus of heading no. 8535, 8536 for electricity control and distribution, (other than switching apparatus of heading no. 8517)",kg,206.371,23215.0
X,484,MEX,699,IND,8537,"Boards, panels, consoles, desks, cabinets, bases with apparatus of heading no. 8535, 8536 for electricity control and distribution, (other than switching apparatus of heading no. 8517)",kg,44635.336,5021096.0
X,484,MEX,702,SGP,8537,"Boards, panels, consoles, desks, cabinets, bases with apparatus of heading no. 8535, 8536 for electricity control and distribution, (other than switching apparatus of heading no. 8517)",N/A,0.0,2165016.0
X,484,MEX,710,ZAF,8537,"Boards, panels, consoles, desks, cabinets, bases with apparatus of heading no. 8535, 8536 for electricity control and distribution, (other than switching apparatus of heading no. 8517)",kg,40.768,4586.0
X,484,MEX,724,ESP,8537,"Boards, panels, consoles, desks, cabinets, bases with apparatus of heading no. 8535, 8536 for electricity control and distribution, (other than switching apparatus of heading no. 8517)",N/A,0.0,23813121.0
X,484,MEX,740,SUR,8537,"Boards, panels, consoles, desks, cabinets, bases with apparatus of heading no. 8535, 8536 for electricity control and distribution, (other than switching apparatus of heading no. 8517)",kg,14.188,1596.0
X,484,MEX,752,SWE,8537,"Boards, panels, consoles, desks, cabinets, bases with apparatus of heading no. 8535, 8536 for electricity control and distribution, (other than switching apparatus of heading no. 8517)",kg,2336.425,262828.0
X,484,MEX,757,CHE,8537,"Boards, panels, consoles, desks, cabinets, bases with apparatus of heading no. 8535, 8536 for electricity control and distribution, (other than switching apparatus of heading no. 8517)",kg,250.597,28190.0
X,484,MEX,764,THA,8537,"Boards, panels, consoles, desks, cabinets, bases with apparatus of heading no. 8535, 8536 for electricity control and distribution, (other than switching apparatus of heading no. 8517)",kg,46043.478,5179500.0
X,484,MEX,780,TTO,8537,"Boards, panels, consoles, desks, cabinets, bases with apparatus of heading no. 8535, 8536 for electricity control and distribution, (other than switching apparatus of heading no. 8517)",kg,3739.109,420618.0
X,484,MEX,784,ARE,8537,"Boards, panels, consoles, desks, cabinets, bases with apparatus of heading no. 8535, 8536 for electricity control and distribution, (other than switching apparatus of heading no. 8517)",kg,1417.725,159482.0
X,484,MEX,826,GBR,8537,"Boards, panels, consoles, desks, cabinets, bases with apparatus of heading no. 8535, 8536 for electricity control and distribution, (other than switching apparatus of heading no. 8517)",kg,24303.231,2733907.0
X,484,MEX,842,USA,8537,"Boards, panels, consoles, desks, cabinets, bases with apparatus of heading no. 8535, 8536 for electricity control and distribution, (other than switching apparatus of heading no. 8517)",N/A,0.0,4860986009.0
X,484,MEX,862,VEN,8537,"Boards, panels, consoles, desks, cabinets, bases with apparatus of heading no. 8535, 8536 for electricity control and distribution, (other than switching apparatus of heading no. 8517)",kg,15.014,1689.0
X,484,MEX,0,W00,8538,"Electrical apparatus; parts suitable for use solely or principally with the apparatus of heading no. 8535, 8536 and 8537",N/A,0.0,1792766329.0
X,484,MEX,32,ARG,8538,"Electrical apparatus; parts suitable for use solely or principally with the apparatus of heading no. 8535, 8536 and 8537",N/A,0.0,340091.0
X,484,MEX,36,AUS,8538,"Electrical apparatus; parts suitable for use solely or principally with the apparatus of heading no. 8535, 8536 and 8537",N/A,0.0,107060.0
X,484,MEX,40,AUT,8538,"Electrical apparatus; parts suitable for use solely or principally with the apparatus of heading no. 8535, 8536 and 8537",N/A,0.0,56930.0
X,484,MEX,56,BEL,8538,"Electrical apparatus; parts suitable for use solely or principally with the apparatus of heading no. 8535, 8536 and 8537",N/A,0.0,3825.0
X,484,MEX,76,BRA,8538,"Electrical apparatus; parts suitable for use solely or principally with the apparatus of heading no. 8535, 8536 and 8537",N/A,0.0,4620108.0
X,484,MEX,100,BGR,8538,"Electrical apparatus; parts suitable for use solely or principally with the apparatus of heading no. 8535, 8536 and 8537",N/A,0.0,1166.0
X,484,MEX,124,CAN,8538,"Electrical apparatus; parts suitable for use solely or principally with the apparatus of heading no. 8535, 8536 and 8537",N/A,0.0,9313148.0
X,484,MEX,152,CHL,8538,"Electrical apparatus; parts suitable for use solely or principally with the apparatus of heading no. 8535, 8536 and 8537",N/A,0.0,328068.0
X,484,MEX,156,CHN,8538,"Electrical apparatus; parts suitable for use solely or principally with the apparatus of heading no. 8535, 8536 and 8537",N/A,0.0,7563781.0
X,484,MEX,170,COL,8538,"Electrical apparatus; parts suitable for use solely or principally with the apparatus of heading no. 8535, 8536 and 8537",N/A,0.0,6929314.0
X,484,MEX,188,CRI,8538,"Electrical apparatus; parts suitable for use solely or principally with the apparatus of heading no. 8535, 8536 and 8537",N/A,0.0,384812.0
X,484,MEX,192,CUB,8538,"Electrical apparatus; parts suitable for use solely or principally with the apparatus of heading no. 8535, 8536 and 8537",N/A,0.0,47445.0
X,484,MEX,203,CZE,8538,"Electrical apparatus; parts suitable for use solely or principally with the apparatus of heading no. 8535, 8536 and 8537",N/A,0.0,3202392.0
X,484,MEX,214,DOM,8538,"Electrical apparatus; parts suitable for use solely or principally with the apparatus of heading no. 8535, 8536 and 8537",N/A,0.0,977091.0
X,484,MEX,218,ECU,8538,"Electrical apparatus; parts suitable for use solely or principally with the apparatus of heading no. 8535, 8536 and 8537",N/A,0.0,272290.0
X,484,MEX,222,SLV,8538,"Electrical apparatus; parts suitable for use solely or principally with the apparatus of heading no. 8535, 8536 and 8537",N/A,0.0,12044039.0
X,484,MEX,251,FRA,8538,"Electrical apparatus; parts suitable for use solely or principally with the apparatus of heading no. 8535, 8536 and 8537",N/A,0.0,4121739.0
X,484,MEX,276,DEU,8538,"Electrical apparatus; parts suitable for use solely or principally with the apparatus of heading no. 8535, 8536 and 8537",N/A,0.0,9067980.0
X,484,MEX,320,GTM,8538,"Electrical apparatus; parts suitable for use solely or principally with the apparatus of heading no. 8535, 8536 and 8537",N/A,0.0,291268.0
X,484,MEX,340,HND,8538,"Electrical apparatus; parts suitable for use solely or principally with the apparatus of heading no. 8535, 8536 and 8537",N/A,0.0,1556596.0
X,484,MEX,344,HKG,8538,"Electrical apparatus; parts suitable for use solely or principally with the apparatus of heading no. 8535, 8536 and 8537",N/A,0.0,683318.0
X,484,MEX,348,HUN,8538,"Electrical apparatus; parts suitable for use solely or principally with the apparatus of heading no. 8535, 8536 and 8537",N/A,0.0,48376.0
X,484,MEX,360,IDN,8538,"Electrical apparatus; parts suitable for use solely or principally with the apparatus of heading no. 8535, 8536 and 8537",N/A,0.0,13927.0
X,484,MEX,372,IRL,8538,"Electrical apparatus; parts suitable for use solely or principally with the apparatus of heading no. 8535, 8536 and 8537",N/A,0.0,51923.0
X,484,MEX,380,ITA,8538,"Electrical apparatus; parts suitable for use solely or principally with the apparatus of heading no. 8535, 8536 and 8537",N/A,0.0,1335450.0
X,484,MEX,392,JPN,8538,"Electrical apparatus; parts suitable for use solely or principally with the apparatus of heading no. 8535, 8536 and 8537",N/A,0.0,3138819.0
X,484,MEX,410,KOR,8538,"Electrical apparatus; parts suitable for use solely or principally with the apparatus of heading no. 8535, 8536 and 8537",N/A,0.0,419194.0
X,484,MEX,458,MYS,8538,"Electrical apparatus; parts suitable for use solely or principally with the apparatus of heading no. 8535, 8536 and 8537",N/A,0.0,1746640.0
X,484,MEX,490,S19,8538,"Electrical apparatus; parts suitable for use solely or principally with the apparatus of heading no. 8535, 8536 and 8537",N/A,0.0,503465.0
X,484,MEX,504,MAR,8538,"Electrical apparatus; parts suitable for use solely or principally with the apparatus of heading no. 8535, 8536 and 8537",N/A,0.0,52589.0
X,484,MEX,528,NLD,8538,"Electrical apparatus; parts suitable for use solely or principally with the apparatus of heading no. 8535, 8536 and 8537",N/A,0.0,3510383.0
X,484,MEX,558,NIC,8538,"Electrical apparatus; parts suitable for use solely or principally with the apparatus of heading no. 8535, 8536 and 8537",N/A,0.0,68689873.0
X,484,MEX,591,PAN,8538,"Electrical apparatus; parts suitable for use solely or principally with the apparatus of heading no. 8535, 8536 and 8537",N/A,0.0,339017.0
X,484,MEX,604,PER,8538,"Electrical apparatus; parts suitable for use solely or principally with the apparatus of heading no. 8535, 8536 and 8537",N/A,0.0,606872.0
X,484,MEX,608,PHL,8538,"Electrical apparatus; parts suitable for use solely or principally with the apparatus of heading no. 8535, 8536 and 8537",N/A,0.0,197759.0
X,484,MEX,616,POL,8538,"Electrical apparatus; parts suitable for use solely or principally with the apparatus of heading no. 8535, 8536 and 8537",N/A,0.0,1360183.0
X,484,MEX,620,PRT,8538,"Electrical apparatus; parts suitable for use solely or principally with the apparatus of heading no. 8535, 8536 and 8537",N/A,0.0,271942.0
X,484,MEX,642,ROU,8538,"Electrical apparatus; parts suitable for use solely or principally with the apparatus of heading no. 8535, 8536 and 8537",N/A,0.0,630983.0
X,484,MEX,643,RUS,8538,"Electrical apparatus; parts suitable for use solely or principally with the apparatus of heading no. 8535, 8536 and 8537",N/A,0.0,2646.0
X,484,MEX,682,SAU,8538,"Electrical apparatus; parts suitable for use solely or principally with the apparatus of heading no. 8535, 8536 and 8537",N/A,0.0,5605.0
X,484,MEX,699,IND,8538,"Electrical apparatus; parts suitable for use solely or principally with the apparatus of heading no. 8535, 8536 and 8537",N/A,0.0,1154118.0
X,484,MEX,702,SGP,8538,"Electrical apparatus; parts suitable for use solely or principally with the apparatus of heading no. 8535, 8536 and 8537",N/A,0.0,1868031.0
X,484,MEX,703,SVK,8538,"Electrical apparatus; parts suitable for use solely or principally with the apparatus of heading no. 8535, 8536 and 8537",N/A,0.0,269838.0
X,484,MEX,724,ESP,8538,"Electrical apparatus; parts suitable for use solely or principally with the apparatus of heading no. 8535, 8536 and 8537",N/A,0.0,430550.0
X,484,MEX,752,SWE,8538,"Electrical apparatus; parts suitable for use solely or principally with the apparatus of heading no. 8535, 8536 and 8537",N/A,0.0,64638.0
X,484,MEX,764,THA,8538,"Electrical apparatus; parts suitable for use solely or principally with the apparatus of heading no. 8535, 8536 and 8537",N/A,0.0,1063226.0
X,484,MEX,780,TTO,8538,"Electrical apparatus; parts suitable for use solely or principally with the apparatus of heading no. 8535, 8536 and 8537",N/A,0.0,4532.0
X,484,MEX,784,ARE,8538,"Electrical apparatus; parts suitable for use solely or principally with the apparatus of heading no. 8535, 8536 and 8537",N/A,0.0,641919.0
X,484,MEX,792,TUR,8538,"Electrical apparatus; parts suitable for use solely or principally with the apparatus of heading no. 8535, 8536 and 8537",N/A,0.0,35879.0
X,484,MEX,826,GBR,8538,"Electrical apparatus; parts suitable for use solely or principally with the apparatus of heading no. 8535, 8536 and 8537",N/A,0.0,416321.0
X,484,MEX,842,USA,8538,"Electrical apparatus; parts suitable for use solely or principally with the apparatus of heading no. 8535, 8536 and 8537",N/A,0.0,1641979170.0
X,484,MEX,0,W00,8539,"Lamps; electric filament or discharge lamps, including sealed beam lamp units and ultra-violet or infra-red lamps, arc lamps, light-emitting diode (LED) lamps",N/A,0.0,141646300.0
X,484,MEX,32,ARG,8539,"Lamps; electric filament or discharge lamps, including sealed beam lamp units and ultra-violet or infra-red lamps, arc lamps, light-emitting diode (LED) lamps",N/A,0.0,151174.0
X,484,MEX,52,BRB,8539,"Lamps; electric filament or discharge lamps, including sealed beam lamp units and ultra-violet or infra-red lamps, arc lamps, light-emitting diode (LED) lamps",N/A,0.0,9491.0
X,484,MEX,68,BOL,8539,"Lamps; electric filament or discharge lamps, including sealed beam lamp units and ultra-violet or infra-red lamps, arc lamps, light-emitting diode (LED) lamps",N/A,0.0,412.0
X,484,MEX,76,BRA,8539,"Lamps; electric filament or discharge lamps, including sealed beam lamp units and ultra-violet or infra-red lamps, arc lamps, light-emitting diode (LED) lamps",N/A,0.0,85783.0
X,484,MEX,84,BLZ,8539,"Lamps; electric filament or discharge lamps, including sealed beam lamp units and ultra-violet or infra-red lamps, arc lamps, light-emitting diode (LED) lamps",N/A,0.0,99971.0
X,484,MEX,124,CAN,8539,"Lamps; electric filament or discharge lamps, including sealed beam lamp units and ultra-violet or infra-red lamps, arc lamps, light-emitting diode (LED) lamps",N/A,0.0,1116473.0
X,484,MEX,152,CHL,8539,"Lamps; electric filament or discharge lamps, including sealed beam lamp units and ultra-violet or infra-red lamps, arc lamps, light-emitting diode (LED) lamps",N/A,0.0,135034.0
X,484,MEX,156,CHN,8539,"Lamps; electric filament or discharge lamps, including sealed beam lamp units and ultra-violet or infra-red lamps, arc lamps, light-emitting diode (LED) lamps",N/A,0.0,402837.0
X,484,MEX,170,COL,8539,"Lamps; electric filament or discharge lamps, including sealed beam lamp units and ultra-violet or infra-red lamps, arc lamps, light-emitting diode (LED) lamps",N/A,0.0,998504.0
X,484,MEX,188,CRI,8539,"Lamps; electric filament or discharge lamps, including sealed beam lamp units and ultra-violet or infra-red lamps, arc lamps, light-emitting diode (LED) lamps",N/A,0.0,1097262.0
X,484,MEX,192,CUB,8539,"Lamps; electric filament or discharge lamps, including sealed beam lamp units and ultra-violet or infra-red lamps, arc lamps, light-emitting diode (LED) lamps",N/A,0.0,161756.0
X,484,MEX,214,DOM,8539,"Lamps; electric filament or discharge lamps, including sealed beam lamp units and ultra-violet or infra-red lamps, arc lamps, light-emitting diode (LED) lamps",N/A,0.0,930750.0
X,484,MEX,218,ECU,8539,"Lamps; electric filament or discharge lamps, including sealed beam lamp units and ultra-violet or infra-red lamps, arc lamps, light-emitting diode (LED) lamps",N/A,0.0,51772.0
X,484,MEX,222,SLV,8539,"Lamps; electric filament or discharge lamps, including sealed beam lamp units and ultra-violet or infra-red lamps, arc lamps, light-emitting diode (LED) lamps",N/A,0.0,2005897.0
X,484,MEX,276,DEU,8539,"Lamps; electric filament or discharge lamps, including sealed beam lamp units and ultra-violet or infra-red lamps, arc lamps, light-emitting diode (LED) lamps",N/A,0.0,16515.0
X,484,MEX,320,GTM,8539,"Lamps; electric filament or discharge lamps, including sealed beam lamp units and ultra-violet or infra-red lamps, arc lamps, light-emitting diode (LED) lamps",N/A,0.0,2517238.0
X,484,MEX,340,HND,8539,"Lamps; electric filament or discharge lamps, including sealed beam lamp units and ultra-violet or infra-red lamps, arc lamps, light-emitting diode (LED) lamps",N/A,0.0,1258962.0
X,484,MEX,528,NLD,8539,"Lamps; electric filament or discharge lamps, including sealed beam lamp units and ultra-violet or infra-red lamps, arc lamps, light-emitting diode (LED) lamps",N/A,0.0,15562.0
X,484,MEX,558,NIC,8539,"Lamps; electric filament or discharge lamps, including sealed beam lamp units and ultra-violet or infra-red lamps, arc lamps, light-emitting diode (LED) lamps",N/A,0.0,509978.0
X,484,MEX,591,PAN,8539,"Lamps; electric filament or discharge lamps, including sealed beam lamp units and ultra-violet or infra-red lamps, arc lamps, light-emitting diode (LED) lamps",N/A,0.0,459825.0
X,484,MEX,604,PER,8539,"Lamps; electric filament or discharge lamps, including sealed beam lamp units and ultra-violet or infra-red lamps, arc lamps, light-emitting diode (LED) lamps",N/A,0.0,31262.0
X,484,MEX,780,TTO,8539,"Lamps; electric filament or discharge lamps, including sealed beam lamp units and ultra-violet or infra-red lamps, arc lamps, light-emitting diode (LED) lamps",N/A,0.0,46318.0
X,484,MEX,826,GBR,8539,"Lamps; electric filament or discharge lamps, including sealed beam lamp units and ultra-violet or infra-red lamps, arc lamps, light-emitting diode (LED) lamps",N/A,0.0,4226.0
X,484,MEX,842,USA,8539,"Lamps; electric filament or discharge lamps, including sealed beam lamp units and ultra-violet or infra-red lamps, arc lamps, light-emitting diode (LED) lamps",N/A,0.0,129443278.0
X,484,MEX,862,VEN,8539,"Lamps; electric filament or discharge lamps, including sealed beam lamp units and ultra-violet or infra-red lamps, arc lamps, light-emitting diode (LED) lamps",N/A,0.0,96020.0
X,484,MEX,0,W00,8540,"Thermionic, cold cathode or photo-cathode valves and tubes (e.g. vacuum, vapour, gas filled valves and tubes, mercury arc rectifying valves and tubes, cathode-ray and television camera tubes)",N/A,0.0,2391693.0
X,484,MEX,842,USA,8540,"Thermionic, cold cathode or photo-cathode valves and tubes (e.g. vacuum, vapour, gas filled valves and tubes, mercury arc rectifying valves and tubes, cathode-ray and television camera tubes)",N/A,0.0,2391693.0
X,484,MEX,0,W00,8541,"Diodes, transistors, similar semiconductor devices; including photovoltaic cells assembled or not in modules or panels, light-emitting diodes (LED), mounted piezo-electric crystals",N/A,0.0,614487721.0
X,484,MEX,76,BRA,8541,"Diodes, transistors, similar semiconductor devices; including photovoltaic cells assembled or not in modules or panels, light-emitting diodes (LED), mounted piezo-electric crystals",N/A,0.0,3066364.0
X,484,MEX,84,BLZ,8541,"Diodes, transistors, similar semiconductor devices; including photovoltaic cells assembled or not in modules or panels, light-emitting diodes (LED), mounted piezo-electric crystals",N/A,0.0,769.0
X,484,MEX,100,BGR,8541,"Diodes, transistors, similar semiconductor devices; including photovoltaic cells assembled or not in modules or panels, light-emitting diodes (LED), mounted piezo-electric crystals",N/A,0.0,2556.0
X,484,MEX,124,CAN,8541,"Diodes, transistors, similar semiconductor devices; including photovoltaic cells assembled or not in modules or panels, light-emitting diodes (LED), mounted piezo-electric crystals",N/A,0.0,6220952.0
X,484,MEX,156,CHN,8541,"Diodes, transistors, similar semiconductor devices; including photovoltaic cells assembled or not in modules or panels, light-emitting diodes (LED), mounted piezo-electric crystals",N/A,0.0,33006167.0
X,484,MEX,170,COL,8541,"Diodes, transistors, similar semiconductor devices; including photovoltaic cells assembled or not in modules or panels, light-emitting diodes (LED), mounted piezo-electric crystals",N/A,0.0,111467.0
X,484,MEX,188,CRI,8541,"Diodes, transistors, similar semiconductor devices; including photovoltaic cells assembled or not in modules or panels, light-emitting diodes (LED), mounted piezo-electric crystals",N/A,0.0,518792.0
X,484,MEX,203,CZE,8541,"Diodes, transistors, similar semiconductor devices; including photovoltaic cells assembled or not in modules or panels, light-emitting diodes (LED), mounted piezo-electric crystals",N/A,0.0,7390.0
X,484,MEX,214,DOM,8541,"Diodes, transistors, similar semiconductor devices; including photovoltaic cells assembled or not in modules or panels, light-emitting diodes (LED), mounted piezo-electric crystals",N/A,0.0,216842.0
X,484,MEX,218,ECU,8541,"Diodes, transistors, similar semiconductor devices; including photovoltaic cells assembled or not in modules or panels, light-emitting diodes (LED), mounted piezo-electric crystals",N/A,0.0,2148.0
X,484,MEX,222,SLV,8541,"Diodes, transistors, similar semiconductor devices; including photovoltaic cells assembled or not in modules or panels, light-emitting diodes (LED), mounted piezo-electric crystals",N/A,0.0,19036.0
X,484,MEX,246,FIN,8541,"Diodes, transistors, similar semiconductor devices; including photovoltaic cells assembled or not in modules or panels, light-emitting diodes (LED), mounted piezo-electric crystals",N/A,0.0,30315.0
X,484,MEX,251,FRA,8541,"Diodes, transistors, similar semiconductor devices; including photovoltaic cells assembled or not in modules or panels, light-emitting diodes (LED), mounted piezo-electric crystals",N/A,0.0,21863.0
X,484,MEX,276,DEU,8541,"Diodes, transistors, similar semiconductor devices; including photovoltaic cells assembled or not in modules or panels, light-emitting diodes (LED), mounted piezo-electric crystals",N/A,0.0,580431.0
X,484,MEX,320,GTM,8541,"Diodes, transistors, similar semiconductor devices; including photovoltaic cells assembled or not in modules or panels, light-emitting diodes (LED), mounted piezo-electric crystals",N/A,0.0,31430.0
X,484,MEX,340,HND,8541,"Diodes, transistors, similar semiconductor devices; including photovoltaic cells assembled or not in modules or panels, light-emitting diodes (LED), mounted piezo-electric crystals",N/A,0.0,82932.0
X,484,MEX,344,HKG,8541,"Diodes, transistors, similar semiconductor devices; including photovoltaic cells assembled or not in modules or panels, light-emitting diodes (LED), mounted piezo-electric crystals",N/A,0.0,3492478.0
X,484,MEX,348,HUN,8541,"Diodes, transistors, similar semiconductor devices; including photovoltaic cells assembled or not in modules or panels, light-emitting diodes (LED), mounted piezo-electric crystals",N/A,0.0,686374.0
X,484,MEX,380,ITA,8541,"Diodes, transistors, similar semiconductor devices; including photovoltaic cells assembled or not in modules or panels, light-emitting diodes (LED), mounted piezo-electric crystals",N/A,0.0,65201.0
X,484,MEX,392,JPN,8541,"Diodes, transistors, similar semiconductor devices; including photovoltaic cells assembled or not in modules or panels, light-emitting diodes (LED), mounted piezo-electric crystals",N/A,0.0,137711.0
X,484,MEX,410,KOR,8541,"Diodes, transistors, similar semiconductor devices; including photovoltaic cells assembled or not in modules or panels, light-emitting diodes (LED), mounted piezo-electric crystals",N/A,0.0,7466162.0
X,484,MEX,458,MYS,8541,"Diodes, transistors, similar semiconductor devices; including photovoltaic cells assembled or not in modules or panels, light-emitting diodes (LED), mounted piezo-electric crystals",N/A,0.0,1468954.0
X,484,MEX,490,S19,8541,"Diodes, transistors, similar semiconductor devices; including photovoltaic cells assembled or not in modules or panels, light-emitting diodes (LED), mounted piezo-electric crystals",N/A,0.0,389190.0
X,484,MEX,528,NLD,8541,"Diodes, transistors, similar semiconductor devices; including photovoltaic cells assembled or not in modules or panels, light-emitting diodes (LED), mounted piezo-electric crystals",N/A,0.0,4521842.0
X,484,MEX,558,NIC,8541,"Diodes, transistors, similar semiconductor devices; including photovoltaic cells assembled or not in modules or panels, light-emitting diodes (LED), mounted piezo-electric crystals",N/A,0.0,7636.0
X,484,MEX,591,PAN,8541,"Diodes, transistors, similar semiconductor devices; including photovoltaic cells assembled or not in modules or panels, light-emitting diodes (LED), mounted piezo-electric crystals",N/A,0.0,43335.0
X,484,MEX,604,PER,8541,"Diodes, transistors, similar semiconductor devices; including photovoltaic cells assembled or not in modules or panels, light-emitting diodes (LED), mounted piezo-electric crystals",N/A,0.0,64758.0
X,484,MEX,608,PHL,8541,"Diodes, transistors, similar semiconductor devices; including photovoltaic cells assembled or not in modules or panels, light-emitting diodes (LED), mounted piezo-electric crystals",N/A,0.0,142977.0
X,484,MEX,616,POL,8541,"Diodes, transistors, similar semiconductor devices; including photovoltaic cells assembled or not in modules or panels, light-emitting diodes (LED), mounted piezo-electric crystals",N/A,0.0,162668.0
X,484,MEX,642,ROU,8541,"Diodes, transistors, similar semiconductor devices; including photovoltaic cells assembled or not in modules or panels, light-emitting diodes (LED), mounted piezo-electric crystals",N/A,0.0,972514.0
X,484,MEX,699,IND,8541,"Diodes, transistors, similar semiconductor devices; including photovoltaic cells assembled or not in modules or panels, light-emitting diodes (LED), mounted piezo-electric crystals",N/A,0.0,843182.0
X,484,MEX,702,SGP,8541,"Diodes, transistors, similar semiconductor devices; including photovoltaic cells assembled or not in modules or panels, light-emitting diodes (LED), mounted piezo-electric crystals",N/A,0.0,2200865.0
X,484,MEX,704,VNM,8541,"Diodes, transistors, similar semiconductor devices; including photovoltaic cells assembled or not in modules or panels, light-emitting diodes (LED), mounted piezo-electric crystals",N/A,0.0,381802.0
X,484,MEX,724,ESP,8541,"Diodes, transistors, similar semiconductor devices; including photovoltaic cells assembled or not in modules or panels, light-emitting diodes (LED), mounted piezo-electric crystals",N/A,0.0,82443.0
X,484,MEX,764,THA,8541,"Diodes, transistors, similar semiconductor devices; including photovoltaic cells assembled or not in modules or panels, light-emitting diodes (LED), mounted piezo-electric crystals",N/A,0.0,2345937.0
X,484,MEX,826,GBR,8541,"Diodes, transistors, similar semiconductor devices; including photovoltaic cells assembled or not in modules or panels, light-emitting diodes (LED), mounted piezo-electric crystals",N/A,0.0,69041.0
X,484,MEX,842,USA,8541,"Diodes, transistors, similar semiconductor devices; including photovoltaic cells assembled or not in modules or panels, light-emitting diodes (LED), mounted piezo-electric crystals",N/A,0.0,545023197.0
X,484,MEX,0,W00,8542,Electronic integrated circuits,N/A,0.0,3499667244.0
X,484,MEX,36,AUS,8542,Electronic integrated circuits,N/A,0.0,5637.0
X,484,MEX,40,AUT,8542,Electronic integrated circuits,N/A,0.0,115706.0
X,484,MEX,76,BRA,8542,Electronic integrated circuits,N/A,0.0,9665631.0
X,484,MEX,100,BGR,8542,Electronic integrated circuits,N/A,0.0,92330.0
X,484,MEX,124,CAN,8542,Electronic integrated circuits,N/A,0.0,13613398.0
X,484,MEX,152,CHL,8542,Electronic integrated circuits,u,622.0,13905.0
X,484,MEX,156,CHN,8542,Electronic integrated circuits,N/A,0.0,111924420.0
X,484,MEX,170,COL,8542,Electronic integrated circuits,N/A,0.0,45051.0
X,484,MEX,188,CRI,8542,Electronic integrated circuits,N/A,0.0,439995.0
X,484,MEX,203,CZE,8542,Electronic integrated circuits,N/A,0.0,1887617.0
X,484,MEX,218,ECU,8542,Electronic integrated circuits,N/A,0.0,12453.0
X,484,MEX,222,SLV,8542,Electronic integrated circuits,N/A,0.0,34426.0
X,484,MEX,251,FRA,8542,Electronic integrated circuits,N/A,0.0,982604.0
X,484,MEX,276,DEU,8542,Electronic integrated circuits,N/A,0.0,9046537.0
X,484,MEX,320,GTM,8542,Electronic integrated circuits,N/A,0.0,31382.0
X,484,MEX,344,HKG,8542,Electronic integrated circuits,N/A,0.0,258022521.0
X,484,MEX,348,HUN,8542,Electronic integrated circuits,N/A,0.0,28570702.0
X,484,MEX,372,IRL,8542,Electronic integrated circuits,N/A,0.0,19286.0
X,484,MEX,376,ISR,8542,Electronic integrated circuits,N/A,0.0,169630.0
X,484,MEX,380,ITA,8542,Electronic integrated circuits,N/A,0.0,654983.0
X,484,MEX,392,JPN,8542,Electronic integrated circuits,N/A,0.0,72138772.0
X,484,MEX,410,KOR,8542,Electronic integrated circuits,N/A,0.0,11652945.0
X,484,MEX,458,MYS,8542,Electronic integrated circuits,N/A,0.0,15299511.0
X,484,MEX,490,S19,8542,Electronic integrated circuits,N/A,0.0,13216379.0
X,484,MEX,528,NLD,8542,Electronic integrated circuits,N/A,0.0,46091617.0
X,484,MEX,604,PER,8542,Electronic integrated circuits,N/A,0.0,14005.0
X,484,MEX,608,PHL,8542,Electronic integrated circuits,N/A,0.0,1643472.0
X,484,MEX,616,POL,8542,Electronic integrated circuits,N/A,0.0,2184076.0
X,484,MEX,620,PRT,8542,Electronic integrated circuits,N/A,0.0,108734.0
X,484,MEX,642,ROU,8542,Electronic integrated circuits,N/A,0.0,3093532.0
X,484,MEX,643,RUS,8542,Electronic integrated circuits,N/A,0.0,418565.0
X,484,MEX,699,IND,8542,Electronic integrated circuits,N/A,0.0,2911110.0
X,484,MEX,702,SGP,8542,Electronic integrated circuits,N/A,0.0,60190439.0
X,484,MEX,703,SVK,8542,Electronic integrated circuits,N/A,0.0,180746.0
X,484,MEX,704,VNM,8542,Electronic integrated circuits,N/A,0.0,3573509.0
X,484,MEX,710,ZAF,8542,Electronic integrated circuits,N/A,0.0,40152.0
X,484,MEX,724,ESP,8542,Electronic integrated circuits,N/A,0.0,1279533.0
X,484,MEX,752,SWE,8542,Electronic integrated circuits,N/A,0.0,75478.0
X,484,MEX,757,CHE,8542,Electronic integrated circuits,N/A,0.0,330826.0
X,484,MEX,764,THA,8542,Electronic integrated circuits,N/A,0.0,4235669.0
X,484,MEX,826,GBR,8542,Electronic integrated circuits,N/A,0.0,925996.0
X,484,MEX,842,USA,8542,Electronic integrated circuits,N/A,0.0,2824710293.0
X,484,MEX,858,URY,8542,Electronic integrated circuits,N/A,0.0,3671.0
X,484,MEX,0,W00,8543,"Electrical machines and apparatus; having individual functions, not specified or included elsewhere in this chapter",N/A,0.0,2101874748.0
X,484,MEX,32,ARG,8543,"Electrical machines and apparatus; having individual functions, not specified or included elsewhere in this chapter",N/A,0.0,4831562.0
X,484,MEX,36,AUS,8543,"Electrical machines and apparatus; having individual functions, not specified or included elsewhere in this chapter",N/A,0.0,753382.0
X,484,MEX,40,AUT,8543,"Electrical machines and apparatus; having individual functions, not specified or included elsewhere in this chapter",N/A,0.0,7432688.0
X,484,MEX,52,BRB,8543,"Electrical machines and apparatus; having individual functions, not specified or included elsewhere in this chapter",N/A,0.0,6305.0
X,484,MEX,56,BEL,8543,"Electrical machines and apparatus; having individual functions, not specified or included elsewhere in this chapter",N/A,0.0,1418889.0
X,484,MEX,68,BOL,8543,"Electrical machines and apparatus; having individual functions, not specified or included elsewhere in this chapter",N/A,0.0,10356.0
X,484,MEX,76,BRA,8543,"Electrical machines and apparatus; having individual functions, not specified or included elsewhere in this chapter",N/A,0.0,27168438.0
X,484,MEX,84,BLZ,8543,"Electrical machines and apparatus; having individual functions, not specified or included elsewhere in this chapter",N/A,0.0,27978.0
X,484,MEX,124,CAN,8543,"Electrical machines and apparatus; having individual functions, not specified or included elsewhere in this chapter",N/A,0.0,18212588.0
X,484,MEX,152,CHL,8543,"Electrical machines and apparatus; having individual functions, not specified or included elsewhere in this chapter",N/A,0.0,242133.0
X,484,MEX,156,CHN,8543,"Electrical machines and apparatus; having individual functions, not specified or included elsewhere in this chapter",N/A,0.0,27859396.0
X,484,MEX,170,COL,8543,"Electrical machines and apparatus; having individual functions, not specified or included elsewhere in this chapter",N/A,0.0,3463126.0
X,484,MEX,188,CRI,8543,"Electrical machines and apparatus; having individual functions, not specified or included elsewhere in this chapter",N/A,0.0,367783.0
X,484,MEX,192,CUB,8543,"Electrical machines and apparatus; having individual functions, not specified or included elsewhere in this chapter",N/A,0.0,45428.0
X,484,MEX,203,CZE,8543,"Electrical machines and apparatus; having individual functions, not specified or included elsewhere in this chapter",N/A,0.0,3387.0
X,484,MEX,214,DOM,8543,"Electrical machines and apparatus; having individual functions, not specified or included elsewhere in this chapter",N/A,0.0,428957.0
X,484,MEX,218,ECU,8543,"Electrical machines and apparatus; having individual functions, not specified or included elsewhere in this chapter",N/A,0.0,151339.0
X,484,MEX,222,SLV,8543,"Electrical machines and apparatus; having individual functions, not specified or included elsewhere in this chapter",N/A,0.0,2406444.0
X,484,MEX,251,FRA,8543,"Electrical machines and apparatus; having individual functions, not specified or included elsewhere in this chapter",N/A,0.0,1409391.0
X,484,MEX,276,DEU,8543,"Electrical machines and apparatus; having individual functions, not specified or included elsewhere in this chapter",N/A,0.0,61308303.0
X,484,MEX,320,GTM,8543,"Electrical machines and apparatus; having individual functions, not specified or included elsewhere in this chapter",N/A,0.0,681957.0
X,484,MEX,332,HTI,8543,"Electrical machines and apparatus; having individual functions, not specified or included elsewhere in this chapter",N/A,0.0,2162.0
X,484,MEX,340,HND,8543,"Electrical machines and apparatus; having individual functions, not specified or included elsewhere in this chapter",N/A,0.0,244146.0
X,484,MEX,344,HKG,8543,"Electrical machines and apparatus; having individual functions, not specified or included elsewhere in this chapter",N/A,0.0,888052.0
X,484,MEX,348,HUN,8543,"Electrical machines and apparatus; having individual functions, not specified or included elsewhere in this chapter",N/A,0.0,237550.0
X,484,MEX,380,ITA,8543,"Electrical machines and apparatus; having individual functions, not specified or included elsewhere in this chapter",N/A,0.0,3025666.0
X,484,MEX,388,JAM,8543,"Electrical machines and apparatus; having individual functions, not specified or included elsewhere in this chapter",N/A,0.0,7320.0
X,484,MEX,392,JPN,8543,"Electrical machines and apparatus; having individual functions, not specified or included elsewhere in this chapter",N/A,0.0,12024456.0
X,484,MEX,410,KOR,8543,"Electrical machines and apparatus; having individual functions, not specified or included elsewhere in this chapter",N/A,0.0,6495619.0
X,484,MEX,458,MYS,8543,"Electrical machines and apparatus; having individual functions, not specified or included elsewhere in this chapter",N/A,0.0,205789.0
X,484,MEX,490,S19,8543,"Electrical machines and apparatus; having individual functions, not specified or included elsewhere in this chapter",N/A,0.0,2647599.0
X,484,MEX,528,NLD,8543,"Electrical machines and apparatus; having individual functions, not specified or included elsewhere in this chapter",N/A,0.0,3578738.0
X,484,MEX,558,NIC,8543,"Electrical machines and apparatus; having individual functions, not specified or included elsewhere in this chapter",N/A,0.0,206453.0
X,484,MEX,591,PAN,8543,"Electrical machines and apparatus; having individual functions, not specified or included elsewhere in this chapter",N/A,0.0,525668.0
X,484,MEX,600,PRY,8543,"Electrical machines and apparatus; having individual functions, not specified or included elsewhere in this chapter",N/A,0.0,8890.0
X,484,MEX,604,PER,8543,"Electrical machines and apparatus; having individual functions, not specified or included elsewhere in this chapter",N/A,0.0,348746.0
X,484,MEX,616,POL,8543,"Electrical machines and apparatus; having individual functions, not specified or included elsewhere in this chapter",N/A,0.0,129007.0
X,484,MEX,642,ROU,8543,"Electrical machines and apparatus; having individual functions, not specified or included elsewhere in this chapter",N/A,0.0,2646504.0
X,484,MEX,699,IND,8543,"Electrical machines and apparatus; having individual functions, not specified or included elsewhere in this chapter",N/A,0.0,836314.0
X,484,MEX,702,SGP,8543,"Electrical machines and apparatus; having individual functions, not specified or included elsewhere in this chapter",N/A,0.0,1382837.0
X,484,MEX,704,VNM,8543,"Electrical machines and apparatus; having individual functions, not specified or included elsewhere in this chapter",N/A,0.0,25195.0
X,484,MEX,710,ZAF,8543,"Electrical machines and apparatus; having individual functions, not specified or included elsewhere in this chapter",N/A,0.0,73240.0
X,484,MEX,724,ESP,8543,"Electrical machines and apparatus; having individual functions, not specified or included elsewhere in this chapter",N/A,0.0,3681267.0
X,484,MEX,757,CHE,8543,"Electrical machines and apparatus; having individual functions, not specified or included elsewhere in this chapter",N/A,0.0,106556.0
X,484,MEX,764,THA,8543,"Electrical machines and apparatus; having individual functions, not specified or included elsewhere in this chapter",N/A,0.0,4324861.0
X,484,MEX,780,TTO,8543,"Electrical machines and apparatus; having individual functions, not specified or included elsewhere in this chapter",N/A,0.0,8454.0
X,484,MEX,826,GBR,8543,"Electrical machines and apparatus; having individual functions, not specified or included elsewhere in this chapter",N/A,0.0,2484286.0
X,484,MEX,842,USA,8543,"Electrical machines and apparatus; having individual functions, not specified or included elsewhere in this chapter",N/A,0.0,1897490222.0
X,484,MEX,858,URY,8543,"Electrical machines and apparatus; having individual functions, not specified or included elsewhere in this chapter",N/A,0.0,7145.0
X,484,MEX,862,VEN,8543,"Electrical machines and apparatus; having individual functions, not specified or included elsewhere in this chapter",N/A,0.0,2176.0
X,484,MEX,0,W00,8544,"Insulated wire, cable and other electric conductors, connector fitted or not; optical fibre cables of individually sheathed fibres, whether or not assembled with electric conductors or fitted with connectors",N/A,0.0,14106066126.0
X,484,MEX,32,ARG,8544,"Insulated wire, cable and other electric conductors, connector fitted or not; optical fibre cables of individually sheathed fibres, whether or not assembled with electric conductors or fitted with connectors",N/A,0.0,6026825.0
X,484,MEX,36,AUS,8544,"Insulated wire, cable and other electric conductors, connector fitted or not; optical fibre cables of individually sheathed fibres, whether or not assembled with electric conductors or fitted with connectors",N/A,0.0,450039.0
X,484,MEX,40,AUT,8544,"Insulated wire, cable and other electric conductors, connector fitted or not; optical fibre cables of individually sheathed fibres, whether or not assembled with electric conductors or fitted with connectors",N/A,0.0,585783.0
X,484,MEX,44,BHS,8544,"Insulated wire, cable and other electric conductors, connector fitted or not; optical fibre cables of individually sheathed fibres, whether or not assembled with electric conductors or fitted with connectors",N/A,0.0,179567.0
X,484,MEX,52,BRB,8544,"Insulated wire, cable and other electric conductors, connector fitted or not; optical fibre cables of individually sheathed fibres, whether or not assembled with electric conductors or fitted with connectors",N/A,0.0,17693.0
X,484,MEX,56,BEL,8544,"Insulated wire, cable and other electric conductors, connector fitted or not; optical fibre cables of individually sheathed fibres, whether or not assembled with electric conductors or fitted with connectors",N/A,0.0,237943.0
X,484,MEX,68,BOL,8544,"Insulated wire, cable and other electric conductors, connector fitted or not; optical fibre cables of individually sheathed fibres, whether or not assembled with electric conductors or fitted with connectors",N/A,0.0,126779.0
X,484,MEX,76,BRA,8544,"Insulated wire, cable and other electric conductors, connector fitted or not; optical fibre cables of individually sheathed fibres, whether or not assembled with electric conductors or fitted with connectors",N/A,0.0,28777486.0
X,484,MEX,84,BLZ,8544,"Insulated wire, cable and other electric conductors, connector fitted or not; optical fibre cables of individually sheathed fibres, whether or not assembled with electric conductors or fitted with connectors",N/A,0.0,1249874.0
X,484,MEX,124,CAN,8544,"Insulated wire, cable and other electric conductors, connector fitted or not; optical fibre cables of individually sheathed fibres, whether or not assembled with electric conductors or fitted with connectors",N/A,0.0,37200096.0
X,484,MEX,152,CHL,8544,"Insulated wire, cable and other electric conductors, connector fitted or not; optical fibre cables of individually sheathed fibres, whether or not assembled with electric conductors or fitted with connectors",N/A,0.0,13109920.0
X,484,MEX,156,CHN,8544,"Insulated wire, cable and other electric conductors, connector fitted or not; optical fibre cables of individually sheathed fibres, whether or not assembled with electric conductors or fitted with connectors",N/A,0.0,31241143.0
X,484,MEX,170,COL,8544,"Insulated wire, cable and other electric conductors, connector fitted or not; optical fibre cables of individually sheathed fibres, whether or not assembled with electric conductors or fitted with connectors",N/A,0.0,42249943.0
X,484,MEX,188,CRI,8544,"Insulated wire, cable and other electric conductors, connector fitted or not; optical fibre cables of individually sheathed fibres, whether or not assembled with electric conductors or fitted with connectors",N/A,0.0,35119309.0
X,484,MEX,192,CUB,8544,"Insulated wire, cable and other electric conductors, connector fitted or not; optical fibre cables of individually sheathed fibres, whether or not assembled with electric conductors or fitted with connectors",N/A,0.0,667427.0
X,484,MEX,203,CZE,8544,"Insulated wire, cable and other electric conductors, connector fitted or not; optical fibre cables of individually sheathed fibres, whether or not assembled with electric conductors or fitted with connectors",N/A,0.0,12178610.0
X,484,MEX,208,DNK,8544,"Insulated wire, cable and other electric conductors, connector fitted or not; optical fibre cables of individually sheathed fibres, whether or not assembled with electric conductors or fitted with connectors",N/A,0.0,1047497.0
X,484,MEX,214,DOM,8544,"Insulated wire, cable and other electric conductors, connector fitted or not; optical fibre cables of individually sheathed fibres, whether or not assembled with electric conductors or fitted with connectors",N/A,0.0,13313055.0
X,484,MEX,218,ECU,8544,"Insulated wire, cable and other electric conductors, connector fitted or not; optical fibre cables of individually sheathed fibres, whether or not assembled with electric conductors or fitted with connectors",N/A,0.0,3316856.0
X,484,MEX,222,SLV,8544,"Insulated wire, cable and other electric conductors, connector fitted or not; optical fibre cables of individually sheathed fibres, whether or not assembled with electric conductors or fitted with connectors",N/A,0.0,48233714.0
X,484,MEX,246,FIN,8544,"Insulated wire, cable and other electric conductors, connector fitted or not; optical fibre cables of individually sheathed fibres, whether or not assembled with electric conductors or fitted with connectors",N/A,0.0,31056.0
X,484,MEX,251,FRA,8544,"Insulated wire, cable and other electric conductors, connector fitted or not; optical fibre cables of individually sheathed fibres, whether or not assembled with electric conductors or fitted with connectors",N/A,0.0,12963795.0
X,484,MEX,276,DEU,8544,"Insulated wire, cable and other electric conductors, connector fitted or not; optical fibre cables of individually sheathed fibres, whether or not assembled with electric conductors or fitted with connectors",N/A,0.0,21543469.0
X,484,MEX,320,GTM,8544,"Insulated wire, cable and other electric conductors, connector fitted or not; optical fibre cables of individually sheathed fibres, whether or not assembled with electric conductors or fitted with connectors",N/A,0.0,79379108.0
X,484,MEX,328,GUY,8544,"Insulated wire, cable and other electric conductors, connector fitted or not; optical fibre cables of individually sheathed fibres, whether or not assembled with electric conductors or fitted with connectors",N/A,0.0,1841.0
X,484,MEX,332,HTI,8544,"Insulated wire, cable and other electric conductors, connector fitted or not; optical fibre cables of individually sheathed fibres, whether or not assembled with electric conductors or fitted with connectors",N/A,0.0,761784.0
X,484,MEX,340,HND,8544,"Insulated wire, cable and other electric conductors, connector fitted or not; optical fibre cables of individually sheathed fibres, whether or not assembled with electric conductors or fitted with connectors",N/A,0.0,100628892.0
X,484,MEX,344,HKG,8544,"Insulated wire, cable and other electric conductors, connector fitted or not; optical fibre cables of individually sheathed fibres, whether or not assembled with electric conductors or fitted with connectors",N/A,0.0,7228027.0
X,484,MEX,348,HUN,8544,"Insulated wire, cable and other electric conductors, connector fitted or not; optical fibre cables of individually sheathed fibres, whether or not assembled with electric conductors or fitted with connectors",N/A,0.0,1771136.0
X,484,MEX,360,IDN,8544,"Insulated wire, cable and other electric conductors, connector fitted or not; optical fibre cables of individually sheathed fibres, whether or not assembled with electric conductors or fitted with connectors",N/A,0.0,49826.0
X,484,MEX,372,IRL,8544,"Insulated wire, cable and other electric conductors, connector fitted or not; optical fibre cables of individually sheathed fibres, whether or not assembled with electric conductors or fitted with connectors",N/A,0.0,2229681.0
X,484,MEX,376,ISR,8544,"Insulated wire, cable and other electric conductors, connector fitted or not; optical fibre cables of individually sheathed fibres, whether or not assembled with electric conductors or fitted with connectors",N/A,0.0,126487.0
X,484,MEX,380,ITA,8544,"Insulated wire, cable and other electric conductors, connector fitted or not; optical fibre cables of individually sheathed fibres, whether or not assembled with electric conductors or fitted with connectors",N/A,0.0,371287.0
X,484,MEX,388,JAM,8544,"Insulated wire, cable and other electric conductors, connector fitted or not; optical fibre cables of individually sheathed fibres, whether or not assembled with electric conductors or fitted with connectors",N/A,0.0,87312.0
X,484,MEX,392,JPN,8544,"Insulated wire, cable and other electric conductors, connector fitted or not; optical fibre cables of individually sheathed fibres, whether or not assembled with electric conductors or fitted with connectors",N/A,0.0,6370697.0
X,484,MEX,410,KOR,8544,"Insulated wire, cable and other electric conductors, connector fitted or not; optical fibre cables of individually sheathed fibres, whether or not assembled with electric conductors or fitted with connectors",N/A,0.0,2913410.0
X,484,MEX,442,LUX,8544,"Insulated wire, cable and other electric conductors, connector fitted or not; optical fibre cables of individually sheathed fibres, whether or not assembled with electric conductors or fitted with connectors",N/A,0.0,143806.0
X,484,MEX,458,MYS,8544,"Insulated wire, cable and other electric conductors, connector fitted or not; optical fibre cables of individually sheathed fibres, whether or not assembled with electric conductors or fitted with connectors",N/A,0.0,6841510.0
X,484,MEX,490,S19,8544,"Insulated wire, cable and other electric conductors, connector fitted or not; optical fibre cables of individually sheathed fibres, whether or not assembled with electric conductors or fitted with connectors",N/A,0.0,2356802.0
X,484,MEX,504,MAR,8544,"Insulated wire, cable and other electric conductors, connector fitted or not; optical fibre cables of individually sheathed fibres, whether or not assembled with electric conductors or fitted with connectors",N/A,0.0,208648.0
X,484,MEX,512,OMN,8544,"Insulated wire, cable and other electric conductors, connector fitted or not; optical fibre cables of individually sheathed fibres, whether or not assembled with electric conductors or fitted with connectors",N/A,0.0,2634.0
X,484,MEX,528,NLD,8544,"Insulated wire, cable and other electric conductors, connector fitted or not; optical fibre cables of individually sheathed fibres, whether or not assembled with electric conductors or fitted with connectors",N/A,0.0,7609278.0
X,484,MEX,533,ABW,8544,"Insulated wire, cable and other electric conductors, connector fitted or not; optical fibre cables of individually sheathed fibres, whether or not assembled with electric conductors or fitted with connectors",N/A,0.0,233.0
X,484,MEX,554,NZL,8544,"Insulated wire, cable and other electric conductors, connector fitted or not; optical fibre cables of individually sheathed fibres, whether or not assembled with electric conductors or fitted with connectors",N/A,0.0,64112.0
X,484,MEX,558,NIC,8544,"Insulated wire, cable and other electric conductors, connector fitted or not; optical fibre cables of individually sheathed fibres, whether or not assembled with electric conductors or fitted with connectors",N/A,0.0,178157965.0
X,484,MEX,579,NOR,8544,"Insulated wire, cable and other electric conductors, connector fitted or not; optical fibre cables of individually sheathed fibres, whether or not assembled with electric conductors or fitted with connectors",N/A,0.0,2611.0
X,484,MEX,591,PAN,8544,"Insulated wire, cable and other electric conductors, connector fitted or not; optical fibre cables of individually sheathed fibres, whether or not assembled with electric conductors or fitted with connectors",N/A,0.0,26660345.0
X,484,MEX,600,PRY,8544,"Insulated wire, cable and other electric conductors, connector fitted or not; optical fibre cables of individually sheathed fibres, whether or not assembled with electric conductors or fitted with connectors",N/A,0.0,6131258.0
X,484,MEX,604,PER,8544,"Insulated wire, cable and other electric conductors, connector fitted or not; optical fibre cables of individually sheathed fibres, whether or not assembled with electric conductors or fitted with connectors",N/A,0.0,4591129.0
X,484,MEX,608,PHL,8544,"Insulated wire, cable and other electric conductors, connector fitted or not; optical fibre cables of individually sheathed fibres, whether or not assembled with electric conductors or fitted with connectors",N/A,0.0,4806279.0
X,484,MEX,616,POL,8544,"Insulated wire, cable and other electric conductors, connector fitted or not; optical fibre cables of individually sheathed fibres, whether or not assembled with electric conductors or fitted with connectors",N/A,0.0,6907645.0
X,484,MEX,620,PRT,8544,"Insulated wire, cable and other electric conductors, connector fitted or not; optical fibre cables of individually sheathed fibres, whether or not assembled with electric conductors or fitted with connectors",N/A,0.0,156899.0
X,484,MEX,642,ROU,8544,"Insulated wire, cable and other electric conductors, connector fitted or not; optical fibre cables of individually sheathed fibres, whether or not assembled with electric conductors or fitted with connectors",N/A,0.0,600784.0
X,484,MEX,643,RUS,8544,"Insulated wire, cable and other electric conductors, connector fitted or not; optical fibre cables of individually sheathed fibres, whether or not assembled with electric conductors or fitted with connectors",N/A,0.0,55937.0
X,484,MEX,682,SAU,8544,"Insulated wire, cable and other electric conductors, connector fitted or not; optical fibre cables of individually sheathed fibres, whether or not assembled with electric conductors or fitted with connectors",N/A,0.0,350247.0
X,484,MEX,699,IND,8544,"Insulated wire, cable and other electric conductors, connector fitted or not; optical fibre cables of individually sheathed fibres, whether or not assembled with electric conductors or fitted with connectors",N/A,0.0,2465819.0
X,484,MEX,702,SGP,8544,"Insulated wire, cable and other electric conductors, connector fitted or not; optical fibre cables of individually sheathed fibres, whether or not assembled with electric conductors or fitted with connectors",N/A,0.0,12279185.0
X,484,MEX,703,SVK,8544,"Insulated wire, cable and other electric conductors, connector fitted or not; optical fibre cables of individually sheathed fibres, whether or not assembled with electric conductors or fitted with connectors",N/A,0.0,4293452.0
X,484,MEX,704,VNM,8544,"Insulated wire, cable and other electric conductors, connector fitted or not; optical fibre cables of individually sheathed fibres, whether or not assembled with electric conductors or fitted with connectors",N/A,0.0,1705216.0
X,484,MEX,705,SVN,8544,"Insulated wire, cable and other electric conductors, connector fitted or not; optical fibre cables of individually sheathed fibres, whether or not assembled with electric conductors or fitted with connectors",kg,6.004,130.0
X,484,MEX,710,ZAF,8544,"Insulated wire, cable and other electric conductors, connector fitted or not; optical fibre cables of individually sheathed fibres, whether or not assembled with electric conductors or fitted with connectors",N/A,0.0,225822.0
X,484,MEX,724,ESP,8544,"Insulated wire, cable and other electric conductors, connector fitted or not; optical fibre cables of individually sheathed fibres, whether or not assembled with electric conductors or fitted with connectors",N/A,0.0,5709528.0
X,484,MEX,752,SWE,8544,"Insulated wire, cable and other electric conductors, connector fitted or not; optical fibre cables of individually sheathed fibres, whether or not assembled with electric conductors or fitted with connectors",N/A,0.0,638328.0
X,484,MEX,757,CHE,8544,"Insulated wire, cable and other electric conductors, connector fitted or not; optical fibre cables of individually sheathed fibres, whether or not assembled with electric conductors or fitted with connectors",N/A,0.0,139397.0
X,484,MEX,764,THA,8544,"Insulated wire, cable and other electric conductors, connector fitted or not; optical fibre cables of individually sheathed fibres, whether or not assembled with electric conductors or fitted with connectors",N/A,0.0,2177318.0
X,484,MEX,780,TTO,8544,"Insulated wire, cable and other electric conductors, connector fitted or not; optical fibre cables of individually sheathed fibres, whether or not assembled with electric conductors or fitted with connectors",N/A,0.0,153117.0
X,484,MEX,784,ARE,8544,"Insulated wire, cable and other electric conductors, connector fitted or not; optical fibre cables of individually sheathed fibres, whether or not assembled with electric conductors or fitted with connectors",N/A,0.0,325032.0
X,484,MEX,792,TUR,8544,"Insulated wire, cable and other electric conductors, connector fitted or not; optical fibre cables of individually sheathed fibres, whether or not assembled with electric conductors or fitted with connectors",N/A,0.0,626985.0
X,484,MEX,818,EGY,8544,"Insulated wire, cable and other electric conductors, connector fitted or not; optical fibre cables of individually sheathed fibres, whether or not assembled with electric conductors or fitted with connectors",N/A,0.0,55018.0
X,484,MEX,826,GBR,8544,"Insulated wire, cable and other electric conductors, connector fitted or not; optical fibre cables of individually sheathed fibres, whether or not assembled with electric conductors or fitted with connectors",N/A,0.0,3879608.0
X,484,MEX,842,USA,8544,"Insulated wire, cable and other electric conductors, connector fitted or not; optical fibre cables of individually sheathed fibres, whether or not assembled with electric conductors or fitted with connectors",N/A,0.0,13310117581.0
X,484,MEX,858,URY,8544,"Insulated wire, cable and other electric conductors, connector fitted or not; optical fibre cables of individually sheathed fibres, whether or not assembled with electric conductors or fitted with connectors",N/A,0.0,3799583.0
X,484,MEX,862,VEN,8544,"Insulated wire, cable and other electric conductors, connector fitted or not; optical fibre cables of individually sheathed fibres, whether or not assembled with electric conductors or fitted with connectors",N/A,0.0,39518.0
X,484,MEX,0,W00,8545,"Carbon electrodes, carbon brushes, lamp carbons, battery carbons and other articles of graphite or other carbon; with or without metal, of a kind used for electrical purposes",N/A,0.0,105949967.0
X,484,MEX,56,BEL,8545,"Carbon electrodes, carbon brushes, lamp carbons, battery carbons and other articles of graphite or other carbon; with or without metal, of a kind used for electrical purposes",N/A,0.0,98525.0
X,484,MEX,76,BRA,8545,"Carbon electrodes, carbon brushes, lamp carbons, battery carbons and other articles of graphite or other carbon; with or without metal, of a kind used for electrical purposes",N/A,0.0,771522.0
X,484,MEX,156,CHN,8545,"Carbon electrodes, carbon brushes, lamp carbons, battery carbons and other articles of graphite or other carbon; with or without metal, of a kind used for electrical purposes",N/A,0.0,127381.0
X,484,MEX,170,COL,8545,"Carbon electrodes, carbon brushes, lamp carbons, battery carbons and other articles of graphite or other carbon; with or without metal, of a kind used for electrical purposes",N/A,0.0,1971429.0
X,484,MEX,188,CRI,8545,"Carbon electrodes, carbon brushes, lamp carbons, battery carbons and other articles of graphite or other carbon; with or without metal, of a kind used for electrical purposes",N/A,0.0,8827.0
X,484,MEX,214,DOM,8545,"Carbon electrodes, carbon brushes, lamp carbons, battery carbons and other articles of graphite or other carbon; with or without metal, of a kind used for electrical purposes",N/A,0.0,3405.0
X,484,MEX,218,ECU,8545,"Carbon electrodes, carbon brushes, lamp carbons, battery carbons and other articles of graphite or other carbon; with or without metal, of a kind used for electrical purposes",N/A,0.0,34675.0
X,484,MEX,222,SLV,8545,"Carbon electrodes, carbon brushes, lamp carbons, battery carbons and other articles of graphite or other carbon; with or without metal, of a kind used for electrical purposes",N/A,0.0,63686.0
X,484,MEX,320,GTM,8545,"Carbon electrodes, carbon brushes, lamp carbons, battery carbons and other articles of graphite or other carbon; with or without metal, of a kind used for electrical purposes",N/A,0.0,601459.0
X,484,MEX,340,HND,8545,"Carbon electrodes, carbon brushes, lamp carbons, battery carbons and other articles of graphite or other carbon; with or without metal, of a kind used for electrical purposes",N/A,0.0,104478.0
X,484,MEX,558,NIC,8545,"Carbon electrodes, carbon brushes, lamp carbons, battery carbons and other articles of graphite or other carbon; with or without metal, of a kind used for electrical purposes",N/A,0.0,53936.0
X,484,MEX,591,PAN,8545,"Carbon electrodes, carbon brushes, lamp carbons, battery carbons and other articles of graphite or other carbon; with or without metal, of a kind used for electrical purposes",kg,22.083,4121.0
X,484,MEX,604,PER,8545,"Carbon electrodes, carbon brushes, lamp carbons, battery carbons and other articles of graphite or other carbon; with or without metal, of a kind used for electrical purposes",N/A,0.0,1200694.0
X,484,MEX,724,ESP,8545,"Carbon electrodes, carbon brushes, lamp carbons, battery carbons and other articles of graphite or other carbon; with or without metal, of a kind used for electrical purposes",N/A,0.0,1412366.0
X,484,MEX,842,USA,8545,"Carbon electrodes, carbon brushes, lamp carbons, battery carbons and other articles of graphite or other carbon; with or without metal, of a kind used for electrical purposes",N/A,0.0,99493463.0
X,484,MEX,0,W00,8546,Electrical insulators of any material,N/A,0.0,46329192.0
X,484,MEX,124,CAN,8546,Electrical insulators of any material,N/A,0.0,27768.0
X,484,MEX,156,CHN,8546,Electrical insulators of any material,kg,440.0,8226.0
X,484,MEX,218,ECU,8546,Electrical insulators of any material,N/A,0.0,28080.0
X,484,MEX,276,DEU,8546,Electrical insulators of any material,kg,2592.265,86240.0
X,484,MEX,320,GTM,8546,Electrical insulators of any material,kg,2227.591,30918.0
X,484,MEX,682,SAU,8546,Electrical insulators of any material,kg,266.0,2087.0
X,484,MEX,842,USA,8546,Electrical insulators of any material,N/A,0.0,46145873.0
X,484,MEX,0,W00,8547,"Insulating fittings; for electrical machines, appliances, equipment, excluding insulators of heading no. 8546, electrical conduit tubing and joints therefore",N/A,0.0,141786742.0
X,484,MEX,76,BRA,8547,"Insulating fittings; for electrical machines, appliances, equipment, excluding insulators of heading no. 8546, electrical conduit tubing and joints therefore",N/A,0.0,20360.0
X,484,MEX,124,CAN,8547,"Insulating fittings; for electrical machines, appliances, equipment, excluding insulators of heading no. 8546, electrical conduit tubing and joints therefore",N/A,0.0,30755.0
X,484,MEX,156,CHN,8547,"Insulating fittings; for electrical machines, appliances, equipment, excluding insulators of heading no. 8546, electrical conduit tubing and joints therefore",N/A,0.0,783227.0
X,484,MEX,170,COL,8547,"Insulating fittings; for electrical machines, appliances, equipment, excluding insulators of heading no. 8546, electrical conduit tubing and joints therefore",N/A,0.0,41833.0
X,484,MEX,188,CRI,8547,"Insulating fittings; for electrical machines, appliances, equipment, excluding insulators of heading no. 8546, electrical conduit tubing and joints therefore",N/A,0.0,55774.0
X,484,MEX,214,DOM,8547,"Insulating fittings; for electrical machines, appliances, equipment, excluding insulators of heading no. 8546, electrical conduit tubing and joints therefore",N/A,0.0,1075.0
X,484,MEX,218,ECU,8547,"Insulating fittings; for electrical machines, appliances, equipment, excluding insulators of heading no. 8546, electrical conduit tubing and joints therefore",N/A,0.0,9366.0
X,484,MEX,222,SLV,8547,"Insulating fittings; for electrical machines, appliances, equipment, excluding insulators of heading no. 8546, electrical conduit tubing and joints therefore",N/A,0.0,156.0
X,484,MEX,276,DEU,8547,"Insulating fittings; for electrical machines, appliances, equipment, excluding insulators of heading no. 8546, electrical conduit tubing and joints therefore",N/A,0.0,151277.0
X,484,MEX,320,GTM,8547,"Insulating fittings; for electrical machines, appliances, equipment, excluding insulators of heading no. 8546, electrical conduit tubing and joints therefore",N/A,0.0,11762.0
X,484,MEX,340,HND,8547,"Insulating fittings; for electrical machines, appliances, equipment, excluding insulators of heading no. 8546, electrical conduit tubing and joints therefore",kg,738.0,7784.0
X,484,MEX,558,NIC,8547,"Insulating fittings; for electrical machines, appliances, equipment, excluding insulators of heading no. 8546, electrical conduit tubing and joints therefore",N/A,0.0,33459.0
X,484,MEX,604,PER,8547,"Insulating fittings; for electrical machines, appliances, equipment, excluding insulators of heading no. 8546, electrical conduit tubing and joints therefore",N/A,0.0,122745.0
X,484,MEX,699,IND,8547,"Insulating fittings; for electrical machines, appliances, equipment, excluding insulators of heading no. 8546, electrical conduit tubing and joints therefore",N/A,0.0,365296.0
X,484,MEX,702,SGP,8547,"Insulating fittings; for electrical machines, appliances, equipment, excluding insulators of heading no. 8546, electrical conduit tubing and joints therefore",N/A,0.0,8723.0
X,484,MEX,842,USA,8547,"Insulating fittings; for electrical machines, appliances, equipment, excluding insulators of heading no. 8546, electrical conduit tubing and joints therefore",N/A,0.0,140143150.0
X,484,MEX,0,W00,8548,"Waste and scrap of primary cells, primary batteries and electric accumulators; spent primary cells, spent primary batteries and spent electric accumulators; electrical parts of machinery or apparatus, n.e.c. or included elsewhere in chapter 85",N/A,0.0,180240348.0
X,484,MEX,124,CAN,8548,"Waste and scrap of primary cells, primary batteries and electric accumulators; spent primary cells, spent primary batteries and spent electric accumulators; electrical parts of machinery or apparatus, n.e.c. or included elsewhere in chapter 85",N/A,0.0,54377.0
X,484,MEX,156,CHN,8548,"Waste and scrap of primary cells, primary batteries and electric accumulators; spent primary cells, spent primary batteries and spent electric accumulators; electrical parts of machinery or apparatus, n.e.c. or included elsewhere in chapter 85",N/A,0.0,363831.0
X,484,MEX,170,COL,8548,"Waste and scrap of primary cells, primary batteries and electric accumulators; spent primary cells, spent primary batteries and spent electric accumulators; electrical parts of machinery or apparatus, n.e.c. or included elsewhere in chapter 85",N/A,0.0,23576.0
X,484,MEX,188,CRI,8548,"Waste and scrap of primary cells, primary batteries and electric accumulators; spent primary cells, spent primary batteries and spent electric accumulators; electrical parts of machinery or apparatus, n.e.c. or included elsewhere in chapter 85",N/A,0.0,18997.0
X,484,MEX,222,SLV,8548,"Waste and scrap of primary cells, primary batteries and electric accumulators; spent primary cells, spent primary batteries and spent electric accumulators; electrical parts of machinery or apparatus, n.e.c. or included elsewhere in chapter 85",N/A,0.0,10589.0
X,484,MEX,320,GTM,8548,"Waste and scrap of primary cells, primary batteries and electric accumulators; spent primary cells, spent primary batteries and spent electric accumulators; electrical parts of machinery or apparatus, n.e.c. or included elsewhere in chapter 85",N/A,0.0,10291.0
X,484,MEX,344,HKG,8548,"Waste and scrap of primary cells, primary batteries and electric accumulators; spent primary cells, spent primary batteries and spent electric accumulators; electrical parts of machinery or apparatus, n.e.c. or included elsewhere in chapter 85",N/A,0.0,6525.0
X,484,MEX,410,KOR,8548,"Waste and scrap of primary cells, primary batteries and electric accumulators; spent primary cells, spent primary batteries and spent electric accumulators; electrical parts of machinery or apparatus, n.e.c. or included elsewhere in chapter 85",N/A,0.0,38117.0
X,484,MEX,528,NLD,8548,"Waste and scrap of primary cells, primary batteries and electric accumulators; spent primary cells, spent primary batteries and spent electric accumulators; electrical parts of machinery or apparatus, n.e.c. or included elsewhere in chapter 85",N/A,0.0,84282.0
X,484,MEX,591,PAN,8548,"Waste and scrap of primary cells, primary batteries and electric accumulators; spent primary cells, spent primary batteries and spent electric accumulators; electrical parts of machinery or apparatus, n.e.c. or included elsewhere in chapter 85",N/A,0.0,3448.0
X,484,MEX,826,GBR,8548,"Waste and scrap of primary cells, primary batteries and electric accumulators; spent primary cells, spent primary batteries and spent electric accumulators; electrical parts of machinery or apparatus, n.e.c. or included elsewhere in chapter 85",N/A,0.0,146541.0
X,484,MEX,842,USA,8548,"Waste and scrap of primary cells, primary batteries and electric accumulators; spent primary cells, spent primary batteries and spent electric accumulators; electrical parts of machinery or apparatus, n.e.c. or included elsewhere in chapter 85",N/A,0.0,179479774.0
X,484,MEX,0,W00,8701,Tractors; (other than tractors of heading no 8709),N/A,0.0,8549424348.0
X,484,MEX,84,BLZ,8701,Tractors; (other than tractors of heading no 8709),N/A,0.0,252954.0
X,484,MEX,124,CAN,8701,Tractors; (other than tractors of heading no 8709),N/A,0.0,423479748.0
X,484,MEX,152,CHL,8701,Tractors; (other than tractors of heading no 8709),N/A,0.0,69946571.0
X,484,MEX,170,COL,8701,Tractors; (other than tractors of heading no 8709),N/A,0.0,172218193.0
X,484,MEX,214,DOM,8701,Tractors; (other than tractors of heading no 8709),N/A,0.0,254596.0
X,484,MEX,218,ECU,8701,Tractors; (other than tractors of heading no 8709),N/A,0.0,9410200.0
X,484,MEX,320,GTM,8701,Tractors; (other than tractors of heading no 8709),N/A,0.0,10957577.0
X,484,MEX,340,HND,8701,Tractors; (other than tractors of heading no 8709),N/A,0.0,948648.0
X,484,MEX,591,PAN,8701,Tractors; (other than tractors of heading no 8709),N/A,0.0,639752.0
X,484,MEX,604,PER,8701,Tractors; (other than tractors of heading no 8709),N/A,0.0,91922970.0
X,484,MEX,842,USA,8701,Tractors; (other than tractors of heading no 8709),N/A,0.0,7769393139.0
X,484,MEX,0,W00,8703,"Motor cars and other motor vehicles; principally designed for the transport of persons (other than those of heading no. 8702), including station wagons and racing cars",N/A,0.0,39909675629.0
X,484,MEX,32,ARG,8703,"Motor cars and other motor vehicles; principally designed for the transport of persons (other than those of heading no. 8702), including station wagons and racing cars",N/A,0.0,132150731.0
X,484,MEX,36,AUS,8703,"Motor cars and other motor vehicles; principally designed for the transport of persons (other than those of heading no. 8702), including station wagons and racing cars",N/A,0.0,318308179.0
X,484,MEX,40,AUT,8703,"Motor cars and other motor vehicles; principally designed for the transport of persons (other than those of heading no. 8702), including station wagons and racing cars",N/A,0.0,9227439.0
X,484,MEX,44,BHS,8703,"Motor cars and other motor vehicles; principally designed for the transport of persons (other than those of heading no. 8702), including station wagons and racing cars",N/A,0.0,185972.0
X,484,MEX,48,BHR,8703,"Motor cars and other motor vehicles; principally designed for the transport of persons (other than those of heading no. 8702), including station wagons and racing cars",N/A,0.0,255743.0
X,484,MEX,56,BEL,8703,"Motor cars and other motor vehicles; principally designed for the transport of persons (other than those of heading no. 8702), including station wagons and racing cars",N/A,0.0,144582950.0
X,484,MEX,68,BOL,8703,"Motor cars and other motor vehicles; principally designed for the transport of persons (other than those of heading no. 8702), including station wagons and racing cars",N/A,0.0,13575134.0
X,484,MEX,76,BRA,8703,"Motor cars and other motor vehicles; principally designed for the transport of persons (other than those of heading no. 8702), including station wagons and racing cars",N/A,0.0,409974797.0
X,484,MEX,116,KHM,8703,"Motor cars and other motor vehicles; principally designed for the transport of persons (other than those of heading no. 8702), including station wagons and racing cars",N/A,0.0,2319328.0
X,484,MEX,124,CAN,8703,"Motor cars and other motor vehicles; principally designed for the transport of persons (other than those of heading no. 8702), including station wagons and racing cars",N/A,0.0,2469503843.0
X,484,MEX,136,CYM,8703,"Motor cars and other motor vehicles; principally designed for the transport of persons (other than those of heading no. 8702), including station wagons and racing cars",N/A,0.0,308118.0
X,484,MEX,152,CHL,8703,"Motor cars and other motor vehicles; principally designed for the transport of persons (other than those of heading no. 8702), including station wagons and racing cars",N/A,0.0,202148534.0
X,484,MEX,156,CHN,8703,"Motor cars and other motor vehicles; principally designed for the transport of persons (other than those of heading no. 8702), including station wagons and racing cars",N/A,0.0,346128509.0
X,484,MEX,170,COL,8703,"Motor cars and other motor vehicles; principally designed for the transport of persons (other than those of heading no. 8702), including station wagons and racing cars",N/A,0.0,568991282.0
X,484,MEX,188,CRI,8703,"Motor cars and other motor vehicles; principally designed for the transport of persons (other than those of heading no. 8702), including station wagons and racing cars",N/A,0.0,30943676.0
X,484,MEX,203,CZE,8703,"Motor cars and other motor vehicles; principally designed for the transport of persons (other than those of heading no. 8702), including station wagons and racing cars",N/A,0.0,6951961.0
X,484,MEX,208,DNK,8703,"Motor cars and other motor vehicles; principally designed for the transport of persons (other than those of heading no. 8702), including station wagons and racing cars",N/A,0.0,17818947.0
X,484,MEX,214,DOM,8703,"Motor cars and other motor vehicles; principally designed for the transport of persons (other than those of heading no. 8702), including station wagons and racing cars",N/A,0.0,8392366.0
X,484,MEX,218,ECU,8703,"Motor cars and other motor vehicles; principally designed for the transport of persons (other than those of heading no. 8702), including station wagons and racing cars",N/A,0.0,47370584.0
X,484,MEX,222,SLV,8703,"Motor cars and other motor vehicles; principally designed for the transport of persons (other than those of heading no. 8702), including station wagons and racing cars",N/A,0.0,8621677.0
X,484,MEX,251,FRA,8703,"Motor cars and other motor vehicles; principally designed for the transport of persons (other than those of heading no. 8702), including station wagons and racing cars",N/A,0.0,50857091.0
X,484,MEX,276,DEU,8703,"Motor cars and other motor vehicles; principally designed for the transport of persons (other than those of heading no. 8702), including station wagons and racing cars",N/A,0.0,5133875651.0
X,484,MEX,320,GTM,8703,"Motor cars and other motor vehicles; principally designed for the transport of persons (other than those of heading no. 8702), including station wagons and racing cars",N/A,0.0,13526155.0
X,484,MEX,340,HND,8703,"Motor cars and other motor vehicles; principally designed for the transport of persons (other than those of heading no. 8702), including station wagons and racing cars",N/A,0.0,2047180.0
X,484,MEX,344,HKG,8703,"Motor cars and other motor vehicles; principally designed for the transport of persons (other than those of heading no. 8702), including station wagons and racing cars",N/A,0.0,49730271.0
X,484,MEX,376,ISR,8703,"Motor cars and other motor vehicles; principally designed for the transport of persons (other than those of heading no. 8702), including station wagons and racing cars",N/A,0.0,60456186.0
X,484,MEX,380,ITA,8703,"Motor cars and other motor vehicles; principally designed for the transport of persons (other than those of heading no. 8702), including station wagons and racing cars",N/A,0.0,23922995.0
X,484,MEX,388,JAM,8703,"Motor cars and other motor vehicles; principally designed for the transport of persons (other than those of heading no. 8702), including station wagons and racing cars",N/A,0.0,1532598.0
X,484,MEX,392,JPN,8703,"Motor cars and other motor vehicles; principally designed for the transport of persons (other than those of heading no. 8702), including station wagons and racing cars",N/A,0.0,336173983.0
X,484,MEX,400,JOR,8703,"Motor cars and other motor vehicles; principally designed for the transport of persons (other than those of heading no. 8702), including station wagons and racing cars",N/A,0.0,2068829.0
X,484,MEX,410,KOR,8703,"Motor cars and other motor vehicles; principally designed for the transport of persons (other than those of heading no. 8702), including station wagons and racing cars",N/A,0.0,235720791.0
X,484,MEX,414,KWT,8703,"Motor cars and other motor vehicles; principally designed for the transport of persons (other than those of heading no. 8702), including station wagons and racing cars",N/A,0.0,17505983.0
X,484,MEX,422,LBN,8703,"Motor cars and other motor vehicles; principally designed for the transport of persons (other than those of heading no. 8702), including station wagons and racing cars",N/A,0.0,432304.0
X,484,MEX,428,LVA,8703,"Motor cars and other motor vehicles; principally designed for the transport of persons (other than those of heading no. 8702), including station wagons and racing cars",N/A,0.0,376129.0
X,484,MEX,490,S19,8703,"Motor cars and other motor vehicles; principally designed for the transport of persons (other than those of heading no. 8702), including station wagons and racing cars",N/A,0.0,120024291.0
X,484,MEX,512,OMN,8703,"Motor cars and other motor vehicles; principally designed for the transport of persons (other than those of heading no. 8702), including station wagons and racing cars",u,23.0,507843.0
X,484,MEX,528,NLD,8703,"Motor cars and other motor vehicles; principally designed for the transport of persons (other than those of heading no. 8702), including station wagons and racing cars",N/A,0.0,28878758.0
X,484,MEX,531,CUW,8703,"Motor cars and other motor vehicles; principally designed for the transport of persons (other than those of heading no. 8702), including station wagons and racing cars",N/A,0.0,1802556.0
X,484,MEX,554,NZL,8703,"Motor cars and other motor vehicles; principally designed for the transport of persons (other than those of heading no. 8702), including station wagons and racing cars",N/A,0.0,16916863.0
X,484,MEX,558,NIC,8703,"Motor cars and other motor vehicles; principally designed for the transport of persons (other than those of heading no. 8702), including station wagons and racing cars",N/A,0.0,1315673.0
X,484,MEX,566,NGA,8703,"Motor cars and other motor vehicles; principally designed for the transport of persons (other than those of heading no. 8702), including station wagons and racing cars",N/A,0.0,5425830.0
X,484,MEX,579,NOR,8703,"Motor cars and other motor vehicles; principally designed for the transport of persons (other than those of heading no. 8702), including station wagons and racing cars",N/A,0.0,1177018.0
X,484,MEX,591,PAN,8703,"Motor cars and other motor vehicles; principally designed for the transport of persons (other than those of heading no. 8702), including station wagons and racing cars",N/A,0.0,38236531.0
X,484,MEX,600,PRY,8703,"Motor cars and other motor vehicles; principally designed for the transport of persons (other than those of heading no. 8702), including station wagons and racing cars",N/A,0.0,8765993.0
X,484,MEX,604,PER,8703,"Motor cars and other motor vehicles; principally designed for the transport of persons (other than those of heading no. 8702), including station wagons and racing cars",N/A,0.0,96616267.0
X,484,MEX,608,PHL,8703,"Motor cars and other motor vehicles; principally designed for the transport of persons (other than those of heading no. 8702), including station wagons and racing cars",N/A,0.0,4342973.0
X,484,MEX,616,POL,8703,"Motor cars and other motor vehicles; principally designed for the transport of persons (other than those of heading no. 8702), including station wagons and racing cars",N/A,0.0,12376147.0
X,484,MEX,620,PRT,8703,"Motor cars and other motor vehicles; principally designed for the transport of persons (other than those of heading no. 8702), including station wagons and racing cars",N/A,0.0,5405354.0
X,484,MEX,634,QAT,8703,"Motor cars and other motor vehicles; principally designed for the transport of persons (other than those of heading no. 8702), including station wagons and racing cars",N/A,0.0,3193567.0
X,484,MEX,643,RUS,8703,"Motor cars and other motor vehicles; principally designed for the transport of persons (other than those of heading no. 8702), including station wagons and racing cars",N/A,0.0,101884127.0
X,484,MEX,682,SAU,8703,"Motor cars and other motor vehicles; principally designed for the transport of persons (other than those of heading no. 8702), including station wagons and racing cars",N/A,0.0,76289564.0
X,484,MEX,702,SGP,8703,"Motor cars and other motor vehicles; principally designed for the transport of persons (other than those of heading no. 8702), including station wagons and racing cars",N/A,0.0,2222344.0
X,484,MEX,710,ZAF,8703,"Motor cars and other motor vehicles; principally designed for the transport of persons (other than those of heading no. 8702), including station wagons and racing cars",N/A,0.0,4141430.0
X,484,MEX,724,ESP,8703,"Motor cars and other motor vehicles; principally designed for the transport of persons (other than those of heading no. 8702), including station wagons and racing cars",N/A,0.0,58961295.0
X,484,MEX,757,CHE,8703,"Motor cars and other motor vehicles; principally designed for the transport of persons (other than those of heading no. 8702), including station wagons and racing cars",N/A,0.0,11397787.0
X,484,MEX,764,THA,8703,"Motor cars and other motor vehicles; principally designed for the transport of persons (other than those of heading no. 8702), including station wagons and racing cars",N/A,0.0,3622453.0
X,484,MEX,780,TTO,8703,"Motor cars and other motor vehicles; principally designed for the transport of persons (other than those of heading no. 8702), including station wagons and racing cars",N/A,0.0,1424542.0
X,484,MEX,784,ARE,8703,"Motor cars and other motor vehicles; principally designed for the transport of persons (other than those of heading no. 8702), including station wagons and racing cars",N/A,0.0,110397570.0
X,484,MEX,804,UKR,8703,"Motor cars and other motor vehicles; principally designed for the transport of persons (other than those of heading no. 8702), including station wagons and racing cars",N/A,0.0,1014362.0
X,484,MEX,826,GBR,8703,"Motor cars and other motor vehicles; principally designed for the transport of persons (other than those of heading no. 8702), including station wagons and racing cars",N/A,0.0,157589123.0
X,484,MEX,842,USA,8703,"Motor cars and other motor vehicles; principally designed for the transport of persons (other than those of heading no. 8702), including station wagons and racing cars",N/A,0.0,28318974255.0
X,484,MEX,858,URY,8703,"Motor cars and other motor vehicles; principally designed for the transport of persons (other than those of heading no. 8702), including station wagons and racing cars",N/A,0.0,43275903.0
X,484,MEX,862,VEN,8703,"Motor cars and other motor vehicles; principally designed for the transport of persons (other than those of heading no. 8702), including station wagons and racing cars",N/A,0.0,3345679.0
X,484,MEX,899,_X ,8703,"Motor cars and other motor vehicles; principally designed for the transport of persons (other than those of heading no. 8702), including station wagons and racing cars",N/A,0.0,4163615.0
X,484,MEX,0,W00,8704,Vehicles; for the transport of goods,N/A,0.0,30686693536.0
X,484,MEX,32,ARG,8704,Vehicles; for the transport of goods,N/A,0.0,18647832.0
X,484,MEX,36,AUS,8704,Vehicles; for the transport of goods,N/A,0.0,61202810.0
X,484,MEX,56,BEL,8704,Vehicles; for the transport of goods,u,2004.0,30971613.0
X,484,MEX,68,BOL,8704,Vehicles; for the transport of goods,u,167.0,2576581.0
X,484,MEX,76,BRA,8704,Vehicles; for the transport of goods,N/A,0.0,118796949.0
X,484,MEX,124,CAN,8704,Vehicles; for the transport of goods,N/A,0.0,1109998406.0
X,484,MEX,152,CHL,8704,Vehicles; for the transport of goods,N/A,0.0,207189826.0
X,484,MEX,156,CHN,8704,Vehicles; for the transport of goods,u,135.0,8517526.0
X,484,MEX,170,COL,8704,Vehicles; for the transport of goods,N/A,0.0,177567593.0
X,484,MEX,188,CRI,8704,Vehicles; for the transport of goods,N/A,0.0,24311390.0
X,484,MEX,214,DOM,8704,Vehicles; for the transport of goods,N/A,0.0,701383.0
X,484,MEX,222,SLV,8704,Vehicles; for the transport of goods,N/A,0.0,22475623.0
X,484,MEX,276,DEU,8704,Vehicles; for the transport of goods,N/A,0.0,13320089.0
X,484,MEX,320,GTM,8704,Vehicles; for the transport of goods,N/A,0.0,19146927.0
X,484,MEX,340,HND,8704,Vehicles; for the transport of goods,N/A,0.0,25456678.0
X,484,MEX,376,ISR,8704,Vehicles; for the transport of goods,N/A,0.0,5684793.0
X,484,MEX,528,NLD,8704,Vehicles; for the transport of goods,u,49.0,2549239.0
X,484,MEX,558,NIC,8704,Vehicles; for the transport of goods,N/A,0.0,3559362.0
X,484,MEX,591,PAN,8704,Vehicles; for the transport of goods,N/A,0.0,18483967.0
X,484,MEX,600,PRY,8704,Vehicles; for the transport of goods,N/A,0.0,1603381.0
X,484,MEX,604,PER,8704,Vehicles; for the transport of goods,N/A,0.0,33540824.0
X,484,MEX,682,SAU,8704,Vehicles; for the transport of goods,u,272.0,5911748.0
X,484,MEX,784,ARE,8704,Vehicles; for the transport of goods,N/A,0.0,12480026.0
X,484,MEX,842,USA,8704,Vehicles; for the transport of goods,N/A,0.0,28749910500.0
X,484,MEX,858,URY,8704,Vehicles; for the transport of goods,N/A,0.0,12088470.0
X,484,MEX,0,W00,8706,"Chassis; fitted with engines, for the motor vehicles of heading no. 8701 to 8705",u,58.0,4344671.0
X,484,MEX,842,USA,8706,"Chassis; fitted with engines, for the motor vehicles of heading no. 8701 to 8705",u,58.0,4344671.0
X,484,MEX,0,W00,8707,Bodies; (including cabs) for the motor vehicles of heading no. 8701 to 8705,N/A,0.0,157442521.0
X,484,MEX,124,CAN,8707,Bodies; (including cabs) for the motor vehicles of heading no. 8701 to 8705,u,4.0,130734.0
X,484,MEX,152,CHL,8707,Bodies; (including cabs) for the motor vehicles of heading no. 8701 to 8705,u,21.0,1181625.0
X,484,MEX,170,COL,8707,Bodies; (including cabs) for the motor vehicles of heading no. 8701 to 8705,u,3.0,50336.0
X,484,MEX,276,DEU,8707,Bodies; (including cabs) for the motor vehicles of heading no. 8701 to 8705,N/A,0.0,457848.0
X,484,MEX,320,GTM,8707,Bodies; (including cabs) for the motor vehicles of heading no. 8701 to 8705,u,6.0,29515.0
X,484,MEX,842,USA,8707,Bodies; (including cabs) for the motor vehicles of heading no. 8701 to 8705,N/A,0.0,155592463.0
X,484,MEX,0,W00,8708,"Motor vehicles; parts and accessories, of heading no. 8701 to 8705",N/A,0.0,30525327721.0
X,484,MEX,32,ARG,8708,"Motor vehicles; parts and accessories, of heading no. 8701 to 8705",N/A,0.0,84763251.0
X,484,MEX,36,AUS,8708,"Motor vehicles; parts and accessories, of heading no. 8701 to 8705",N/A,0.0,26511069.0
X,484,MEX,40,AUT,8708,"Motor vehicles; parts and accessories, of heading no. 8701 to 8705",N/A,0.0,6120915.0
X,484,MEX,56,BEL,8708,"Motor vehicles; parts and accessories, of heading no. 8701 to 8705",N/A,0.0,7468524.0
X,484,MEX,68,BOL,8708,"Motor vehicles; parts and accessories, of heading no. 8701 to 8705",N/A,0.0,1091093.0
X,484,MEX,76,BRA,8708,"Motor vehicles; parts and accessories, of heading no. 8701 to 8705",N/A,0.0,565346724.0
X,484,MEX,84,BLZ,8708,"Motor vehicles; parts and accessories, of heading no. 8701 to 8705",N/A,0.0,76908.0
X,484,MEX,124,CAN,8708,"Motor vehicles; parts and accessories, of heading no. 8701 to 8705",N/A,0.0,766163686.0
X,484,MEX,152,CHL,8708,"Motor vehicles; parts and accessories, of heading no. 8701 to 8705",N/A,0.0,11250579.0
X,484,MEX,156,CHN,8708,"Motor vehicles; parts and accessories, of heading no. 8701 to 8705",N/A,0.0,899938126.0
X,484,MEX,170,COL,8708,"Motor vehicles; parts and accessories, of heading no. 8701 to 8705",N/A,0.0,21517941.0
X,484,MEX,188,CRI,8708,"Motor vehicles; parts and accessories, of heading no. 8701 to 8705",N/A,0.0,4129560.0
X,484,MEX,192,CUB,8708,"Motor vehicles; parts and accessories, of heading no. 8701 to 8705",N/A,0.0,288015.0
X,484,MEX,203,CZE,8708,"Motor vehicles; parts and accessories, of heading no. 8701 to 8705",N/A,0.0,5114519.0
X,484,MEX,208,DNK,8708,"Motor vehicles; parts and accessories, of heading no. 8701 to 8705",N/A,0.0,23906.0
X,484,MEX,214,DOM,8708,"Motor vehicles; parts and accessories, of heading no. 8701 to 8705",N/A,0.0,3002684.0
X,484,MEX,218,ECU,8708,"Motor vehicles; parts and accessories, of heading no. 8701 to 8705",N/A,0.0,3185061.0
X,484,MEX,222,SLV,8708,"Motor vehicles; parts and accessories, of heading no. 8701 to 8705",N/A,0.0,5014548.0
X,484,MEX,246,FIN,8708,"Motor vehicles; parts and accessories, of heading no. 8701 to 8705",N/A,0.0,34750.0
X,484,MEX,251,FRA,8708,"Motor vehicles; parts and accessories, of heading no. 8701 to 8705",N/A,0.0,39374007.0
X,484,MEX,276,DEU,8708,"Motor vehicles; parts and accessories, of heading no. 8701 to 8705",N/A,0.0,222174809.0
X,484,MEX,320,GTM,8708,"Motor vehicles; parts and accessories, of heading no. 8701 to 8705",N/A,0.0,14359429.0
X,484,MEX,332,HTI,8708,"Motor vehicles; parts and accessories, of heading no. 8701 to 8705",N/A,0.0,68551.0
X,484,MEX,340,HND,8708,"Motor vehicles; parts and accessories, of heading no. 8701 to 8705",N/A,0.0,5396473.0
X,484,MEX,348,HUN,8708,"Motor vehicles; parts and accessories, of heading no. 8701 to 8705",N/A,0.0,4311762.0
X,484,MEX,360,IDN,8708,"Motor vehicles; parts and accessories, of heading no. 8701 to 8705",N/A,0.0,12192.0
X,484,MEX,380,ITA,8708,"Motor vehicles; parts and accessories, of heading no. 8701 to 8705",N/A,0.0,23329897.0
X,484,MEX,388,JAM,8708,"Motor vehicles; parts and accessories, of heading no. 8701 to 8705",N/A,0.0,38902.0
X,484,MEX,392,JPN,8708,"Motor vehicles; parts and accessories, of heading no. 8701 to 8705",N/A,0.0,249373585.0
X,484,MEX,410,KOR,8708,"Motor vehicles; parts and accessories, of heading no. 8701 to 8705",N/A,0.0,311648529.0
X,484,MEX,458,MYS,8708,"Motor vehicles; parts and accessories, of heading no. 8701 to 8705",N/A,0.0,756092.0
X,484,MEX,490,S19,8708,"Motor vehicles; parts and accessories, of heading no. 8701 to 8705",N/A,0.0,12822537.0
X,484,MEX,528,NLD,8708,"Motor vehicles; parts and accessories, of heading no. 8701 to 8705",N/A,0.0,14556873.0
X,484,MEX,533,ABW,8708,"Motor vehicles; parts and accessories, of heading no. 8701 to 8705",N/A,0.0,222730.0
X,484,MEX,558,NIC,8708,"Motor vehicles; parts and accessories, of heading no. 8701 to 8705",N/A,0.0,1581288.0
X,484,MEX,579,NOR,8708,"Motor vehicles; parts and accessories, of heading no. 8701 to 8705",N/A,0.0,1260723.0
X,484,MEX,591,PAN,8708,"Motor vehicles; parts and accessories, of heading no. 8701 to 8705",N/A,0.0,2564084.0
X,484,MEX,600,PRY,8708,"Motor vehicles; parts and accessories, of heading no. 8701 to 8705",N/A,0.0,917921.0
X,484,MEX,604,PER,8708,"Motor vehicles; parts and accessories, of heading no. 8701 to 8705",N/A,0.0,10248617.0
X,484,MEX,616,POL,8708,"Motor vehicles; parts and accessories, of heading no. 8701 to 8705",N/A,0.0,14950945.0
X,484,MEX,642,ROU,8708,"Motor vehicles; parts and accessories, of heading no. 8701 to 8705",N/A,0.0,11796312.0
X,484,MEX,643,RUS,8708,"Motor vehicles; parts and accessories, of heading no. 8701 to 8705",N/A,0.0,65697702.0
X,484,MEX,699,IND,8708,"Motor vehicles; parts and accessories, of heading no. 8701 to 8705",N/A,0.0,14249026.0
X,484,MEX,703,SVK,8708,"Motor vehicles; parts and accessories, of heading no. 8701 to 8705",N/A,0.0,246615.0
X,484,MEX,704,VNM,8708,"Motor vehicles; parts and accessories, of heading no. 8701 to 8705",N/A,0.0,5505623.0
X,484,MEX,710,ZAF,8708,"Motor vehicles; parts and accessories, of heading no. 8701 to 8705",N/A,0.0,36875095.0
X,484,MEX,724,ESP,8708,"Motor vehicles; parts and accessories, of heading no. 8701 to 8705",N/A,0.0,39466804.0
X,484,MEX,752,SWE,8708,"Motor vehicles; parts and accessories, of heading no. 8701 to 8705",N/A,0.0,273304.0
X,484,MEX,757,CHE,8708,"Motor vehicles; parts and accessories, of heading no. 8701 to 8705",N/A,0.0,587190.0
X,484,MEX,764,THA,8708,"Motor vehicles; parts and accessories, of heading no. 8701 to 8705",N/A,0.0,50733586.0
X,484,MEX,780,TTO,8708,"Motor vehicles; parts and accessories, of heading no. 8701 to 8705",N/A,0.0,153094.0
X,484,MEX,792,TUR,8708,"Motor vehicles; parts and accessories, of heading no. 8701 to 8705",N/A,0.0,1932575.0
X,484,MEX,800,UGA,8708,"Motor vehicles; parts and accessories, of heading no. 8701 to 8705",N/A,0.0,282601.0
X,484,MEX,826,GBR,8708,"Motor vehicles; parts and accessories, of heading no. 8701 to 8705",N/A,0.0,37777262.0
X,484,MEX,842,USA,8708,"Motor vehicles; parts and accessories, of heading no. 8701 to 8705",N/A,0.0,26916228328.0
X,484,MEX,858,URY,8708,"Motor vehicles; parts and accessories, of heading no. 8701 to 8705",N/A,0.0,821757.0
X,484,MEX,860,UZB,8708,"Motor vehicles; parts and accessories, of heading no. 8701 to 8705",N/A,0.0,1660644.0
X,484,MEX,862,VEN,8708,"Motor vehicles; parts and accessories, of heading no. 8701 to 8705",N/A,0.0,28398.0
X,484,MEX,0,W00,8709,"Works trucks, self-propelled, (not fitted with lifting or handling equipment), for factories, warehouses etc, for short distance transport of goods, tractors used on railway station platforms; parts thereof",N/A,0.0,10961885.0
X,484,MEX,842,USA,8709,"Works trucks, self-propelled, (not fitted with lifting or handling equipment), for factories, warehouses etc, for short distance transport of goods, tractors used on railway station platforms; parts thereof",N/A,0.0,10961885.0
X,484,MEX,0,W00,8711,"Motorcycles (including mopeds) and cycles; fitted with an auxiliary motor, with or without side-cars; side-cars",N/A,0.0,74828333.0
X,484,MEX,156,CHN,8711,"Motorcycles (including mopeds) and cycles; fitted with an auxiliary motor, with or without side-cars; side-cars",N/A,0.0,2003033.0
X,484,MEX,251,FRA,8711,"Motorcycles (including mopeds) and cycles; fitted with an auxiliary motor, with or without side-cars; side-cars",N/A,0.0,51271.0
X,484,MEX,276,DEU,8711,"Motorcycles (including mopeds) and cycles; fitted with an auxiliary motor, with or without side-cars; side-cars",N/A,0.0,32611.0
X,484,MEX,320,GTM,8711,"Motorcycles (including mopeds) and cycles; fitted with an auxiliary motor, with or without side-cars; side-cars",N/A,0.0,25538.0
X,484,MEX,724,ESP,8711,"Motorcycles (including mopeds) and cycles; fitted with an auxiliary motor, with or without side-cars; side-cars",N/A,0.0,98901.0
X,484,MEX,842,USA,8711,"Motorcycles (including mopeds) and cycles; fitted with an auxiliary motor, with or without side-cars; side-cars",N/A,0.0,72616979.0
X,484,MEX,0,W00,8712,"Bicycles and other cycles; including delivery tricycles, not motorised",u,1906.0,523317.0
X,484,MEX,192,CUB,8712,"Bicycles and other cycles; including delivery tricycles, not motorised",u,146.0,15509.0
X,484,MEX,842,USA,8712,"Bicycles and other cycles; including delivery tricycles, not motorised",u,1760.0,507808.0
X,484,MEX,0,W00,8713,Carriages for disabled persons; whether or not motorised or otherwise mechanically propelled,N/A,0.0,36455510.0
X,484,MEX,842,USA,8713,Carriages for disabled persons; whether or not motorised or otherwise mechanically propelled,N/A,0.0,36455510.0
X,484,MEX,0,W00,8714,Vehicles; parts and accessories of heading no. 8711 to 8713,N/A,0.0,115467038.0
X,484,MEX,124,CAN,8714,Vehicles; parts and accessories of heading no. 8711 to 8713,N/A,0.0,878005.0
X,484,MEX,192,CUB,8714,Vehicles; parts and accessories of heading no. 8711 to 8713,N/A,0.0,198844.0
X,484,MEX,320,GTM,8714,Vehicles; parts and accessories of heading no. 8711 to 8713,N/A,0.0,33764.0
X,484,MEX,764,THA,8714,Vehicles; parts and accessories of heading no. 8711 to 8713,N/A,0.0,83851.0
X,484,MEX,842,USA,8714,Vehicles; parts and accessories of heading no. 8711 to 8713,N/A,0.0,114272574.0
X,484,MEX,0,W00,8715,Baby carriages and parts thereof,kg,37.937,510.0
X,484,MEX,192,CUB,8715,Baby carriages and parts thereof,kg,37.937,510.0
X,484,MEX,0,W00,8716,"Trailers and semi-trailers; other vehicles, not mechanically propelled; parts thereof",N/A,0.0,2464324846.0
X,484,MEX,68,BOL,8716,"Trailers and semi-trailers; other vehicles, not mechanically propelled; parts thereof",N/A,0.0,50312.0
X,484,MEX,84,BLZ,8716,"Trailers and semi-trailers; other vehicles, not mechanically propelled; parts thereof",N/A,0.0,1406992.0
X,484,MEX,124,CAN,8716,"Trailers and semi-trailers; other vehicles, not mechanically propelled; parts thereof",N/A,0.0,7154042.0
X,484,MEX,152,CHL,8716,"Trailers and semi-trailers; other vehicles, not mechanically propelled; parts thereof",N/A,0.0,1353526.0
X,484,MEX,156,CHN,8716,"Trailers and semi-trailers; other vehicles, not mechanically propelled; parts thereof",N/A,0.0,37802.0
X,484,MEX,170,COL,8716,"Trailers and semi-trailers; other vehicles, not mechanically propelled; parts thereof",N/A,0.0,2459131.0
X,484,MEX,188,CRI,8716,"Trailers and semi-trailers; other vehicles, not mechanically propelled; parts thereof",N/A,0.0,1264199.0
X,484,MEX,192,CUB,8716,"Trailers and semi-trailers; other vehicles, not mechanically propelled; parts thereof",N/A,0.0,80883.0
X,484,MEX,214,DOM,8716,"Trailers and semi-trailers; other vehicles, not mechanically propelled; parts thereof",N/A,0.0,4358404.0
X,484,MEX,218,ECU,8716,"Trailers and semi-trailers; other vehicles, not mechanically propelled; parts thereof",N/A,0.0,1968062.0
X,484,MEX,222,SLV,8716,"Trailers and semi-trailers; other vehicles, not mechanically propelled; parts thereof",N/A,0.0,3305460.0
X,484,MEX,320,GTM,8716,"Trailers and semi-trailers; other vehicles, not mechanically propelled; parts thereof",N/A,0.0,8718313.0
X,484,MEX,340,HND,8716,"Trailers and semi-trailers; other vehicles, not mechanically propelled; parts thereof",N/A,0.0,4498548.0
X,484,MEX,388,JAM,8716,"Trailers and semi-trailers; other vehicles, not mechanically propelled; parts thereof",N/A,0.0,451577.0
X,484,MEX,558,NIC,8716,"Trailers and semi-trailers; other vehicles, not mechanically propelled; parts thereof",N/A,0.0,867509.0
X,484,MEX,591,PAN,8716,"Trailers and semi-trailers; other vehicles, not mechanically propelled; parts thereof",N/A,0.0,1659785.0
X,484,MEX,604,PER,8716,"Trailers and semi-trailers; other vehicles, not mechanically propelled; parts thereof",N/A,0.0,5888472.0
X,484,MEX,826,GBR,8716,"Trailers and semi-trailers; other vehicles, not mechanically propelled; parts thereof",u,233.0,57147.0
X,484,MEX,842,USA,8716,"Trailers and semi-trailers; other vehicles, not mechanically propelled; parts thereof",N/A,0.0,2418734360.0
X,484,MEX,858,URY,8716,"Trailers and semi-trailers; other vehicles, not mechanically propelled; parts thereof",N/A,0.0,10322.0
X,484,MEX,0,W00,9001,"Optical fibres and optical fibre bundles; optical fibre cables not of heading no. 8544; sheets, plates of polarising material; lenses, prisms, mirrors, of any material; unmounted; not non optical glass",N/A,0.0,655016969.0
X,484,MEX,156,CHN,9001,"Optical fibres and optical fibre bundles; optical fibre cables not of heading no. 8544; sheets, plates of polarising material; lenses, prisms, mirrors, of any material; unmounted; not non optical glass",N/A,0.0,2839.0
X,484,MEX,276,DEU,9001,"Optical fibres and optical fibre bundles; optical fibre cables not of heading no. 8544; sheets, plates of polarising material; lenses, prisms, mirrors, of any material; unmounted; not non optical glass",N/A,0.0,321925.0
X,484,MEX,320,GTM,9001,"Optical fibres and optical fibre bundles; optical fibre cables not of heading no. 8544; sheets, plates of polarising material; lenses, prisms, mirrors, of any material; unmounted; not non optical glass",N/A,0.0,13008.0
X,484,MEX,344,HKG,9001,"Optical fibres and optical fibre bundles; optical fibre cables not of heading no. 8544; sheets, plates of polarising material; lenses, prisms, mirrors, of any material; unmounted; not non optical glass",N/A,0.0,33956.0
X,484,MEX,372,IRL,9001,"Optical fibres and optical fibre bundles; optical fibre cables not of heading no. 8544; sheets, plates of polarising material; lenses, prisms, mirrors, of any material; unmounted; not non optical glass",N/A,0.0,11289.0
X,484,MEX,826,GBR,9001,"Optical fibres and optical fibre bundles; optical fibre cables not of heading no. 8544; sheets, plates of polarising material; lenses, prisms, mirrors, of any material; unmounted; not non optical glass",N/A,0.0,32215.0
X,484,MEX,842,USA,9001,"Optical fibres and optical fibre bundles; optical fibre cables not of heading no. 8544; sheets, plates of polarising material; lenses, prisms, mirrors, of any material; unmounted; not non optical glass",N/A,0.0,654601737.0
X,484,MEX,0,W00,9002,"Lenses, prisms, mirrors and other optical elements, of any material, mounted, being parts or fittings for instruments or apparatus, other than such elements of glass not optically worked",N/A,0.0,18054972.0
X,484,MEX,156,CHN,9002,"Lenses, prisms, mirrors and other optical elements, of any material, mounted, being parts or fittings for instruments or apparatus, other than such elements of glass not optically worked",N/A,0.0,135868.0
X,484,MEX,170,COL,9002,"Lenses, prisms, mirrors and other optical elements, of any material, mounted, being parts or fittings for instruments or apparatus, other than such elements of glass not optically worked",N/A,0.0,398.0
X,484,MEX,392,JPN,9002,"Lenses, prisms, mirrors and other optical elements, of any material, mounted, being parts or fittings for instruments or apparatus, other than such elements of glass not optically worked",N/A,0.0,29591.0
X,484,MEX,842,USA,9002,"Lenses, prisms, mirrors and other optical elements, of any material, mounted, being parts or fittings for instruments or apparatus, other than such elements of glass not optically worked",N/A,0.0,17889115.0
X,484,MEX,0,W00,9003,"Frames and mountings; for spectacles, goggles or the like, and parts",N/A,0.0,1963367.0
X,484,MEX,842,USA,9003,"Frames and mountings; for spectacles, goggles or the like, and parts",N/A,0.0,1963367.0
X,484,MEX,0,W00,9004,"Spectacles, goggles and the like; corrective, protective or other",N/A,0.0,131937942.0
X,484,MEX,84,BLZ,9004,"Spectacles, goggles and the like; corrective, protective or other",N/A,0.0,10651.0
X,484,MEX,152,CHL,9004,"Spectacles, goggles and the like; corrective, protective or other",N/A,0.0,103478.0
X,484,MEX,170,COL,9004,"Spectacles, goggles and the like; corrective, protective or other",N/A,0.0,102003.0
X,484,MEX,188,CRI,9004,"Spectacles, goggles and the like; corrective, protective or other",N/A,0.0,149311.0
X,484,MEX,192,CUB,9004,"Spectacles, goggles and the like; corrective, protective or other",N/A,0.0,57039.0
X,484,MEX,214,DOM,9004,"Spectacles, goggles and the like; corrective, protective or other",N/A,0.0,387554.0
X,484,MEX,218,ECU,9004,"Spectacles, goggles and the like; corrective, protective or other",N/A,0.0,42905.0
X,484,MEX,222,SLV,9004,"Spectacles, goggles and the like; corrective, protective or other",N/A,0.0,221729.0
X,484,MEX,320,GTM,9004,"Spectacles, goggles and the like; corrective, protective or other",N/A,0.0,362036.0
X,484,MEX,340,HND,9004,"Spectacles, goggles and the like; corrective, protective or other",N/A,0.0,124699.0
X,484,MEX,558,NIC,9004,"Spectacles, goggles and the like; corrective, protective or other",N/A,0.0,158231.0
X,484,MEX,591,PAN,9004,"Spectacles, goggles and the like; corrective, protective or other",N/A,0.0,132697.0
X,484,MEX,604,PER,9004,"Spectacles, goggles and the like; corrective, protective or other",N/A,0.0,257081.0
X,484,MEX,780,TTO,9004,"Spectacles, goggles and the like; corrective, protective or other",N/A,0.0,18751.0
X,484,MEX,842,USA,9004,"Spectacles, goggles and the like; corrective, protective or other",u,30134745.0,129807898.0
X,484,MEX,862,VEN,9004,"Spectacles, goggles and the like; corrective, protective or other",N/A,0.0,1879.0
X,484,MEX,0,W00,9005,"Binoculars, monoculars, other optical telescopes, mountings therefore; other astronomical instruments, mountings therefore, but not including instruments for radio-astronomy",N/A,0.0,391020.0
X,484,MEX,842,USA,9005,"Binoculars, monoculars, other optical telescopes, mountings therefore; other astronomical instruments, mountings therefore, but not including instruments for radio-astronomy",N/A,0.0,391020.0
X,484,MEX,0,W00,9006,"Cameras, photographic (excluding cinematographic); photographic flashlight apparatus and flashbulbs other than discharge lamps of heading no. 8539",N/A,0.0,808127.0
X,484,MEX,842,USA,9006,"Cameras, photographic (excluding cinematographic); photographic flashlight apparatus and flashbulbs other than discharge lamps of heading no. 8539",N/A,0.0,808127.0
X,484,MEX,0,W00,9010,"Photographic (including cinematographic) laboratory apparatus and equipment, n.e.c. in chapter 90; negatoscopes; projection screens",N/A,0.0,269261.0
X,484,MEX,320,GTM,9010,"Photographic (including cinematographic) laboratory apparatus and equipment, n.e.c. in chapter 90; negatoscopes; projection screens",N/A,0.0,8664.0
X,484,MEX,842,USA,9010,"Photographic (including cinematographic) laboratory apparatus and equipment, n.e.c. in chapter 90; negatoscopes; projection screens",N/A,0.0,260597.0
X,484,MEX,0,W00,9011,"Microscopes, compound optical; including those for photomicrography, cinephotomicrography or microprojection",N/A,0.0,1569043.0
X,484,MEX,276,DEU,9011,"Microscopes, compound optical; including those for photomicrography, cinephotomicrography or microprojection",N/A,0.0,17758.0
X,484,MEX,842,USA,9011,"Microscopes, compound optical; including those for photomicrography, cinephotomicrography or microprojection",N/A,0.0,1551285.0
X,484,MEX,0,W00,9012,Microscopes (excluding optical microscopes); diffraction apparatus,N/A,0.0,236541.0
X,484,MEX,842,USA,9012,Microscopes (excluding optical microscopes); diffraction apparatus,N/A,0.0,236541.0
X,484,MEX,0,W00,9013,"Liquid crystal devices not constituting articles provided for more specifically in other headings; lasers, not laser diodes; other optical appliances and instruments n.e.c. in this chapter",N/A,0.0,518375670.0
X,484,MEX,32,ARG,9013,"Liquid crystal devices not constituting articles provided for more specifically in other headings; lasers, not laser diodes; other optical appliances and instruments n.e.c. in this chapter",u,14.0,2268.0
X,484,MEX,76,BRA,9013,"Liquid crystal devices not constituting articles provided for more specifically in other headings; lasers, not laser diodes; other optical appliances and instruments n.e.c. in this chapter",N/A,0.0,73699.0
X,484,MEX,124,CAN,9013,"Liquid crystal devices not constituting articles provided for more specifically in other headings; lasers, not laser diodes; other optical appliances and instruments n.e.c. in this chapter",u,36809.0,24049.0
X,484,MEX,152,CHL,9013,"Liquid crystal devices not constituting articles provided for more specifically in other headings; lasers, not laser diodes; other optical appliances and instruments n.e.c. in this chapter",u,238.0,8585.0
X,484,MEX,156,CHN,9013,"Liquid crystal devices not constituting articles provided for more specifically in other headings; lasers, not laser diodes; other optical appliances and instruments n.e.c. in this chapter",N/A,0.0,9731986.0
X,484,MEX,170,COL,9013,"Liquid crystal devices not constituting articles provided for more specifically in other headings; lasers, not laser diodes; other optical appliances and instruments n.e.c. in this chapter",u,50.0,312.0
X,484,MEX,188,CRI,9013,"Liquid crystal devices not constituting articles provided for more specifically in other headings; lasers, not laser diodes; other optical appliances and instruments n.e.c. in this chapter",N/A,0.0,6443.0
X,484,MEX,218,ECU,9013,"Liquid crystal devices not constituting articles provided for more specifically in other headings; lasers, not laser diodes; other optical appliances and instruments n.e.c. in this chapter",u,7759.0,207413.0
X,484,MEX,222,SLV,9013,"Liquid crystal devices not constituting articles provided for more specifically in other headings; lasers, not laser diodes; other optical appliances and instruments n.e.c. in this chapter",N/A,0.0,21550.0
X,484,MEX,276,DEU,9013,"Liquid crystal devices not constituting articles provided for more specifically in other headings; lasers, not laser diodes; other optical appliances and instruments n.e.c. in this chapter",N/A,0.0,141118.0
X,484,MEX,320,GTM,9013,"Liquid crystal devices not constituting articles provided for more specifically in other headings; lasers, not laser diodes; other optical appliances and instruments n.e.c. in this chapter",N/A,0.0,1237338.0
X,484,MEX,340,HND,9013,"Liquid crystal devices not constituting articles provided for more specifically in other headings; lasers, not laser diodes; other optical appliances and instruments n.e.c. in this chapter",N/A,0.0,26610.0
X,484,MEX,344,HKG,9013,"Liquid crystal devices not constituting articles provided for more specifically in other headings; lasers, not laser diodes; other optical appliances and instruments n.e.c. in this chapter",N/A,0.0,8692646.0
X,484,MEX,392,JPN,9013,"Liquid crystal devices not constituting articles provided for more specifically in other headings; lasers, not laser diodes; other optical appliances and instruments n.e.c. in this chapter",u,61.0,2681.0
X,484,MEX,410,KOR,9013,"Liquid crystal devices not constituting articles provided for more specifically in other headings; lasers, not laser diodes; other optical appliances and instruments n.e.c. in this chapter",N/A,0.0,252601.0
X,484,MEX,490,S19,9013,"Liquid crystal devices not constituting articles provided for more specifically in other headings; lasers, not laser diodes; other optical appliances and instruments n.e.c. in this chapter",N/A,0.0,6580396.0
X,484,MEX,528,NLD,9013,"Liquid crystal devices not constituting articles provided for more specifically in other headings; lasers, not laser diodes; other optical appliances and instruments n.e.c. in this chapter",u,139.0,8227.0
X,484,MEX,558,NIC,9013,"Liquid crystal devices not constituting articles provided for more specifically in other headings; lasers, not laser diodes; other optical appliances and instruments n.e.c. in this chapter",N/A,0.0,1111.0
X,484,MEX,591,PAN,9013,"Liquid crystal devices not constituting articles provided for more specifically in other headings; lasers, not laser diodes; other optical appliances and instruments n.e.c. in this chapter",u,1606.0,59171.0
X,484,MEX,604,PER,9013,"Liquid crystal devices not constituting articles provided for more specifically in other headings; lasers, not laser diodes; other optical appliances and instruments n.e.c. in this chapter",u,7780.0,37002.0
X,484,MEX,724,ESP,9013,"Liquid crystal devices not constituting articles provided for more specifically in other headings; lasers, not laser diodes; other optical appliances and instruments n.e.c. in this chapter",N/A,0.0,60824.0
X,484,MEX,842,USA,9013,"Liquid crystal devices not constituting articles provided for more specifically in other headings; lasers, not laser diodes; other optical appliances and instruments n.e.c. in this chapter",N/A,0.0,491199640.0
X,484,MEX,0,W00,9014,Navigational instruments and appliances; direction finding compasses,N/A,0.0,208297065.0
X,484,MEX,842,USA,9014,Navigational instruments and appliances; direction finding compasses,N/A,0.0,208297065.0
X,484,MEX,0,W00,9015,"Surveying (including photogrammetrical surveying), hydrographic, oceanographic, hydrological, meteorological or geophysical instruments and appliances, excluding compasses, rangefinders",N/A,0.0,51784343.0
X,484,MEX,32,ARG,9015,"Surveying (including photogrammetrical surveying), hydrographic, oceanographic, hydrological, meteorological or geophysical instruments and appliances, excluding compasses, rangefinders",N/A,0.0,12122.0
X,484,MEX,68,BOL,9015,"Surveying (including photogrammetrical surveying), hydrographic, oceanographic, hydrological, meteorological or geophysical instruments and appliances, excluding compasses, rangefinders",N/A,0.0,48274.0
X,484,MEX,76,BRA,9015,"Surveying (including photogrammetrical surveying), hydrographic, oceanographic, hydrological, meteorological or geophysical instruments and appliances, excluding compasses, rangefinders",N/A,0.0,347642.0
X,484,MEX,124,CAN,9015,"Surveying (including photogrammetrical surveying), hydrographic, oceanographic, hydrological, meteorological or geophysical instruments and appliances, excluding compasses, rangefinders",N/A,0.0,1042839.0
X,484,MEX,152,CHL,9015,"Surveying (including photogrammetrical surveying), hydrographic, oceanographic, hydrological, meteorological or geophysical instruments and appliances, excluding compasses, rangefinders",N/A,0.0,11847.0
X,484,MEX,156,CHN,9015,"Surveying (including photogrammetrical surveying), hydrographic, oceanographic, hydrological, meteorological or geophysical instruments and appliances, excluding compasses, rangefinders",N/A,0.0,95864.0
X,484,MEX,170,COL,9015,"Surveying (including photogrammetrical surveying), hydrographic, oceanographic, hydrological, meteorological or geophysical instruments and appliances, excluding compasses, rangefinders",N/A,0.0,1027063.0
X,484,MEX,188,CRI,9015,"Surveying (including photogrammetrical surveying), hydrographic, oceanographic, hydrological, meteorological or geophysical instruments and appliances, excluding compasses, rangefinders",N/A,0.0,462.0
X,484,MEX,192,CUB,9015,"Surveying (including photogrammetrical surveying), hydrographic, oceanographic, hydrological, meteorological or geophysical instruments and appliances, excluding compasses, rangefinders",N/A,0.0,12578.0
X,484,MEX,214,DOM,9015,"Surveying (including photogrammetrical surveying), hydrographic, oceanographic, hydrological, meteorological or geophysical instruments and appliances, excluding compasses, rangefinders",N/A,0.0,104769.0
X,484,MEX,218,ECU,9015,"Surveying (including photogrammetrical surveying), hydrographic, oceanographic, hydrological, meteorological or geophysical instruments and appliances, excluding compasses, rangefinders",N/A,0.0,30673.0
X,484,MEX,251,FRA,9015,"Surveying (including photogrammetrical surveying), hydrographic, oceanographic, hydrological, meteorological or geophysical instruments and appliances, excluding compasses, rangefinders",N/A,0.0,142385.0
X,484,MEX,276,DEU,9015,"Surveying (including photogrammetrical surveying), hydrographic, oceanographic, hydrological, meteorological or geophysical instruments and appliances, excluding compasses, rangefinders",N/A,0.0,176403.0
X,484,MEX,288,GHA,9015,"Surveying (including photogrammetrical surveying), hydrographic, oceanographic, hydrological, meteorological or geophysical instruments and appliances, excluding compasses, rangefinders",kg,1091.0,253699.0
X,484,MEX,320,GTM,9015,"Surveying (including photogrammetrical surveying), hydrographic, oceanographic, hydrological, meteorological or geophysical instruments and appliances, excluding compasses, rangefinders",N/A,0.0,45080.0
X,484,MEX,340,HND,9015,"Surveying (including photogrammetrical surveying), hydrographic, oceanographic, hydrological, meteorological or geophysical instruments and appliances, excluding compasses, rangefinders",N/A,0.0,5205.0
X,484,MEX,360,IDN,9015,"Surveying (including photogrammetrical surveying), hydrographic, oceanographic, hydrological, meteorological or geophysical instruments and appliances, excluding compasses, rangefinders",kg,7.0,15746.0
X,484,MEX,528,NLD,9015,"Surveying (including photogrammetrical surveying), hydrographic, oceanographic, hydrological, meteorological or geophysical instruments and appliances, excluding compasses, rangefinders",N/A,0.0,197775.0
X,484,MEX,579,NOR,9015,"Surveying (including photogrammetrical surveying), hydrographic, oceanographic, hydrological, meteorological or geophysical instruments and appliances, excluding compasses, rangefinders",N/A,0.0,1321050.0
X,484,MEX,604,PER,9015,"Surveying (including photogrammetrical surveying), hydrographic, oceanographic, hydrological, meteorological or geophysical instruments and appliances, excluding compasses, rangefinders",N/A,0.0,26702.0
X,484,MEX,643,RUS,9015,"Surveying (including photogrammetrical surveying), hydrographic, oceanographic, hydrological, meteorological or geophysical instruments and appliances, excluding compasses, rangefinders",N/A,0.0,89593.0
X,484,MEX,724,ESP,9015,"Surveying (including photogrammetrical surveying), hydrographic, oceanographic, hydrological, meteorological or geophysical instruments and appliances, excluding compasses, rangefinders",N/A,0.0,473526.0
X,484,MEX,757,CHE,9015,"Surveying (including photogrammetrical surveying), hydrographic, oceanographic, hydrological, meteorological or geophysical instruments and appliances, excluding compasses, rangefinders",N/A,0.0,101106.0
X,484,MEX,780,TTO,9015,"Surveying (including photogrammetrical surveying), hydrographic, oceanographic, hydrological, meteorological or geophysical instruments and appliances, excluding compasses, rangefinders",N/A,0.0,384191.0
X,484,MEX,826,GBR,9015,"Surveying (including photogrammetrical surveying), hydrographic, oceanographic, hydrological, meteorological or geophysical instruments and appliances, excluding compasses, rangefinders",N/A,0.0,208774.0
X,484,MEX,842,USA,9015,"Surveying (including photogrammetrical surveying), hydrographic, oceanographic, hydrological, meteorological or geophysical instruments and appliances, excluding compasses, rangefinders",N/A,0.0,45608975.0
X,484,MEX,0,W00,9017,"Drawing, marking-out, mathematical calculating instruments (drafting machines, protractors, drawing sets etc); instruments for measuring length (e.g. measuring rods, tapes, micrometers, callipers) n.e.c.",N/A,0.0,30118270.0
X,484,MEX,68,BOL,9017,"Drawing, marking-out, mathematical calculating instruments (drafting machines, protractors, drawing sets etc); instruments for measuring length (e.g. measuring rods, tapes, micrometers, callipers) n.e.c.",N/A,0.0,12945.0
X,484,MEX,84,BLZ,9017,"Drawing, marking-out, mathematical calculating instruments (drafting machines, protractors, drawing sets etc); instruments for measuring length (e.g. measuring rods, tapes, micrometers, callipers) n.e.c.",N/A,0.0,35746.0
X,484,MEX,124,CAN,9017,"Drawing, marking-out, mathematical calculating instruments (drafting machines, protractors, drawing sets etc); instruments for measuring length (e.g. measuring rods, tapes, micrometers, callipers) n.e.c.",N/A,0.0,14994.0
X,484,MEX,152,CHL,9017,"Drawing, marking-out, mathematical calculating instruments (drafting machines, protractors, drawing sets etc); instruments for measuring length (e.g. measuring rods, tapes, micrometers, callipers) n.e.c.",N/A,0.0,743287.0
X,484,MEX,170,COL,9017,"Drawing, marking-out, mathematical calculating instruments (drafting machines, protractors, drawing sets etc); instruments for measuring length (e.g. measuring rods, tapes, micrometers, callipers) n.e.c.",N/A,0.0,659853.0
X,484,MEX,188,CRI,9017,"Drawing, marking-out, mathematical calculating instruments (drafting machines, protractors, drawing sets etc); instruments for measuring length (e.g. measuring rods, tapes, micrometers, callipers) n.e.c.",N/A,0.0,662962.0
X,484,MEX,192,CUB,9017,"Drawing, marking-out, mathematical calculating instruments (drafting machines, protractors, drawing sets etc); instruments for measuring length (e.g. measuring rods, tapes, micrometers, callipers) n.e.c.",N/A,0.0,37603.0
X,484,MEX,214,DOM,9017,"Drawing, marking-out, mathematical calculating instruments (drafting machines, protractors, drawing sets etc); instruments for measuring length (e.g. measuring rods, tapes, micrometers, callipers) n.e.c.",N/A,0.0,607722.0
X,484,MEX,218,ECU,9017,"Drawing, marking-out, mathematical calculating instruments (drafting machines, protractors, drawing sets etc); instruments for measuring length (e.g. measuring rods, tapes, micrometers, callipers) n.e.c.",N/A,0.0,312029.0
X,484,MEX,222,SLV,9017,"Drawing, marking-out, mathematical calculating instruments (drafting machines, protractors, drawing sets etc); instruments for measuring length (e.g. measuring rods, tapes, micrometers, callipers) n.e.c.",N/A,0.0,694786.0
X,484,MEX,251,FRA,9017,"Drawing, marking-out, mathematical calculating instruments (drafting machines, protractors, drawing sets etc); instruments for measuring length (e.g. measuring rods, tapes, micrometers, callipers) n.e.c.",N/A,0.0,126920.0
X,484,MEX,276,DEU,9017,"Drawing, marking-out, mathematical calculating instruments (drafting machines, protractors, drawing sets etc); instruments for measuring length (e.g. measuring rods, tapes, micrometers, callipers) n.e.c.",N/A,0.0,66384.0
X,484,MEX,320,GTM,9017,"Drawing, marking-out, mathematical calculating instruments (drafting machines, protractors, drawing sets etc); instruments for measuring length (e.g. measuring rods, tapes, micrometers, callipers) n.e.c.",N/A,0.0,838162.0
X,484,MEX,340,HND,9017,"Drawing, marking-out, mathematical calculating instruments (drafting machines, protractors, drawing sets etc); instruments for measuring length (e.g. measuring rods, tapes, micrometers, callipers) n.e.c.",N/A,0.0,854320.0
X,484,MEX,388,JAM,9017,"Drawing, marking-out, mathematical calculating instruments (drafting machines, protractors, drawing sets etc); instruments for measuring length (e.g. measuring rods, tapes, micrometers, callipers) n.e.c.",N/A,0.0,3385.0
X,484,MEX,392,JPN,9017,"Drawing, marking-out, mathematical calculating instruments (drafting machines, protractors, drawing sets etc); instruments for measuring length (e.g. measuring rods, tapes, micrometers, callipers) n.e.c.",N/A,0.0,18815.0
X,484,MEX,558,NIC,9017,"Drawing, marking-out, mathematical calculating instruments (drafting machines, protractors, drawing sets etc); instruments for measuring length (e.g. measuring rods, tapes, micrometers, callipers) n.e.c.",N/A,0.0,581808.0
X,484,MEX,591,PAN,9017,"Drawing, marking-out, mathematical calculating instruments (drafting machines, protractors, drawing sets etc); instruments for measuring length (e.g. measuring rods, tapes, micrometers, callipers) n.e.c.",N/A,0.0,164215.0
X,484,MEX,604,PER,9017,"Drawing, marking-out, mathematical calculating instruments (drafting machines, protractors, drawing sets etc); instruments for measuring length (e.g. measuring rods, tapes, micrometers, callipers) n.e.c.",N/A,0.0,784928.0
X,484,MEX,724,ESP,9017,"Drawing, marking-out, mathematical calculating instruments (drafting machines, protractors, drawing sets etc); instruments for measuring length (e.g. measuring rods, tapes, micrometers, callipers) n.e.c.",N/A,0.0,21375.0
X,484,MEX,842,USA,9017,"Drawing, marking-out, mathematical calculating instruments (drafting machines, protractors, drawing sets etc); instruments for measuring length (e.g. measuring rods, tapes, micrometers, callipers) n.e.c.",N/A,0.0,22851495.0
X,484,MEX,862,VEN,9017,"Drawing, marking-out, mathematical calculating instruments (drafting machines, protractors, drawing sets etc); instruments for measuring length (e.g. measuring rods, tapes, micrometers, callipers) n.e.c.",N/A,0.0,24536.0
X,484,MEX,0,W00,9018,"Instruments and appliances used in medical, surgical, dental or veterinary sciences, including scintigraphic apparatus, other electro-medical apparatus and sight testing instruments",N/A,0.0,9242931360.0
X,484,MEX,32,ARG,9018,"Instruments and appliances used in medical, surgical, dental or veterinary sciences, including scintigraphic apparatus, other electro-medical apparatus and sight testing instruments",N/A,0.0,231978.0
X,484,MEX,36,AUS,9018,"Instruments and appliances used in medical, surgical, dental or veterinary sciences, including scintigraphic apparatus, other electro-medical apparatus and sight testing instruments",N/A,0.0,1782126.0
X,484,MEX,56,BEL,9018,"Instruments and appliances used in medical, surgical, dental or veterinary sciences, including scintigraphic apparatus, other electro-medical apparatus and sight testing instruments",N/A,0.0,30631190.0
X,484,MEX,76,BRA,9018,"Instruments and appliances used in medical, surgical, dental or veterinary sciences, including scintigraphic apparatus, other electro-medical apparatus and sight testing instruments",N/A,0.0,5792564.0
X,484,MEX,84,BLZ,9018,"Instruments and appliances used in medical, surgical, dental or veterinary sciences, including scintigraphic apparatus, other electro-medical apparatus and sight testing instruments",N/A,0.0,17592.0
X,484,MEX,124,CAN,9018,"Instruments and appliances used in medical, surgical, dental or veterinary sciences, including scintigraphic apparatus, other electro-medical apparatus and sight testing instruments",N/A,0.0,5174785.0
X,484,MEX,152,CHL,9018,"Instruments and appliances used in medical, surgical, dental or veterinary sciences, including scintigraphic apparatus, other electro-medical apparatus and sight testing instruments",N/A,0.0,1793480.0
X,484,MEX,156,CHN,9018,"Instruments and appliances used in medical, surgical, dental or veterinary sciences, including scintigraphic apparatus, other electro-medical apparatus and sight testing instruments",N/A,0.0,154158234.0
X,484,MEX,170,COL,9018,"Instruments and appliances used in medical, surgical, dental or veterinary sciences, including scintigraphic apparatus, other electro-medical apparatus and sight testing instruments",N/A,0.0,2896524.0
X,484,MEX,188,CRI,9018,"Instruments and appliances used in medical, surgical, dental or veterinary sciences, including scintigraphic apparatus, other electro-medical apparatus and sight testing instruments",N/A,0.0,4611001.0
X,484,MEX,192,CUB,9018,"Instruments and appliances used in medical, surgical, dental or veterinary sciences, including scintigraphic apparatus, other electro-medical apparatus and sight testing instruments",N/A,0.0,451722.0
X,484,MEX,203,CZE,9018,"Instruments and appliances used in medical, surgical, dental or veterinary sciences, including scintigraphic apparatus, other electro-medical apparatus and sight testing instruments",N/A,0.0,6195850.0
X,484,MEX,214,DOM,9018,"Instruments and appliances used in medical, surgical, dental or veterinary sciences, including scintigraphic apparatus, other electro-medical apparatus and sight testing instruments",N/A,0.0,1512668.0
X,484,MEX,218,ECU,9018,"Instruments and appliances used in medical, surgical, dental or veterinary sciences, including scintigraphic apparatus, other electro-medical apparatus and sight testing instruments",N/A,0.0,690191.0
X,484,MEX,222,SLV,9018,"Instruments and appliances used in medical, surgical, dental or veterinary sciences, including scintigraphic apparatus, other electro-medical apparatus and sight testing instruments",N/A,0.0,1297223.0
X,484,MEX,251,FRA,9018,"Instruments and appliances used in medical, surgical, dental or veterinary sciences, including scintigraphic apparatus, other electro-medical apparatus and sight testing instruments",N/A,0.0,98892097.0
X,484,MEX,276,DEU,9018,"Instruments and appliances used in medical, surgical, dental or veterinary sciences, including scintigraphic apparatus, other electro-medical apparatus and sight testing instruments",N/A,0.0,32521027.0
X,484,MEX,320,GTM,9018,"Instruments and appliances used in medical, surgical, dental or veterinary sciences, including scintigraphic apparatus, other electro-medical apparatus and sight testing instruments",N/A,0.0,3288035.0
X,484,MEX,340,HND,9018,"Instruments and appliances used in medical, surgical, dental or veterinary sciences, including scintigraphic apparatus, other electro-medical apparatus and sight testing instruments",N/A,0.0,507619.0
X,484,MEX,344,HKG,9018,"Instruments and appliances used in medical, surgical, dental or veterinary sciences, including scintigraphic apparatus, other electro-medical apparatus and sight testing instruments",N/A,0.0,2890437.0
X,484,MEX,360,IDN,9018,"Instruments and appliances used in medical, surgical, dental or veterinary sciences, including scintigraphic apparatus, other electro-medical apparatus and sight testing instruments",N/A,0.0,635930.0
X,484,MEX,372,IRL,9018,"Instruments and appliances used in medical, surgical, dental or veterinary sciences, including scintigraphic apparatus, other electro-medical apparatus and sight testing instruments",N/A,0.0,120946007.0
X,484,MEX,376,ISR,9018,"Instruments and appliances used in medical, surgical, dental or veterinary sciences, including scintigraphic apparatus, other electro-medical apparatus and sight testing instruments",N/A,0.0,18262.0
X,484,MEX,380,ITA,9018,"Instruments and appliances used in medical, surgical, dental or veterinary sciences, including scintigraphic apparatus, other electro-medical apparatus and sight testing instruments",N/A,0.0,254268.0
X,484,MEX,388,JAM,9018,"Instruments and appliances used in medical, surgical, dental or veterinary sciences, including scintigraphic apparatus, other electro-medical apparatus and sight testing instruments",N/A,0.0,158858.0
X,484,MEX,392,JPN,9018,"Instruments and appliances used in medical, surgical, dental or veterinary sciences, including scintigraphic apparatus, other electro-medical apparatus and sight testing instruments",N/A,0.0,48323246.0
X,484,MEX,410,KOR,9018,"Instruments and appliances used in medical, surgical, dental or veterinary sciences, including scintigraphic apparatus, other electro-medical apparatus and sight testing instruments",N/A,0.0,11415212.0
X,484,MEX,490,S19,9018,"Instruments and appliances used in medical, surgical, dental or veterinary sciences, including scintigraphic apparatus, other electro-medical apparatus and sight testing instruments",N/A,0.0,2193780.0
X,484,MEX,528,NLD,9018,"Instruments and appliances used in medical, surgical, dental or veterinary sciences, including scintigraphic apparatus, other electro-medical apparatus and sight testing instruments",N/A,0.0,68349692.0
X,484,MEX,558,NIC,9018,"Instruments and appliances used in medical, surgical, dental or veterinary sciences, including scintigraphic apparatus, other electro-medical apparatus and sight testing instruments",N/A,0.0,466949.0
X,484,MEX,591,PAN,9018,"Instruments and appliances used in medical, surgical, dental or veterinary sciences, including scintigraphic apparatus, other electro-medical apparatus and sight testing instruments",N/A,0.0,1252581.0
X,484,MEX,604,PER,9018,"Instruments and appliances used in medical, surgical, dental or veterinary sciences, including scintigraphic apparatus, other electro-medical apparatus and sight testing instruments",N/A,0.0,392407.0
X,484,MEX,616,POL,9018,"Instruments and appliances used in medical, surgical, dental or veterinary sciences, including scintigraphic apparatus, other electro-medical apparatus and sight testing instruments",N/A,0.0,305622.0
X,484,MEX,699,IND,9018,"Instruments and appliances used in medical, surgical, dental or veterinary sciences, including scintigraphic apparatus, other electro-medical apparatus and sight testing instruments",N/A,0.0,166242.0
X,484,MEX,702,SGP,9018,"Instruments and appliances used in medical, surgical, dental or veterinary sciences, including scintigraphic apparatus, other electro-medical apparatus and sight testing instruments",N/A,0.0,4995090.0
X,484,MEX,724,ESP,9018,"Instruments and appliances used in medical, surgical, dental or veterinary sciences, including scintigraphic apparatus, other electro-medical apparatus and sight testing instruments",N/A,0.0,174250.0
X,484,MEX,757,CHE,9018,"Instruments and appliances used in medical, surgical, dental or veterinary sciences, including scintigraphic apparatus, other electro-medical apparatus and sight testing instruments",N/A,0.0,265792.0
X,484,MEX,780,TTO,9018,"Instruments and appliances used in medical, surgical, dental or veterinary sciences, including scintigraphic apparatus, other electro-medical apparatus and sight testing instruments",N/A,0.0,172278.0
X,484,MEX,826,GBR,9018,"Instruments and appliances used in medical, surgical, dental or veterinary sciences, including scintigraphic apparatus, other electro-medical apparatus and sight testing instruments",N/A,0.0,487522.0
X,484,MEX,842,USA,9018,"Instruments and appliances used in medical, surgical, dental or veterinary sciences, including scintigraphic apparatus, other electro-medical apparatus and sight testing instruments",N/A,0.0,8626490824.0
X,484,MEX,862,VEN,9018,"Instruments and appliances used in medical, surgical, dental or veterinary sciences, including scintigraphic apparatus, other electro-medical apparatus and sight testing instruments",N/A,0.0,130205.0
X,484,MEX,0,W00,9019,"Mechano-therapy, massage appliances; psychological aptitude testing apparatus; ozone, oxygen, aerosol therapy, artificial respiration or other therapeutic respiration apparatus",N/A,0.0,899321927.0
X,484,MEX,36,AUS,9019,"Mechano-therapy, massage appliances; psychological aptitude testing apparatus; ozone, oxygen, aerosol therapy, artificial respiration or other therapeutic respiration apparatus",N/A,0.0,134133.0
X,484,MEX,152,CHL,9019,"Mechano-therapy, massage appliances; psychological aptitude testing apparatus; ozone, oxygen, aerosol therapy, artificial respiration or other therapeutic respiration apparatus",N/A,0.0,242039.0
X,484,MEX,188,CRI,9019,"Mechano-therapy, massage appliances; psychological aptitude testing apparatus; ozone, oxygen, aerosol therapy, artificial respiration or other therapeutic respiration apparatus",kg,20787.599,575020.0
X,484,MEX,192,CUB,9019,"Mechano-therapy, massage appliances; psychological aptitude testing apparatus; ozone, oxygen, aerosol therapy, artificial respiration or other therapeutic respiration apparatus",N/A,0.0,4902225.0
X,484,MEX,222,SLV,9019,"Mechano-therapy, massage appliances; psychological aptitude testing apparatus; ozone, oxygen, aerosol therapy, artificial respiration or other therapeutic respiration apparatus",kg,612.653,16947.0
X,484,MEX,276,DEU,9019,"Mechano-therapy, massage appliances; psychological aptitude testing apparatus; ozone, oxygen, aerosol therapy, artificial respiration or other therapeutic respiration apparatus",N/A,0.0,6476697.0
X,484,MEX,320,GTM,9019,"Mechano-therapy, massage appliances; psychological aptitude testing apparatus; ozone, oxygen, aerosol therapy, artificial respiration or other therapeutic respiration apparatus",N/A,0.0,560077.0
X,484,MEX,344,HKG,9019,"Mechano-therapy, massage appliances; psychological aptitude testing apparatus; ozone, oxygen, aerosol therapy, artificial respiration or other therapeutic respiration apparatus",kg,49654.0,145586.0
X,484,MEX,528,NLD,9019,"Mechano-therapy, massage appliances; psychological aptitude testing apparatus; ozone, oxygen, aerosol therapy, artificial respiration or other therapeutic respiration apparatus",N/A,0.0,11378858.0
X,484,MEX,591,PAN,9019,"Mechano-therapy, massage appliances; psychological aptitude testing apparatus; ozone, oxygen, aerosol therapy, artificial respiration or other therapeutic respiration apparatus",kg,236.03,6529.0
X,484,MEX,699,IND,9019,"Mechano-therapy, massage appliances; psychological aptitude testing apparatus; ozone, oxygen, aerosol therapy, artificial respiration or other therapeutic respiration apparatus",kg,22643.0,652390.0
X,484,MEX,826,GBR,9019,"Mechano-therapy, massage appliances; psychological aptitude testing apparatus; ozone, oxygen, aerosol therapy, artificial respiration or other therapeutic respiration apparatus",N/A,0.0,29750464.0
X,484,MEX,842,USA,9019,"Mechano-therapy, massage appliances; psychological aptitude testing apparatus; ozone, oxygen, aerosol therapy, artificial respiration or other therapeutic respiration apparatus",kg,47524177.701,844480962.0
X,484,MEX,0,W00,9020,Breathing appliances and gas masks; excluding protective masks having neither mechanical parts nor replaceable filters and excluding apparatus of item no. 9019.20,kg,1573822.127,24398134.0
X,484,MEX,170,COL,9020,Breathing appliances and gas masks; excluding protective masks having neither mechanical parts nor replaceable filters and excluding apparatus of item no. 9019.20,kg,139.127,1954.0
X,484,MEX,192,CUB,9020,Breathing appliances and gas masks; excluding protective masks having neither mechanical parts nor replaceable filters and excluding apparatus of item no. 9019.20,kg,58.0,787.0
X,484,MEX,214,DOM,9020,Breathing appliances and gas masks; excluding protective masks having neither mechanical parts nor replaceable filters and excluding apparatus of item no. 9019.20,kg,672.0,31842.0
X,484,MEX,222,SLV,9020,Breathing appliances and gas masks; excluding protective masks having neither mechanical parts nor replaceable filters and excluding apparatus of item no. 9019.20,kg,37.0,748.0
X,484,MEX,320,GTM,9020,Breathing appliances and gas masks; excluding protective masks having neither mechanical parts nor replaceable filters and excluding apparatus of item no. 9019.20,kg,4167.0,38573.0
X,484,MEX,340,HND,9020,Breathing appliances and gas masks; excluding protective masks having neither mechanical parts nor replaceable filters and excluding apparatus of item no. 9019.20,kg,1061.0,58957.0
X,484,MEX,558,NIC,9020,Breathing appliances and gas masks; excluding protective masks having neither mechanical parts nor replaceable filters and excluding apparatus of item no. 9019.20,kg,13341.0,56127.0
X,484,MEX,591,PAN,9020,Breathing appliances and gas masks; excluding protective masks having neither mechanical parts nor replaceable filters and excluding apparatus of item no. 9019.20,kg,25.0,500.0
X,484,MEX,842,USA,9020,Breathing appliances and gas masks; excluding protective masks having neither mechanical parts nor replaceable filters and excluding apparatus of item no. 9019.20,kg,1554322.0,24208646.0
X,484,MEX,0,W00,9021,"Orthopaedic appliances; including crutches, surgical belts and trusses; splints and other fracture appliances; artificial parts of the body; hearing aids and other which are worn, carried or implanted in the body to compensate for a defect or disability",N/A,0.0,1411485143.0
X,484,MEX,36,AUS,9021,"Orthopaedic appliances; including crutches, surgical belts and trusses; splints and other fracture appliances; artificial parts of the body; hearing aids and other which are worn, carried or implanted in the body to compensate for a defect or disability",N/A,0.0,5051162.0
X,484,MEX,124,CAN,9021,"Orthopaedic appliances; including crutches, surgical belts and trusses; splints and other fracture appliances; artificial parts of the body; hearing aids and other which are worn, carried or implanted in the body to compensate for a defect or disability",N/A,0.0,5336888.0
X,484,MEX,152,CHL,9021,"Orthopaedic appliances; including crutches, surgical belts and trusses; splints and other fracture appliances; artificial parts of the body; hearing aids and other which are worn, carried or implanted in the body to compensate for a defect or disability",N/A,0.0,97439.0
X,484,MEX,156,CHN,9021,"Orthopaedic appliances; including crutches, surgical belts and trusses; splints and other fracture appliances; artificial parts of the body; hearing aids and other which are worn, carried or implanted in the body to compensate for a defect or disability",N/A,0.0,559596.0
X,484,MEX,170,COL,9021,"Orthopaedic appliances; including crutches, surgical belts and trusses; splints and other fracture appliances; artificial parts of the body; hearing aids and other which are worn, carried or implanted in the body to compensate for a defect or disability",N/A,0.0,66247.0
X,484,MEX,188,CRI,9021,"Orthopaedic appliances; including crutches, surgical belts and trusses; splints and other fracture appliances; artificial parts of the body; hearing aids and other which are worn, carried or implanted in the body to compensate for a defect or disability",N/A,0.0,79765.0
X,484,MEX,214,DOM,9021,"Orthopaedic appliances; including crutches, surgical belts and trusses; splints and other fracture appliances; artificial parts of the body; hearing aids and other which are worn, carried or implanted in the body to compensate for a defect or disability",N/A,0.0,1438.0
X,484,MEX,222,SLV,9021,"Orthopaedic appliances; including crutches, surgical belts and trusses; splints and other fracture appliances; artificial parts of the body; hearing aids and other which are worn, carried or implanted in the body to compensate for a defect or disability",N/A,0.0,271368.0
X,484,MEX,276,DEU,9021,"Orthopaedic appliances; including crutches, surgical belts and trusses; splints and other fracture appliances; artificial parts of the body; hearing aids and other which are worn, carried or implanted in the body to compensate for a defect or disability",N/A,0.0,4422655.0
X,484,MEX,320,GTM,9021,"Orthopaedic appliances; including crutches, surgical belts and trusses; splints and other fracture appliances; artificial parts of the body; hearing aids and other which are worn, carried or implanted in the body to compensate for a defect or disability",N/A,0.0,233151.0
X,484,MEX,392,JPN,9021,"Orthopaedic appliances; including crutches, surgical belts and trusses; splints and other fracture appliances; artificial parts of the body; hearing aids and other which are worn, carried or implanted in the body to compensate for a defect or disability",N/A,0.0,544359.0
X,484,MEX,410,KOR,9021,"Orthopaedic appliances; including crutches, surgical belts and trusses; splints and other fracture appliances; artificial parts of the body; hearing aids and other which are worn, carried or implanted in the body to compensate for a defect or disability",N/A,0.0,101706.0
X,484,MEX,528,NLD,9021,"Orthopaedic appliances; including crutches, surgical belts and trusses; splints and other fracture appliances; artificial parts of the body; hearing aids and other which are worn, carried or implanted in the body to compensate for a defect or disability",N/A,0.0,46249263.0
X,484,MEX,558,NIC,9021,"Orthopaedic appliances; including crutches, surgical belts and trusses; splints and other fracture appliances; artificial parts of the body; hearing aids and other which are worn, carried or implanted in the body to compensate for a defect or disability",kg,1147.0,8013.0
X,484,MEX,591,PAN,9021,"Orthopaedic appliances; including crutches, surgical belts and trusses; splints and other fracture appliances; artificial parts of the body; hearing aids and other which are worn, carried or implanted in the body to compensate for a defect or disability",N/A,0.0,243717.0
X,484,MEX,826,GBR,9021,"Orthopaedic appliances; including crutches, surgical belts and trusses; splints and other fracture appliances; artificial parts of the body; hearing aids and other which are worn, carried or implanted in the body to compensate for a defect or disability",N/A,0.0,4523472.0
X,484,MEX,842,USA,9021,"Orthopaedic appliances; including crutches, surgical belts and trusses; splints and other fracture appliances; artificial parts of the body; hearing aids and other which are worn, carried or implanted in the body to compensate for a defect or disability",N/A,0.0,1343694904.0
X,484,MEX,0,W00,9022,"X-ray, alpha, beta, gamma radiation apparatus; x-ray tubes, x-ray generators, high tension generators, control panels and desks, screens, examination or treatment tables, chairs and the like",N/A,0.0,243154390.0
X,484,MEX,156,CHN,9022,"X-ray, alpha, beta, gamma radiation apparatus; x-ray tubes, x-ray generators, high tension generators, control panels and desks, screens, examination or treatment tables, chairs and the like",N/A,0.0,1426143.0
X,484,MEX,276,DEU,9022,"X-ray, alpha, beta, gamma radiation apparatus; x-ray tubes, x-ray generators, high tension generators, control panels and desks, screens, examination or treatment tables, chairs and the like",N/A,0.0,4505473.0
X,484,MEX,392,JPN,9022,"X-ray, alpha, beta, gamma radiation apparatus; x-ray tubes, x-ray generators, high tension generators, control panels and desks, screens, examination or treatment tables, chairs and the like",N/A,0.0,1840364.0
X,484,MEX,410,KOR,9022,"X-ray, alpha, beta, gamma radiation apparatus; x-ray tubes, x-ray generators, high tension generators, control panels and desks, screens, examination or treatment tables, chairs and the like",N/A,0.0,221574.0
X,484,MEX,528,NLD,9022,"X-ray, alpha, beta, gamma radiation apparatus; x-ray tubes, x-ray generators, high tension generators, control panels and desks, screens, examination or treatment tables, chairs and the like",N/A,0.0,73898.0
X,484,MEX,699,IND,9022,"X-ray, alpha, beta, gamma radiation apparatus; x-ray tubes, x-ray generators, high tension generators, control panels and desks, screens, examination or treatment tables, chairs and the like",N/A,0.0,214574.0
X,484,MEX,842,USA,9022,"X-ray, alpha, beta, gamma radiation apparatus; x-ray tubes, x-ray generators, high tension generators, control panels and desks, screens, examination or treatment tables, chairs and the like",N/A,0.0,234872364.0
X,484,MEX,0,W00,9023,"Instruments, apparatus and models, designed for demonstrational purposes (in education or exhibitions), unsuitable for other uses",kg,272902.17,30691023.0
X,484,MEX,320,GTM,9023,"Instruments, apparatus and models, designed for demonstrational purposes (in education or exhibitions), unsuitable for other uses",kg,78.036,8776.0
X,484,MEX,340,HND,9023,"Instruments, apparatus and models, designed for demonstrational purposes (in education or exhibitions), unsuitable for other uses",kg,14.272,1605.0
X,484,MEX,842,USA,9023,"Instruments, apparatus and models, designed for demonstrational purposes (in education or exhibitions), unsuitable for other uses",kg,272809.863,30680642.0
X,484,MEX,0,W00,9024,"Machines and appliances for testing the hardness, strength, compressibility, elasticity of other mechanical properties of materials (e.g. metals, wood, textiles, paper, plastics)",N/A,0.0,4392289.0
X,484,MEX,276,DEU,9024,"Machines and appliances for testing the hardness, strength, compressibility, elasticity of other mechanical properties of materials (e.g. metals, wood, textiles, paper, plastics)",N/A,0.0,141608.0
X,484,MEX,842,USA,9024,"Machines and appliances for testing the hardness, strength, compressibility, elasticity of other mechanical properties of materials (e.g. metals, wood, textiles, paper, plastics)",N/A,0.0,4250681.0
X,484,MEX,0,W00,9025,"Hydrometers and similar floating instruments, thermometers, pyrometers, barometers, hygrometers and psychrometers, recording or not",N/A,0.0,259457752.0
X,484,MEX,32,ARG,9025,"Hydrometers and similar floating instruments, thermometers, pyrometers, barometers, hygrometers and psychrometers, recording or not",N/A,0.0,60717.0
X,484,MEX,36,AUS,9025,"Hydrometers and similar floating instruments, thermometers, pyrometers, barometers, hygrometers and psychrometers, recording or not",N/A,0.0,78473.0
X,484,MEX,56,BEL,9025,"Hydrometers and similar floating instruments, thermometers, pyrometers, barometers, hygrometers and psychrometers, recording or not",N/A,0.0,15556.0
X,484,MEX,76,BRA,9025,"Hydrometers and similar floating instruments, thermometers, pyrometers, barometers, hygrometers and psychrometers, recording or not",N/A,0.0,376324.0
X,484,MEX,124,CAN,9025,"Hydrometers and similar floating instruments, thermometers, pyrometers, barometers, hygrometers and psychrometers, recording or not",N/A,0.0,1954932.0
X,484,MEX,152,CHL,9025,"Hydrometers and similar floating instruments, thermometers, pyrometers, barometers, hygrometers and psychrometers, recording or not",N/A,0.0,89719.0
X,484,MEX,156,CHN,9025,"Hydrometers and similar floating instruments, thermometers, pyrometers, barometers, hygrometers and psychrometers, recording or not",N/A,0.0,27445413.0
X,484,MEX,170,COL,9025,"Hydrometers and similar floating instruments, thermometers, pyrometers, barometers, hygrometers and psychrometers, recording or not",N/A,0.0,181615.0
X,484,MEX,188,CRI,9025,"Hydrometers and similar floating instruments, thermometers, pyrometers, barometers, hygrometers and psychrometers, recording or not",N/A,0.0,79681.0
X,484,MEX,192,CUB,9025,"Hydrometers and similar floating instruments, thermometers, pyrometers, barometers, hygrometers and psychrometers, recording or not",N/A,0.0,29184.0
X,484,MEX,214,DOM,9025,"Hydrometers and similar floating instruments, thermometers, pyrometers, barometers, hygrometers and psychrometers, recording or not",N/A,0.0,3420.0
X,484,MEX,218,ECU,9025,"Hydrometers and similar floating instruments, thermometers, pyrometers, barometers, hygrometers and psychrometers, recording or not",N/A,0.0,40609.0
X,484,MEX,222,SLV,9025,"Hydrometers and similar floating instruments, thermometers, pyrometers, barometers, hygrometers and psychrometers, recording or not",N/A,0.0,369973.0
X,484,MEX,251,FRA,9025,"Hydrometers and similar floating instruments, thermometers, pyrometers, barometers, hygrometers and psychrometers, recording or not",N/A,0.0,409565.0
X,484,MEX,276,DEU,9025,"Hydrometers and similar floating instruments, thermometers, pyrometers, barometers, hygrometers and psychrometers, recording or not",N/A,0.0,10706267.0
X,484,MEX,320,GTM,9025,"Hydrometers and similar floating instruments, thermometers, pyrometers, barometers, hygrometers and psychrometers, recording or not",N/A,0.0,280571.0
X,484,MEX,340,HND,9025,"Hydrometers and similar floating instruments, thermometers, pyrometers, barometers, hygrometers and psychrometers, recording or not",N/A,0.0,16589.0
X,484,MEX,344,HKG,9025,"Hydrometers and similar floating instruments, thermometers, pyrometers, barometers, hygrometers and psychrometers, recording or not",N/A,0.0,52786.0
X,484,MEX,376,ISR,9025,"Hydrometers and similar floating instruments, thermometers, pyrometers, barometers, hygrometers and psychrometers, recording or not",N/A,0.0,43432.0
X,484,MEX,380,ITA,9025,"Hydrometers and similar floating instruments, thermometers, pyrometers, barometers, hygrometers and psychrometers, recording or not",N/A,0.0,71042.0
X,484,MEX,392,JPN,9025,"Hydrometers and similar floating instruments, thermometers, pyrometers, barometers, hygrometers and psychrometers, recording or not",N/A,0.0,122892.0
X,484,MEX,410,KOR,9025,"Hydrometers and similar floating instruments, thermometers, pyrometers, barometers, hygrometers and psychrometers, recording or not",N/A,0.0,202779.0
X,484,MEX,442,LUX,9025,"Hydrometers and similar floating instruments, thermometers, pyrometers, barometers, hygrometers and psychrometers, recording or not",N/A,0.0,12814.0
X,484,MEX,458,MYS,9025,"Hydrometers and similar floating instruments, thermometers, pyrometers, barometers, hygrometers and psychrometers, recording or not",N/A,0.0,34598.0
X,484,MEX,490,S19,9025,"Hydrometers and similar floating instruments, thermometers, pyrometers, barometers, hygrometers and psychrometers, recording or not",N/A,0.0,167667.0
X,484,MEX,528,NLD,9025,"Hydrometers and similar floating instruments, thermometers, pyrometers, barometers, hygrometers and psychrometers, recording or not",N/A,0.0,79167.0
X,484,MEX,558,NIC,9025,"Hydrometers and similar floating instruments, thermometers, pyrometers, barometers, hygrometers and psychrometers, recording or not",N/A,0.0,1025.0
X,484,MEX,591,PAN,9025,"Hydrometers and similar floating instruments, thermometers, pyrometers, barometers, hygrometers and psychrometers, recording or not",N/A,0.0,8790.0
X,484,MEX,604,PER,9025,"Hydrometers and similar floating instruments, thermometers, pyrometers, barometers, hygrometers and psychrometers, recording or not",N/A,0.0,12413.0
X,484,MEX,702,SGP,9025,"Hydrometers and similar floating instruments, thermometers, pyrometers, barometers, hygrometers and psychrometers, recording or not",N/A,0.0,472402.0
X,484,MEX,724,ESP,9025,"Hydrometers and similar floating instruments, thermometers, pyrometers, barometers, hygrometers and psychrometers, recording or not",N/A,0.0,1306563.0
X,484,MEX,764,THA,9025,"Hydrometers and similar floating instruments, thermometers, pyrometers, barometers, hygrometers and psychrometers, recording or not",N/A,0.0,24787.0
X,484,MEX,792,TUR,9025,"Hydrometers and similar floating instruments, thermometers, pyrometers, barometers, hygrometers and psychrometers, recording or not",N/A,0.0,121419.0
X,484,MEX,826,GBR,9025,"Hydrometers and similar floating instruments, thermometers, pyrometers, barometers, hygrometers and psychrometers, recording or not",N/A,0.0,2978845.0
X,484,MEX,842,USA,9025,"Hydrometers and similar floating instruments, thermometers, pyrometers, barometers, hygrometers and psychrometers, recording or not",N/A,0.0,211605723.0
X,484,MEX,0,W00,9026,"Instruments, apparatus for measuring or checking the flow, level, pressure of liquids, gases (e.g. flow meters, heat meters etc), not instruments and apparatus of heading no. 9014, 9015, 9028 or 9032",N/A,0.0,993980968.0
X,484,MEX,32,ARG,9026,"Instruments, apparatus for measuring or checking the flow, level, pressure of liquids, gases (e.g. flow meters, heat meters etc), not instruments and apparatus of heading no. 9014, 9015, 9028 or 9032",N/A,0.0,736978.0
X,484,MEX,36,AUS,9026,"Instruments, apparatus for measuring or checking the flow, level, pressure of liquids, gases (e.g. flow meters, heat meters etc), not instruments and apparatus of heading no. 9014, 9015, 9028 or 9032",N/A,0.0,8268.0
X,484,MEX,52,BRB,9026,"Instruments, apparatus for measuring or checking the flow, level, pressure of liquids, gases (e.g. flow meters, heat meters etc), not instruments and apparatus of heading no. 9014, 9015, 9028 or 9032",N/A,0.0,4270.0
X,484,MEX,56,BEL,9026,"Instruments, apparatus for measuring or checking the flow, level, pressure of liquids, gases (e.g. flow meters, heat meters etc), not instruments and apparatus of heading no. 9014, 9015, 9028 or 9032",N/A,0.0,281836.0
X,484,MEX,68,BOL,9026,"Instruments, apparatus for measuring or checking the flow, level, pressure of liquids, gases (e.g. flow meters, heat meters etc), not instruments and apparatus of heading no. 9014, 9015, 9028 or 9032",N/A,0.0,65173.0
X,484,MEX,76,BRA,9026,"Instruments, apparatus for measuring or checking the flow, level, pressure of liquids, gases (e.g. flow meters, heat meters etc), not instruments and apparatus of heading no. 9014, 9015, 9028 or 9032",N/A,0.0,5072005.0
X,484,MEX,84,BLZ,9026,"Instruments, apparatus for measuring or checking the flow, level, pressure of liquids, gases (e.g. flow meters, heat meters etc), not instruments and apparatus of heading no. 9014, 9015, 9028 or 9032",N/A,0.0,23001.0
X,484,MEX,124,CAN,9026,"Instruments, apparatus for measuring or checking the flow, level, pressure of liquids, gases (e.g. flow meters, heat meters etc), not instruments and apparatus of heading no. 9014, 9015, 9028 or 9032",N/A,0.0,4930806.0
X,484,MEX,152,CHL,9026,"Instruments, apparatus for measuring or checking the flow, level, pressure of liquids, gases (e.g. flow meters, heat meters etc), not instruments and apparatus of heading no. 9014, 9015, 9028 or 9032",N/A,0.0,530895.0
X,484,MEX,156,CHN,9026,"Instruments, apparatus for measuring or checking the flow, level, pressure of liquids, gases (e.g. flow meters, heat meters etc), not instruments and apparatus of heading no. 9014, 9015, 9028 or 9032",N/A,0.0,44204305.0
X,484,MEX,170,COL,9026,"Instruments, apparatus for measuring or checking the flow, level, pressure of liquids, gases (e.g. flow meters, heat meters etc), not instruments and apparatus of heading no. 9014, 9015, 9028 or 9032",N/A,0.0,694334.0
X,484,MEX,188,CRI,9026,"Instruments, apparatus for measuring or checking the flow, level, pressure of liquids, gases (e.g. flow meters, heat meters etc), not instruments and apparatus of heading no. 9014, 9015, 9028 or 9032",N/A,0.0,854174.0
X,484,MEX,192,CUB,9026,"Instruments, apparatus for measuring or checking the flow, level, pressure of liquids, gases (e.g. flow meters, heat meters etc), not instruments and apparatus of heading no. 9014, 9015, 9028 or 9032",N/A,0.0,135471.0
X,484,MEX,203,CZE,9026,"Instruments, apparatus for measuring or checking the flow, level, pressure of liquids, gases (e.g. flow meters, heat meters etc), not instruments and apparatus of heading no. 9014, 9015, 9028 or 9032",N/A,0.0,1305681.0
X,484,MEX,214,DOM,9026,"Instruments, apparatus for measuring or checking the flow, level, pressure of liquids, gases (e.g. flow meters, heat meters etc), not instruments and apparatus of heading no. 9014, 9015, 9028 or 9032",N/A,0.0,180839.0
X,484,MEX,218,ECU,9026,"Instruments, apparatus for measuring or checking the flow, level, pressure of liquids, gases (e.g. flow meters, heat meters etc), not instruments and apparatus of heading no. 9014, 9015, 9028 or 9032",N/A,0.0,292355.0
X,484,MEX,222,SLV,9026,"Instruments, apparatus for measuring or checking the flow, level, pressure of liquids, gases (e.g. flow meters, heat meters etc), not instruments and apparatus of heading no. 9014, 9015, 9028 or 9032",N/A,0.0,349949.0
X,484,MEX,251,FRA,9026,"Instruments, apparatus for measuring or checking the flow, level, pressure of liquids, gases (e.g. flow meters, heat meters etc), not instruments and apparatus of heading no. 9014, 9015, 9028 or 9032",N/A,0.0,3894738.0
X,484,MEX,276,DEU,9026,"Instruments, apparatus for measuring or checking the flow, level, pressure of liquids, gases (e.g. flow meters, heat meters etc), not instruments and apparatus of heading no. 9014, 9015, 9028 or 9032",N/A,0.0,75123057.0
X,484,MEX,320,GTM,9026,"Instruments, apparatus for measuring or checking the flow, level, pressure of liquids, gases (e.g. flow meters, heat meters etc), not instruments and apparatus of heading no. 9014, 9015, 9028 or 9032",N/A,0.0,843851.0
X,484,MEX,328,GUY,9026,"Instruments, apparatus for measuring or checking the flow, level, pressure of liquids, gases (e.g. flow meters, heat meters etc), not instruments and apparatus of heading no. 9014, 9015, 9028 or 9032",N/A,0.0,23096.0
X,484,MEX,340,HND,9026,"Instruments, apparatus for measuring or checking the flow, level, pressure of liquids, gases (e.g. flow meters, heat meters etc), not instruments and apparatus of heading no. 9014, 9015, 9028 or 9032",N/A,0.0,244717.0
X,484,MEX,344,HKG,9026,"Instruments, apparatus for measuring or checking the flow, level, pressure of liquids, gases (e.g. flow meters, heat meters etc), not instruments and apparatus of heading no. 9014, 9015, 9028 or 9032",N/A,0.0,986.0
X,484,MEX,348,HUN,9026,"Instruments, apparatus for measuring or checking the flow, level, pressure of liquids, gases (e.g. flow meters, heat meters etc), not instruments and apparatus of heading no. 9014, 9015, 9028 or 9032",N/A,0.0,241853.0
X,484,MEX,380,ITA,9026,"Instruments, apparatus for measuring or checking the flow, level, pressure of liquids, gases (e.g. flow meters, heat meters etc), not instruments and apparatus of heading no. 9014, 9015, 9028 or 9032",N/A,0.0,646490.0
X,484,MEX,388,JAM,9026,"Instruments, apparatus for measuring or checking the flow, level, pressure of liquids, gases (e.g. flow meters, heat meters etc), not instruments and apparatus of heading no. 9014, 9015, 9028 or 9032",N/A,0.0,10015.0
X,484,MEX,392,JPN,9026,"Instruments, apparatus for measuring or checking the flow, level, pressure of liquids, gases (e.g. flow meters, heat meters etc), not instruments and apparatus of heading no. 9014, 9015, 9028 or 9032",N/A,0.0,18222355.0
X,484,MEX,410,KOR,9026,"Instruments, apparatus for measuring or checking the flow, level, pressure of liquids, gases (e.g. flow meters, heat meters etc), not instruments and apparatus of heading no. 9014, 9015, 9028 or 9032",N/A,0.0,4007248.0
X,484,MEX,458,MYS,9026,"Instruments, apparatus for measuring or checking the flow, level, pressure of liquids, gases (e.g. flow meters, heat meters etc), not instruments and apparatus of heading no. 9014, 9015, 9028 or 9032",N/A,0.0,10664.0
X,484,MEX,528,NLD,9026,"Instruments, apparatus for measuring or checking the flow, level, pressure of liquids, gases (e.g. flow meters, heat meters etc), not instruments and apparatus of heading no. 9014, 9015, 9028 or 9032",N/A,0.0,975975.0
X,484,MEX,558,NIC,9026,"Instruments, apparatus for measuring or checking the flow, level, pressure of liquids, gases (e.g. flow meters, heat meters etc), not instruments and apparatus of heading no. 9014, 9015, 9028 or 9032",N/A,0.0,159482.0
X,484,MEX,591,PAN,9026,"Instruments, apparatus for measuring or checking the flow, level, pressure of liquids, gases (e.g. flow meters, heat meters etc), not instruments and apparatus of heading no. 9014, 9015, 9028 or 9032",N/A,0.0,327910.0
X,484,MEX,600,PRY,9026,"Instruments, apparatus for measuring or checking the flow, level, pressure of liquids, gases (e.g. flow meters, heat meters etc), not instruments and apparatus of heading no. 9014, 9015, 9028 or 9032",N/A,0.0,17489.0
X,484,MEX,604,PER,9026,"Instruments, apparatus for measuring or checking the flow, level, pressure of liquids, gases (e.g. flow meters, heat meters etc), not instruments and apparatus of heading no. 9014, 9015, 9028 or 9032",N/A,0.0,667550.0
X,484,MEX,642,ROU,9026,"Instruments, apparatus for measuring or checking the flow, level, pressure of liquids, gases (e.g. flow meters, heat meters etc), not instruments and apparatus of heading no. 9014, 9015, 9028 or 9032",N/A,0.0,577691.0
X,484,MEX,699,IND,9026,"Instruments, apparatus for measuring or checking the flow, level, pressure of liquids, gases (e.g. flow meters, heat meters etc), not instruments and apparatus of heading no. 9014, 9015, 9028 or 9032",N/A,0.0,746409.0
X,484,MEX,702,SGP,9026,"Instruments, apparatus for measuring or checking the flow, level, pressure of liquids, gases (e.g. flow meters, heat meters etc), not instruments and apparatus of heading no. 9014, 9015, 9028 or 9032",N/A,0.0,922545.0
X,484,MEX,710,ZAF,9026,"Instruments, apparatus for measuring or checking the flow, level, pressure of liquids, gases (e.g. flow meters, heat meters etc), not instruments and apparatus of heading no. 9014, 9015, 9028 or 9032",N/A,0.0,1688.0
X,484,MEX,724,ESP,9026,"Instruments, apparatus for measuring or checking the flow, level, pressure of liquids, gases (e.g. flow meters, heat meters etc), not instruments and apparatus of heading no. 9014, 9015, 9028 or 9032",N/A,0.0,83793.0
X,484,MEX,764,THA,9026,"Instruments, apparatus for measuring or checking the flow, level, pressure of liquids, gases (e.g. flow meters, heat meters etc), not instruments and apparatus of heading no. 9014, 9015, 9028 or 9032",N/A,0.0,1214686.0
X,484,MEX,780,TTO,9026,"Instruments, apparatus for measuring or checking the flow, level, pressure of liquids, gases (e.g. flow meters, heat meters etc), not instruments and apparatus of heading no. 9014, 9015, 9028 or 9032",N/A,0.0,34381.0
X,484,MEX,826,GBR,9026,"Instruments, apparatus for measuring or checking the flow, level, pressure of liquids, gases (e.g. flow meters, heat meters etc), not instruments and apparatus of heading no. 9014, 9015, 9028 or 9032",N/A,0.0,34790201.0
X,484,MEX,842,USA,9026,"Instruments, apparatus for measuring or checking the flow, level, pressure of liquids, gases (e.g. flow meters, heat meters etc), not instruments and apparatus of heading no. 9014, 9015, 9028 or 9032",N/A,0.0,790488352.0
X,484,MEX,858,URY,9026,"Instruments, apparatus for measuring or checking the flow, level, pressure of liquids, gases (e.g. flow meters, heat meters etc), not instruments and apparatus of heading no. 9014, 9015, 9028 or 9032",N/A,0.0,13543.0
X,484,MEX,862,VEN,9026,"Instruments, apparatus for measuring or checking the flow, level, pressure of liquids, gases (e.g. flow meters, heat meters etc), not instruments and apparatus of heading no. 9014, 9015, 9028 or 9032",N/A,0.0,19863.0
X,484,MEX,0,W00,9027,"Instruments and apparatus; for physical or chemical analysis (e.g. polarimeters, spectrometers), for measuring or checking viscosity, porosity, etc, for measuring quantities of heat, sound or light",N/A,0.0,678919147.0
X,484,MEX,32,ARG,9027,"Instruments and apparatus; for physical or chemical analysis (e.g. polarimeters, spectrometers), for measuring or checking viscosity, porosity, etc, for measuring quantities of heat, sound or light",N/A,0.0,250079.0
X,484,MEX,76,BRA,9027,"Instruments and apparatus; for physical or chemical analysis (e.g. polarimeters, spectrometers), for measuring or checking viscosity, porosity, etc, for measuring quantities of heat, sound or light",N/A,0.0,3428820.0
X,484,MEX,124,CAN,9027,"Instruments and apparatus; for physical or chemical analysis (e.g. polarimeters, spectrometers), for measuring or checking viscosity, porosity, etc, for measuring quantities of heat, sound or light",N/A,0.0,633838.0
X,484,MEX,152,CHL,9027,"Instruments and apparatus; for physical or chemical analysis (e.g. polarimeters, spectrometers), for measuring or checking viscosity, porosity, etc, for measuring quantities of heat, sound or light",N/A,0.0,598062.0
X,484,MEX,156,CHN,9027,"Instruments and apparatus; for physical or chemical analysis (e.g. polarimeters, spectrometers), for measuring or checking viscosity, porosity, etc, for measuring quantities of heat, sound or light",N/A,0.0,344110.0
X,484,MEX,170,COL,9027,"Instruments and apparatus; for physical or chemical analysis (e.g. polarimeters, spectrometers), for measuring or checking viscosity, porosity, etc, for measuring quantities of heat, sound or light",N/A,0.0,404110.0
X,484,MEX,188,CRI,9027,"Instruments and apparatus; for physical or chemical analysis (e.g. polarimeters, spectrometers), for measuring or checking viscosity, porosity, etc, for measuring quantities of heat, sound or light",N/A,0.0,318491.0
X,484,MEX,192,CUB,9027,"Instruments and apparatus; for physical or chemical analysis (e.g. polarimeters, spectrometers), for measuring or checking viscosity, porosity, etc, for measuring quantities of heat, sound or light",N/A,0.0,24060.0
X,484,MEX,208,DNK,9027,"Instruments and apparatus; for physical or chemical analysis (e.g. polarimeters, spectrometers), for measuring or checking viscosity, porosity, etc, for measuring quantities of heat, sound or light",N/A,0.0,60928.0
X,484,MEX,214,DOM,9027,"Instruments and apparatus; for physical or chemical analysis (e.g. polarimeters, spectrometers), for measuring or checking viscosity, porosity, etc, for measuring quantities of heat, sound or light",N/A,0.0,9078.0
X,484,MEX,218,ECU,9027,"Instruments and apparatus; for physical or chemical analysis (e.g. polarimeters, spectrometers), for measuring or checking viscosity, porosity, etc, for measuring quantities of heat, sound or light",N/A,0.0,306697.0
X,484,MEX,222,SLV,9027,"Instruments and apparatus; for physical or chemical analysis (e.g. polarimeters, spectrometers), for measuring or checking viscosity, porosity, etc, for measuring quantities of heat, sound or light",N/A,0.0,246200.0
X,484,MEX,276,DEU,9027,"Instruments and apparatus; for physical or chemical analysis (e.g. polarimeters, spectrometers), for measuring or checking viscosity, porosity, etc, for measuring quantities of heat, sound or light",N/A,0.0,3882512.0
X,484,MEX,320,GTM,9027,"Instruments and apparatus; for physical or chemical analysis (e.g. polarimeters, spectrometers), for measuring or checking viscosity, porosity, etc, for measuring quantities of heat, sound or light",N/A,0.0,1102996.0
X,484,MEX,340,HND,9027,"Instruments and apparatus; for physical or chemical analysis (e.g. polarimeters, spectrometers), for measuring or checking viscosity, porosity, etc, for measuring quantities of heat, sound or light",N/A,0.0,248299.0
X,484,MEX,344,HKG,9027,"Instruments and apparatus; for physical or chemical analysis (e.g. polarimeters, spectrometers), for measuring or checking viscosity, porosity, etc, for measuring quantities of heat, sound or light",N/A,0.0,146249.0
X,484,MEX,372,IRL,9027,"Instruments and apparatus; for physical or chemical analysis (e.g. polarimeters, spectrometers), for measuring or checking viscosity, porosity, etc, for measuring quantities of heat, sound or light",N/A,0.0,201842.0
X,484,MEX,392,JPN,9027,"Instruments and apparatus; for physical or chemical analysis (e.g. polarimeters, spectrometers), for measuring or checking viscosity, porosity, etc, for measuring quantities of heat, sound or light",N/A,0.0,1454439.0
X,484,MEX,558,NIC,9027,"Instruments and apparatus; for physical or chemical analysis (e.g. polarimeters, spectrometers), for measuring or checking viscosity, porosity, etc, for measuring quantities of heat, sound or light",N/A,0.0,69587.0
X,484,MEX,591,PAN,9027,"Instruments and apparatus; for physical or chemical analysis (e.g. polarimeters, spectrometers), for measuring or checking viscosity, porosity, etc, for measuring quantities of heat, sound or light",N/A,0.0,448527.0
X,484,MEX,600,PRY,9027,"Instruments and apparatus; for physical or chemical analysis (e.g. polarimeters, spectrometers), for measuring or checking viscosity, porosity, etc, for measuring quantities of heat, sound or light",N/A,0.0,2623.0
X,484,MEX,604,PER,9027,"Instruments and apparatus; for physical or chemical analysis (e.g. polarimeters, spectrometers), for measuring or checking viscosity, porosity, etc, for measuring quantities of heat, sound or light",N/A,0.0,847661.0
X,484,MEX,702,SGP,9027,"Instruments and apparatus; for physical or chemical analysis (e.g. polarimeters, spectrometers), for measuring or checking viscosity, porosity, etc, for measuring quantities of heat, sound or light",N/A,0.0,8664227.0
X,484,MEX,780,TTO,9027,"Instruments and apparatus; for physical or chemical analysis (e.g. polarimeters, spectrometers), for measuring or checking viscosity, porosity, etc, for measuring quantities of heat, sound or light",N/A,0.0,24111.0
X,484,MEX,826,GBR,9027,"Instruments and apparatus; for physical or chemical analysis (e.g. polarimeters, spectrometers), for measuring or checking viscosity, porosity, etc, for measuring quantities of heat, sound or light",N/A,0.0,474937.0
X,484,MEX,842,USA,9027,"Instruments and apparatus; for physical or chemical analysis (e.g. polarimeters, spectrometers), for measuring or checking viscosity, porosity, etc, for measuring quantities of heat, sound or light",N/A,0.0,654726664.0
X,484,MEX,0,W00,9028,"Gas, liquid or electricity supply or production meters, including calibrating meters therefor",N/A,0.0,918606088.0
X,484,MEX,124,CAN,9028,"Gas, liquid or electricity supply or production meters, including calibrating meters therefor",N/A,0.0,7274317.0
X,484,MEX,188,CRI,9028,"Gas, liquid or electricity supply or production meters, including calibrating meters therefor",N/A,0.0,1060970.0
X,484,MEX,214,DOM,9028,"Gas, liquid or electricity supply or production meters, including calibrating meters therefor",N/A,0.0,368831.0
X,484,MEX,320,GTM,9028,"Gas, liquid or electricity supply or production meters, including calibrating meters therefor",N/A,0.0,198669.0
X,484,MEX,340,HND,9028,"Gas, liquid or electricity supply or production meters, including calibrating meters therefor",N/A,0.0,21921.0
X,484,MEX,704,VNM,9028,"Gas, liquid or electricity supply or production meters, including calibrating meters therefor",N/A,0.0,255965.0
X,484,MEX,842,USA,9028,"Gas, liquid or electricity supply or production meters, including calibrating meters therefor",N/A,0.0,909425415.0
X,484,MEX,0,W00,9029,"Revolution counter, production counters, taximeters, mileometers, pedometers and the like, speed indicators and tachometers, other than those of heading no. 9015, stroboscopes",N/A,0.0,908801137.0
X,484,MEX,32,ARG,9029,"Revolution counter, production counters, taximeters, mileometers, pedometers and the like, speed indicators and tachometers, other than those of heading no. 9015, stroboscopes",N/A,0.0,6942283.0
X,484,MEX,56,BEL,9029,"Revolution counter, production counters, taximeters, mileometers, pedometers and the like, speed indicators and tachometers, other than those of heading no. 9015, stroboscopes",N/A,0.0,4598.0
X,484,MEX,68,BOL,9029,"Revolution counter, production counters, taximeters, mileometers, pedometers and the like, speed indicators and tachometers, other than those of heading no. 9015, stroboscopes",N/A,0.0,534.0
X,484,MEX,76,BRA,9029,"Revolution counter, production counters, taximeters, mileometers, pedometers and the like, speed indicators and tachometers, other than those of heading no. 9015, stroboscopes",N/A,0.0,6476577.0
X,484,MEX,124,CAN,9029,"Revolution counter, production counters, taximeters, mileometers, pedometers and the like, speed indicators and tachometers, other than those of heading no. 9015, stroboscopes",N/A,0.0,38032567.0
X,484,MEX,152,CHL,9029,"Revolution counter, production counters, taximeters, mileometers, pedometers and the like, speed indicators and tachometers, other than those of heading no. 9015, stroboscopes",N/A,0.0,10355.0
X,484,MEX,156,CHN,9029,"Revolution counter, production counters, taximeters, mileometers, pedometers and the like, speed indicators and tachometers, other than those of heading no. 9015, stroboscopes",N/A,0.0,1208531.0
X,484,MEX,170,COL,9029,"Revolution counter, production counters, taximeters, mileometers, pedometers and the like, speed indicators and tachometers, other than those of heading no. 9015, stroboscopes",N/A,0.0,76863.0
X,484,MEX,188,CRI,9029,"Revolution counter, production counters, taximeters, mileometers, pedometers and the like, speed indicators and tachometers, other than those of heading no. 9015, stroboscopes",N/A,0.0,36415.0
X,484,MEX,192,CUB,9029,"Revolution counter, production counters, taximeters, mileometers, pedometers and the like, speed indicators and tachometers, other than those of heading no. 9015, stroboscopes",N/A,0.0,1422.0
X,484,MEX,214,DOM,9029,"Revolution counter, production counters, taximeters, mileometers, pedometers and the like, speed indicators and tachometers, other than those of heading no. 9015, stroboscopes",N/A,0.0,11872.0
X,484,MEX,218,ECU,9029,"Revolution counter, production counters, taximeters, mileometers, pedometers and the like, speed indicators and tachometers, other than those of heading no. 9015, stroboscopes",N/A,0.0,16823.0
X,484,MEX,222,SLV,9029,"Revolution counter, production counters, taximeters, mileometers, pedometers and the like, speed indicators and tachometers, other than those of heading no. 9015, stroboscopes",N/A,0.0,11894.0
X,484,MEX,276,DEU,9029,"Revolution counter, production counters, taximeters, mileometers, pedometers and the like, speed indicators and tachometers, other than those of heading no. 9015, stroboscopes",N/A,0.0,5119868.0
X,484,MEX,320,GTM,9029,"Revolution counter, production counters, taximeters, mileometers, pedometers and the like, speed indicators and tachometers, other than those of heading no. 9015, stroboscopes",N/A,0.0,42933.0
X,484,MEX,340,HND,9029,"Revolution counter, production counters, taximeters, mileometers, pedometers and the like, speed indicators and tachometers, other than those of heading no. 9015, stroboscopes",N/A,0.0,14725.0
X,484,MEX,380,ITA,9029,"Revolution counter, production counters, taximeters, mileometers, pedometers and the like, speed indicators and tachometers, other than those of heading no. 9015, stroboscopes",N/A,0.0,269723.0
X,484,MEX,392,JPN,9029,"Revolution counter, production counters, taximeters, mileometers, pedometers and the like, speed indicators and tachometers, other than those of heading no. 9015, stroboscopes",N/A,0.0,2173808.0
X,484,MEX,410,KOR,9029,"Revolution counter, production counters, taximeters, mileometers, pedometers and the like, speed indicators and tachometers, other than those of heading no. 9015, stroboscopes",N/A,0.0,173727.0
X,484,MEX,458,MYS,9029,"Revolution counter, production counters, taximeters, mileometers, pedometers and the like, speed indicators and tachometers, other than those of heading no. 9015, stroboscopes",N/A,0.0,60966.0
X,484,MEX,528,NLD,9029,"Revolution counter, production counters, taximeters, mileometers, pedometers and the like, speed indicators and tachometers, other than those of heading no. 9015, stroboscopes",N/A,0.0,3709.0
X,484,MEX,558,NIC,9029,"Revolution counter, production counters, taximeters, mileometers, pedometers and the like, speed indicators and tachometers, other than those of heading no. 9015, stroboscopes",N/A,0.0,997645.0
X,484,MEX,591,PAN,9029,"Revolution counter, production counters, taximeters, mileometers, pedometers and the like, speed indicators and tachometers, other than those of heading no. 9015, stroboscopes",N/A,0.0,5232.0
X,484,MEX,600,PRY,9029,"Revolution counter, production counters, taximeters, mileometers, pedometers and the like, speed indicators and tachometers, other than those of heading no. 9015, stroboscopes",N/A,0.0,2909.0
X,484,MEX,604,PER,9029,"Revolution counter, production counters, taximeters, mileometers, pedometers and the like, speed indicators and tachometers, other than those of heading no. 9015, stroboscopes",N/A,0.0,21092.0
X,484,MEX,724,ESP,9029,"Revolution counter, production counters, taximeters, mileometers, pedometers and the like, speed indicators and tachometers, other than those of heading no. 9015, stroboscopes",N/A,0.0,347324.0
X,484,MEX,826,GBR,9029,"Revolution counter, production counters, taximeters, mileometers, pedometers and the like, speed indicators and tachometers, other than those of heading no. 9015, stroboscopes",N/A,0.0,901432.0
X,484,MEX,842,USA,9029,"Revolution counter, production counters, taximeters, mileometers, pedometers and the like, speed indicators and tachometers, other than those of heading no. 9015, stroboscopes",N/A,0.0,845835310.0
X,484,MEX,0,W00,9030,"Instruments, apparatus for measuring, checking electrical quantities not meters of heading no. 9028; instruments, apparatus for measuring or detecting alpha, beta, gamma, x-ray, cosmic and other radiations",N/A,0.0,271461175.0
X,484,MEX,32,ARG,9030,"Instruments, apparatus for measuring, checking electrical quantities not meters of heading no. 9028; instruments, apparatus for measuring or detecting alpha, beta, gamma, x-ray, cosmic and other radiations",N/A,0.0,121730.0
X,484,MEX,68,BOL,9030,"Instruments, apparatus for measuring, checking electrical quantities not meters of heading no. 9028; instruments, apparatus for measuring or detecting alpha, beta, gamma, x-ray, cosmic and other radiations",N/A,0.0,5948.0
X,484,MEX,76,BRA,9030,"Instruments, apparatus for measuring, checking electrical quantities not meters of heading no. 9028; instruments, apparatus for measuring or detecting alpha, beta, gamma, x-ray, cosmic and other radiations",N/A,0.0,1226987.0
X,484,MEX,124,CAN,9030,"Instruments, apparatus for measuring, checking electrical quantities not meters of heading no. 9028; instruments, apparatus for measuring or detecting alpha, beta, gamma, x-ray, cosmic and other radiations",N/A,0.0,6577236.0
X,484,MEX,152,CHL,9030,"Instruments, apparatus for measuring, checking electrical quantities not meters of heading no. 9028; instruments, apparatus for measuring or detecting alpha, beta, gamma, x-ray, cosmic and other radiations",N/A,0.0,233083.0
X,484,MEX,156,CHN,9030,"Instruments, apparatus for measuring, checking electrical quantities not meters of heading no. 9028; instruments, apparatus for measuring or detecting alpha, beta, gamma, x-ray, cosmic and other radiations",N/A,0.0,16494634.0
X,484,MEX,170,COL,9030,"Instruments, apparatus for measuring, checking electrical quantities not meters of heading no. 9028; instruments, apparatus for measuring or detecting alpha, beta, gamma, x-ray, cosmic and other radiations",N/A,0.0,691590.0
X,484,MEX,188,CRI,9030,"Instruments, apparatus for measuring, checking electrical quantities not meters of heading no. 9028; instruments, apparatus for measuring or detecting alpha, beta, gamma, x-ray, cosmic and other radiations",N/A,0.0,177326.0
X,484,MEX,192,CUB,9030,"Instruments, apparatus for measuring, checking electrical quantities not meters of heading no. 9028; instruments, apparatus for measuring or detecting alpha, beta, gamma, x-ray, cosmic and other radiations",N/A,0.0,761652.0
X,484,MEX,214,DOM,9030,"Instruments, apparatus for measuring, checking electrical quantities not meters of heading no. 9028; instruments, apparatus for measuring or detecting alpha, beta, gamma, x-ray, cosmic and other radiations",N/A,0.0,57843.0
X,484,MEX,218,ECU,9030,"Instruments, apparatus for measuring, checking electrical quantities not meters of heading no. 9028; instruments, apparatus for measuring or detecting alpha, beta, gamma, x-ray, cosmic and other radiations",N/A,0.0,161874.0
X,484,MEX,222,SLV,9030,"Instruments, apparatus for measuring, checking electrical quantities not meters of heading no. 9028; instruments, apparatus for measuring or detecting alpha, beta, gamma, x-ray, cosmic and other radiations",N/A,0.0,621067.0
X,484,MEX,246,FIN,9030,"Instruments, apparatus for measuring, checking electrical quantities not meters of heading no. 9028; instruments, apparatus for measuring or detecting alpha, beta, gamma, x-ray, cosmic and other radiations",N/A,0.0,126507.0
X,484,MEX,251,FRA,9030,"Instruments, apparatus for measuring, checking electrical quantities not meters of heading no. 9028; instruments, apparatus for measuring or detecting alpha, beta, gamma, x-ray, cosmic and other radiations",N/A,0.0,813360.0
X,484,MEX,276,DEU,9030,"Instruments, apparatus for measuring, checking electrical quantities not meters of heading no. 9028; instruments, apparatus for measuring or detecting alpha, beta, gamma, x-ray, cosmic and other radiations",N/A,0.0,3801427.0
X,484,MEX,320,GTM,9030,"Instruments, apparatus for measuring, checking electrical quantities not meters of heading no. 9028; instruments, apparatus for measuring or detecting alpha, beta, gamma, x-ray, cosmic and other radiations",N/A,0.0,237629.0
X,484,MEX,340,HND,9030,"Instruments, apparatus for measuring, checking electrical quantities not meters of heading no. 9028; instruments, apparatus for measuring or detecting alpha, beta, gamma, x-ray, cosmic and other radiations",N/A,0.0,148932.0
X,484,MEX,344,HKG,9030,"Instruments, apparatus for measuring, checking electrical quantities not meters of heading no. 9028; instruments, apparatus for measuring or detecting alpha, beta, gamma, x-ray, cosmic and other radiations",N/A,0.0,1130555.0
X,484,MEX,376,ISR,9030,"Instruments, apparatus for measuring, checking electrical quantities not meters of heading no. 9028; instruments, apparatus for measuring or detecting alpha, beta, gamma, x-ray, cosmic and other radiations",N/A,0.0,10313.0
X,484,MEX,380,ITA,9030,"Instruments, apparatus for measuring, checking electrical quantities not meters of heading no. 9028; instruments, apparatus for measuring or detecting alpha, beta, gamma, x-ray, cosmic and other radiations",N/A,0.0,285818.0
X,484,MEX,392,JPN,9030,"Instruments, apparatus for measuring, checking electrical quantities not meters of heading no. 9028; instruments, apparatus for measuring or detecting alpha, beta, gamma, x-ray, cosmic and other radiations",N/A,0.0,1739103.0
X,484,MEX,410,KOR,9030,"Instruments, apparatus for measuring, checking electrical quantities not meters of heading no. 9028; instruments, apparatus for measuring or detecting alpha, beta, gamma, x-ray, cosmic and other radiations",N/A,0.0,17289.0
X,484,MEX,458,MYS,9030,"Instruments, apparatus for measuring, checking electrical quantities not meters of heading no. 9028; instruments, apparatus for measuring or detecting alpha, beta, gamma, x-ray, cosmic and other radiations",N/A,0.0,628426.0
X,484,MEX,490,S19,9030,"Instruments, apparatus for measuring, checking electrical quantities not meters of heading no. 9028; instruments, apparatus for measuring or detecting alpha, beta, gamma, x-ray, cosmic and other radiations",N/A,0.0,207572.0
X,484,MEX,528,NLD,9030,"Instruments, apparatus for measuring, checking electrical quantities not meters of heading no. 9028; instruments, apparatus for measuring or detecting alpha, beta, gamma, x-ray, cosmic and other radiations",N/A,0.0,68199.0
X,484,MEX,554,NZL,9030,"Instruments, apparatus for measuring, checking electrical quantities not meters of heading no. 9028; instruments, apparatus for measuring or detecting alpha, beta, gamma, x-ray, cosmic and other radiations",N/A,0.0,1235404.0
X,484,MEX,558,NIC,9030,"Instruments, apparatus for measuring, checking electrical quantities not meters of heading no. 9028; instruments, apparatus for measuring or detecting alpha, beta, gamma, x-ray, cosmic and other radiations",N/A,0.0,3090994.0
X,484,MEX,591,PAN,9030,"Instruments, apparatus for measuring, checking electrical quantities not meters of heading no. 9028; instruments, apparatus for measuring or detecting alpha, beta, gamma, x-ray, cosmic and other radiations",N/A,0.0,110081.0
X,484,MEX,604,PER,9030,"Instruments, apparatus for measuring, checking electrical quantities not meters of heading no. 9028; instruments, apparatus for measuring or detecting alpha, beta, gamma, x-ray, cosmic and other radiations",N/A,0.0,263589.0
X,484,MEX,608,PHL,9030,"Instruments, apparatus for measuring, checking electrical quantities not meters of heading no. 9028; instruments, apparatus for measuring or detecting alpha, beta, gamma, x-ray, cosmic and other radiations",N/A,0.0,571505.0
X,484,MEX,642,ROU,9030,"Instruments, apparatus for measuring, checking electrical quantities not meters of heading no. 9028; instruments, apparatus for measuring or detecting alpha, beta, gamma, x-ray, cosmic and other radiations",N/A,0.0,32994.0
X,484,MEX,699,IND,9030,"Instruments, apparatus for measuring, checking electrical quantities not meters of heading no. 9028; instruments, apparatus for measuring or detecting alpha, beta, gamma, x-ray, cosmic and other radiations",N/A,0.0,24272.0
X,484,MEX,702,SGP,9030,"Instruments, apparatus for measuring, checking electrical quantities not meters of heading no. 9028; instruments, apparatus for measuring or detecting alpha, beta, gamma, x-ray, cosmic and other radiations",N/A,0.0,2062709.0
X,484,MEX,724,ESP,9030,"Instruments, apparatus for measuring, checking electrical quantities not meters of heading no. 9028; instruments, apparatus for measuring or detecting alpha, beta, gamma, x-ray, cosmic and other radiations",N/A,0.0,64946.0
X,484,MEX,752,SWE,9030,"Instruments, apparatus for measuring, checking electrical quantities not meters of heading no. 9028; instruments, apparatus for measuring or detecting alpha, beta, gamma, x-ray, cosmic and other radiations",N/A,0.0,42065.0
X,484,MEX,764,THA,9030,"Instruments, apparatus for measuring, checking electrical quantities not meters of heading no. 9028; instruments, apparatus for measuring or detecting alpha, beta, gamma, x-ray, cosmic and other radiations",N/A,0.0,217759.0
X,484,MEX,780,TTO,9030,"Instruments, apparatus for measuring, checking electrical quantities not meters of heading no. 9028; instruments, apparatus for measuring or detecting alpha, beta, gamma, x-ray, cosmic and other radiations",N/A,0.0,1350.0
X,484,MEX,826,GBR,9030,"Instruments, apparatus for measuring, checking electrical quantities not meters of heading no. 9028; instruments, apparatus for measuring or detecting alpha, beta, gamma, x-ray, cosmic and other radiations",N/A,0.0,381500.0
X,484,MEX,842,USA,9030,"Instruments, apparatus for measuring, checking electrical quantities not meters of heading no. 9028; instruments, apparatus for measuring or detecting alpha, beta, gamma, x-ray, cosmic and other radiations",N/A,0.0,227013946.0
X,484,MEX,858,URY,9030,"Instruments, apparatus for measuring, checking electrical quantities not meters of heading no. 9028; instruments, apparatus for measuring or detecting alpha, beta, gamma, x-ray, cosmic and other radiations",N/A,0.0,1961.0
X,484,MEX,0,W00,9031,"Measuring or checking instruments, appliances and machines, n.e.c. or included in this chapter; profile projectors",N/A,0.0,529233194.0
X,484,MEX,32,ARG,9031,"Measuring or checking instruments, appliances and machines, n.e.c. or included in this chapter; profile projectors",N/A,0.0,528470.0
X,484,MEX,36,AUS,9031,"Measuring or checking instruments, appliances and machines, n.e.c. or included in this chapter; profile projectors",N/A,0.0,1290622.0
X,484,MEX,40,AUT,9031,"Measuring or checking instruments, appliances and machines, n.e.c. or included in this chapter; profile projectors",N/A,0.0,32131.0
X,484,MEX,52,BRB,9031,"Measuring or checking instruments, appliances and machines, n.e.c. or included in this chapter; profile projectors",N/A,0.0,3496.0
X,484,MEX,68,BOL,9031,"Measuring or checking instruments, appliances and machines, n.e.c. or included in this chapter; profile projectors",N/A,0.0,57488.0
X,484,MEX,76,BRA,9031,"Measuring or checking instruments, appliances and machines, n.e.c. or included in this chapter; profile projectors",N/A,0.0,3403544.0
X,484,MEX,84,BLZ,9031,"Measuring or checking instruments, appliances and machines, n.e.c. or included in this chapter; profile projectors",N/A,0.0,19285.0
X,484,MEX,124,CAN,9031,"Measuring or checking instruments, appliances and machines, n.e.c. or included in this chapter; profile projectors",N/A,0.0,8840055.0
X,484,MEX,152,CHL,9031,"Measuring or checking instruments, appliances and machines, n.e.c. or included in this chapter; profile projectors",N/A,0.0,759210.0
X,484,MEX,156,CHN,9031,"Measuring or checking instruments, appliances and machines, n.e.c. or included in this chapter; profile projectors",N/A,0.0,12828749.0
X,484,MEX,170,COL,9031,"Measuring or checking instruments, appliances and machines, n.e.c. or included in this chapter; profile projectors",N/A,0.0,867432.0
X,484,MEX,188,CRI,9031,"Measuring or checking instruments, appliances and machines, n.e.c. or included in this chapter; profile projectors",N/A,0.0,871800.0
X,484,MEX,192,CUB,9031,"Measuring or checking instruments, appliances and machines, n.e.c. or included in this chapter; profile projectors",N/A,0.0,87314.0
X,484,MEX,203,CZE,9031,"Measuring or checking instruments, appliances and machines, n.e.c. or included in this chapter; profile projectors",u,12193.0,84128.0
X,484,MEX,214,DOM,9031,"Measuring or checking instruments, appliances and machines, n.e.c. or included in this chapter; profile projectors",N/A,0.0,540377.0
X,484,MEX,218,ECU,9031,"Measuring or checking instruments, appliances and machines, n.e.c. or included in this chapter; profile projectors",N/A,0.0,245291.0
X,484,MEX,222,SLV,9031,"Measuring or checking instruments, appliances and machines, n.e.c. or included in this chapter; profile projectors",N/A,0.0,468633.0
X,484,MEX,251,FRA,9031,"Measuring or checking instruments, appliances and machines, n.e.c. or included in this chapter; profile projectors",N/A,0.0,417722.0
X,484,MEX,276,DEU,9031,"Measuring or checking instruments, appliances and machines, n.e.c. or included in this chapter; profile projectors",N/A,0.0,5953893.0
X,484,MEX,320,GTM,9031,"Measuring or checking instruments, appliances and machines, n.e.c. or included in this chapter; profile projectors",N/A,0.0,767481.0
X,484,MEX,340,HND,9031,"Measuring or checking instruments, appliances and machines, n.e.c. or included in this chapter; profile projectors",N/A,0.0,750677.0
X,484,MEX,344,HKG,9031,"Measuring or checking instruments, appliances and machines, n.e.c. or included in this chapter; profile projectors",N/A,0.0,997231.0
X,484,MEX,348,HUN,9031,"Measuring or checking instruments, appliances and machines, n.e.c. or included in this chapter; profile projectors",N/A,0.0,1040704.0
X,484,MEX,380,ITA,9031,"Measuring or checking instruments, appliances and machines, n.e.c. or included in this chapter; profile projectors",N/A,0.0,482560.0
X,484,MEX,388,JAM,9031,"Measuring or checking instruments, appliances and machines, n.e.c. or included in this chapter; profile projectors",N/A,0.0,14004.0
X,484,MEX,392,JPN,9031,"Measuring or checking instruments, appliances and machines, n.e.c. or included in this chapter; profile projectors",N/A,0.0,7680087.0
X,484,MEX,410,KOR,9031,"Measuring or checking instruments, appliances and machines, n.e.c. or included in this chapter; profile projectors",N/A,0.0,1460378.0
X,484,MEX,458,MYS,9031,"Measuring or checking instruments, appliances and machines, n.e.c. or included in this chapter; profile projectors",N/A,0.0,288755.0
X,484,MEX,490,S19,9031,"Measuring or checking instruments, appliances and machines, n.e.c. or included in this chapter; profile projectors",N/A,0.0,362005.0
X,484,MEX,528,NLD,9031,"Measuring or checking instruments, appliances and machines, n.e.c. or included in this chapter; profile projectors",N/A,0.0,1273734.0
X,484,MEX,558,NIC,9031,"Measuring or checking instruments, appliances and machines, n.e.c. or included in this chapter; profile projectors",N/A,0.0,553664.0
X,484,MEX,591,PAN,9031,"Measuring or checking instruments, appliances and machines, n.e.c. or included in this chapter; profile projectors",N/A,0.0,235084.0
X,484,MEX,604,PER,9031,"Measuring or checking instruments, appliances and machines, n.e.c. or included in this chapter; profile projectors",N/A,0.0,692710.0
X,484,MEX,616,POL,9031,"Measuring or checking instruments, appliances and machines, n.e.c. or included in this chapter; profile projectors",N/A,0.0,81752.0
X,484,MEX,642,ROU,9031,"Measuring or checking instruments, appliances and machines, n.e.c. or included in this chapter; profile projectors",N/A,0.0,321364.0
X,484,MEX,699,IND,9031,"Measuring or checking instruments, appliances and machines, n.e.c. or included in this chapter; profile projectors",N/A,0.0,480014.0
X,484,MEX,702,SGP,9031,"Measuring or checking instruments, appliances and machines, n.e.c. or included in this chapter; profile projectors",N/A,0.0,156467.0
X,484,MEX,704,VNM,9031,"Measuring or checking instruments, appliances and machines, n.e.c. or included in this chapter; profile projectors",N/A,0.0,28814.0
X,484,MEX,724,ESP,9031,"Measuring or checking instruments, appliances and machines, n.e.c. or included in this chapter; profile projectors",N/A,0.0,369132.0
X,484,MEX,752,SWE,9031,"Measuring or checking instruments, appliances and machines, n.e.c. or included in this chapter; profile projectors",N/A,0.0,472093.0
X,484,MEX,757,CHE,9031,"Measuring or checking instruments, appliances and machines, n.e.c. or included in this chapter; profile projectors",N/A,0.0,669439.0
X,484,MEX,764,THA,9031,"Measuring or checking instruments, appliances and machines, n.e.c. or included in this chapter; profile projectors",N/A,0.0,109936.0
X,484,MEX,780,TTO,9031,"Measuring or checking instruments, appliances and machines, n.e.c. or included in this chapter; profile projectors",N/A,0.0,23628.0
X,484,MEX,826,GBR,9031,"Measuring or checking instruments, appliances and machines, n.e.c. or included in this chapter; profile projectors",N/A,0.0,28883451.0
X,484,MEX,842,USA,9031,"Measuring or checking instruments, appliances and machines, n.e.c. or included in this chapter; profile projectors",N/A,0.0,443711619.0
X,484,MEX,858,URY,9031,"Measuring or checking instruments, appliances and machines, n.e.c. or included in this chapter; profile projectors",u,470.0,26771.0
X,484,MEX,0,W00,9032,Regulating or controlling instruments and apparatus; automatic type,N/A,0.0,2064329556.0
X,484,MEX,32,ARG,9032,Regulating or controlling instruments and apparatus; automatic type,N/A,0.0,5027039.0
X,484,MEX,36,AUS,9032,Regulating or controlling instruments and apparatus; automatic type,N/A,0.0,1878436.0
X,484,MEX,40,AUT,9032,Regulating or controlling instruments and apparatus; automatic type,N/A,0.0,310201.0
X,484,MEX,52,BRB,9032,Regulating or controlling instruments and apparatus; automatic type,N/A,0.0,631.0
X,484,MEX,56,BEL,9032,Regulating or controlling instruments and apparatus; automatic type,N/A,0.0,215292.0
X,484,MEX,76,BRA,9032,Regulating or controlling instruments and apparatus; automatic type,N/A,0.0,40421061.0
X,484,MEX,84,BLZ,9032,Regulating or controlling instruments and apparatus; automatic type,N/A,0.0,1720.0
X,484,MEX,124,CAN,9032,Regulating or controlling instruments and apparatus; automatic type,N/A,0.0,13386291.0
X,484,MEX,152,CHL,9032,Regulating or controlling instruments and apparatus; automatic type,N/A,0.0,119265.0
X,484,MEX,156,CHN,9032,Regulating or controlling instruments and apparatus; automatic type,N/A,0.0,16800455.0
X,484,MEX,170,COL,9032,Regulating or controlling instruments and apparatus; automatic type,N/A,0.0,1256696.0
X,484,MEX,188,CRI,9032,Regulating or controlling instruments and apparatus; automatic type,N/A,0.0,422552.0
X,484,MEX,192,CUB,9032,Regulating or controlling instruments and apparatus; automatic type,N/A,0.0,57746.0
X,484,MEX,203,CZE,9032,Regulating or controlling instruments and apparatus; automatic type,N/A,0.0,881672.0
X,484,MEX,208,DNK,9032,Regulating or controlling instruments and apparatus; automatic type,N/A,0.0,3872.0
X,484,MEX,214,DOM,9032,Regulating or controlling instruments and apparatus; automatic type,N/A,0.0,302517.0
X,484,MEX,218,ECU,9032,Regulating or controlling instruments and apparatus; automatic type,N/A,0.0,233260.0
X,484,MEX,222,SLV,9032,Regulating or controlling instruments and apparatus; automatic type,N/A,0.0,201129.0
X,484,MEX,251,FRA,9032,Regulating or controlling instruments and apparatus; automatic type,N/A,0.0,3008028.0
X,484,MEX,276,DEU,9032,Regulating or controlling instruments and apparatus; automatic type,N/A,0.0,7563763.0
X,484,MEX,320,GTM,9032,Regulating or controlling instruments and apparatus; automatic type,N/A,0.0,706757.0
X,484,MEX,340,HND,9032,Regulating or controlling instruments and apparatus; automatic type,N/A,0.0,128755.0
X,484,MEX,344,HKG,9032,Regulating or controlling instruments and apparatus; automatic type,N/A,0.0,208299.0
X,484,MEX,348,HUN,9032,Regulating or controlling instruments and apparatus; automatic type,N/A,0.0,1032.0
X,484,MEX,380,ITA,9032,Regulating or controlling instruments and apparatus; automatic type,N/A,0.0,7671041.0
X,484,MEX,388,JAM,9032,Regulating or controlling instruments and apparatus; automatic type,N/A,0.0,11368.0
X,484,MEX,392,JPN,9032,Regulating or controlling instruments and apparatus; automatic type,N/A,0.0,11494283.0
X,484,MEX,410,KOR,9032,Regulating or controlling instruments and apparatus; automatic type,N/A,0.0,12444910.0
X,484,MEX,458,MYS,9032,Regulating or controlling instruments and apparatus; automatic type,N/A,0.0,597620.0
X,484,MEX,490,S19,9032,Regulating or controlling instruments and apparatus; automatic type,N/A,0.0,1153449.0
X,484,MEX,528,NLD,9032,Regulating or controlling instruments and apparatus; automatic type,N/A,0.0,6324605.0
X,484,MEX,533,ABW,9032,Regulating or controlling instruments and apparatus; automatic type,N/A,0.0,20100.0
X,484,MEX,558,NIC,9032,Regulating or controlling instruments and apparatus; automatic type,N/A,0.0,98479.0
X,484,MEX,591,PAN,9032,Regulating or controlling instruments and apparatus; automatic type,N/A,0.0,264646.0
X,484,MEX,600,PRY,9032,Regulating or controlling instruments and apparatus; automatic type,N/A,0.0,5746.0
X,484,MEX,604,PER,9032,Regulating or controlling instruments and apparatus; automatic type,N/A,0.0,544255.0
X,484,MEX,616,POL,9032,Regulating or controlling instruments and apparatus; automatic type,N/A,0.0,1469407.0
X,484,MEX,642,ROU,9032,Regulating or controlling instruments and apparatus; automatic type,u,104.0,5152.0
X,484,MEX,699,IND,9032,Regulating or controlling instruments and apparatus; automatic type,N/A,0.0,306715.0
X,484,MEX,702,SGP,9032,Regulating or controlling instruments and apparatus; automatic type,N/A,0.0,142700.0
X,484,MEX,724,ESP,9032,Regulating or controlling instruments and apparatus; automatic type,N/A,0.0,449354.0
X,484,MEX,752,SWE,9032,Regulating or controlling instruments and apparatus; automatic type,N/A,0.0,11768.0
X,484,MEX,764,THA,9032,Regulating or controlling instruments and apparatus; automatic type,N/A,0.0,532852.0
X,484,MEX,780,TTO,9032,Regulating or controlling instruments and apparatus; automatic type,N/A,0.0,1323.0
X,484,MEX,792,TUR,9032,Regulating or controlling instruments and apparatus; automatic type,N/A,0.0,165230.0
X,484,MEX,826,GBR,9032,Regulating or controlling instruments and apparatus; automatic type,N/A,0.0,3324915.0
X,484,MEX,842,USA,9032,Regulating or controlling instruments and apparatus; automatic type,N/A,0.0,1924119082.0
X,484,MEX,862,VEN,9032,Regulating or controlling instruments and apparatus; automatic type,N/A,0.0,34087.0
X,484,MEX,0,W00,9033,"Machines and appliances, instruments or apparatus of chapter 90; parts and accessories n.e.c. in chapter 90",kg,413865.178,29575162.0
X,484,MEX,170,COL,9033,"Machines and appliances, instruments or apparatus of chapter 90; parts and accessories n.e.c. in chapter 90",kg,1168.178,16837.0
X,484,MEX,188,CRI,9033,"Machines and appliances, instruments or apparatus of chapter 90; parts and accessories n.e.c. in chapter 90",kg,9778.0,556805.0
X,484,MEX,842,USA,9033,"Machines and appliances, instruments or apparatus of chapter 90; parts and accessories n.e.c. in chapter 90",kg,402919.0,29001520.0
X,484,MEX,0,W00,9101,"Wrist-watches, pocket-watches, stop-watches and other watches; with case of precious metal or of metal clad with precious metal",N/A,0.0,10144234.0
X,484,MEX,757,CHE,9101,"Wrist-watches, pocket-watches, stop-watches and other watches; with case of precious metal or of metal clad with precious metal",N/A,0.0,4002687.0
X,484,MEX,842,USA,9101,"Wrist-watches, pocket-watches, stop-watches and other watches; with case of precious metal or of metal clad with precious metal",N/A,0.0,6141547.0
X,484,MEX,0,W00,9102,"Wrist-watches, pocket-watches, stop-watches and other watches, other than those of heading no. 9101",N/A,0.0,7832720.0
X,484,MEX,192,CUB,9102,"Wrist-watches, pocket-watches, stop-watches and other watches, other than those of heading no. 9101",N/A,0.0,6583.0
X,484,MEX,222,SLV,9102,"Wrist-watches, pocket-watches, stop-watches and other watches, other than those of heading no. 9101",N/A,0.0,15100.0
X,484,MEX,320,GTM,9102,"Wrist-watches, pocket-watches, stop-watches and other watches, other than those of heading no. 9101",N/A,0.0,67635.0
X,484,MEX,757,CHE,9102,"Wrist-watches, pocket-watches, stop-watches and other watches, other than those of heading no. 9101",N/A,0.0,3503416.0
X,484,MEX,842,USA,9102,"Wrist-watches, pocket-watches, stop-watches and other watches, other than those of heading no. 9101",N/A,0.0,4239986.0
X,484,MEX,0,W00,9103,"Clocks; with watch movements, excluding clocks of heading no. 9104",N/A,0.0,1644.0
X,484,MEX,320,GTM,9103,"Clocks; with watch movements, excluding clocks of heading no. 9104",N/A,0.0,1644.0
X,484,MEX,0,W00,9104,"Instrument panel clocks and clocks of a similar type for vehicles, aircraft, spacecraft or vessels",u,1742.0,41935.0
X,484,MEX,842,USA,9104,"Instrument panel clocks and clocks of a similar type for vehicles, aircraft, spacecraft or vessels",u,1742.0,41935.0
X,484,MEX,0,W00,9105,"Clocks, other, n.e.c.",N/A,0.0,1169646.0
X,484,MEX,222,SLV,9105,"Clocks, other, n.e.c.",N/A,0.0,2035.0
X,484,MEX,320,GTM,9105,"Clocks, other, n.e.c.",N/A,0.0,51382.0
X,484,MEX,842,USA,9105,"Clocks, other, n.e.c.",N/A,0.0,1116229.0
X,484,MEX,0,W00,9106,"Time of day recording apparatus and apparatus for measuring, recording or otherwise indicating intervals of time, with clock, watch movement or synchronous motor",N/A,0.0,1176768.0
X,484,MEX,320,GTM,9106,"Time of day recording apparatus and apparatus for measuring, recording or otherwise indicating intervals of time, with clock, watch movement or synchronous motor",N/A,0.0,8547.0
X,484,MEX,842,USA,9106,"Time of day recording apparatus and apparatus for measuring, recording or otherwise indicating intervals of time, with clock, watch movement or synchronous motor",N/A,0.0,1168221.0
X,484,MEX,0,W00,9107,"Time switches; with clock, watch movement or synchronous motor",u,7551347.0,91518740.0
X,484,MEX,188,CRI,9107,"Time switches; with clock, watch movement or synchronous motor",u,5780.0,25856.0
X,484,MEX,218,ECU,9107,"Time switches; with clock, watch movement or synchronous motor",u,6271.0,57579.0
X,484,MEX,222,SLV,9107,"Time switches; with clock, watch movement or synchronous motor",u,1076.0,7526.0
X,484,MEX,320,GTM,9107,"Time switches; with clock, watch movement or synchronous motor",u,9717.0,40610.0
X,484,MEX,340,HND,9107,"Time switches; with clock, watch movement or synchronous motor",u,252.0,1299.0
X,484,MEX,558,NIC,9107,"Time switches; with clock, watch movement or synchronous motor",u,161.0,881.0
X,484,MEX,842,USA,9107,"Time switches; with clock, watch movement or synchronous motor",u,7528090.0,91384989.0
X,484,MEX,0,W00,9113,"Watch straps, watch bands, watch bracelets and parts thereof",N/A,0.0,94399.0
X,484,MEX,842,USA,9113,"Watch straps, watch bands, watch bracelets and parts thereof",N/A,0.0,94399.0
X,484,MEX,0,W00,9114,Clock or watch parts; n.e.c. in chapter 91,N/A,0.0,1263545.0
X,484,MEX,757,CHE,9114,Clock or watch parts; n.e.c. in chapter 91,N/A,0.0,1109.0
X,484,MEX,842,USA,9114,Clock or watch parts; n.e.c. in chapter 91,N/A,0.0,1262436.0
X,484,MEX,0,W00,9503,"Tricycles, scooters, pedal cars and similar wheeled toys; dolls' carriages; dolls; other toys; reduced-size (scale) models and similar recreational models, working or not; puzzles of all kinds",kg,54212966.771,854193445.0
X,484,MEX,36,AUS,9503,"Tricycles, scooters, pedal cars and similar wheeled toys; dolls' carriages; dolls; other toys; reduced-size (scale) models and similar recreational models, working or not; puzzles of all kinds",kg,28090.491,442601.0
X,484,MEX,76,BRA,9503,"Tricycles, scooters, pedal cars and similar wheeled toys; dolls' carriages; dolls; other toys; reduced-size (scale) models and similar recreational models, working or not; puzzles of all kinds",kg,17944.617,282740.0
X,484,MEX,84,BLZ,9503,"Tricycles, scooters, pedal cars and similar wheeled toys; dolls' carriages; dolls; other toys; reduced-size (scale) models and similar recreational models, working or not; puzzles of all kinds",kg,34.082,537.0
X,484,MEX,124,CAN,9503,"Tricycles, scooters, pedal cars and similar wheeled toys; dolls' carriages; dolls; other toys; reduced-size (scale) models and similar recreational models, working or not; puzzles of all kinds",kg,463959.044,7310258.0
X,484,MEX,152,CHL,9503,"Tricycles, scooters, pedal cars and similar wheeled toys; dolls' carriages; dolls; other toys; reduced-size (scale) models and similar recreational models, working or not; puzzles of all kinds",kg,80749.253,1272306.0
X,484,MEX,156,CHN,9503,"Tricycles, scooters, pedal cars and similar wheeled toys; dolls' carriages; dolls; other toys; reduced-size (scale) models and similar recreational models, working or not; puzzles of all kinds",kg,594973.915,9374562.0
X,484,MEX,170,COL,9503,"Tricycles, scooters, pedal cars and similar wheeled toys; dolls' carriages; dolls; other toys; reduced-size (scale) models and similar recreational models, working or not; puzzles of all kinds",kg,156189.568,2460963.0
X,484,MEX,188,CRI,9503,"Tricycles, scooters, pedal cars and similar wheeled toys; dolls' carriages; dolls; other toys; reduced-size (scale) models and similar recreational models, working or not; puzzles of all kinds",kg,58393.246,920059.0
X,484,MEX,192,CUB,9503,"Tricycles, scooters, pedal cars and similar wheeled toys; dolls' carriages; dolls; other toys; reduced-size (scale) models and similar recreational models, working or not; puzzles of all kinds",kg,3060.054,48215.0
X,484,MEX,214,DOM,9503,"Tricycles, scooters, pedal cars and similar wheeled toys; dolls' carriages; dolls; other toys; reduced-size (scale) models and similar recreational models, working or not; puzzles of all kinds",kg,2926.901,46117.0
X,484,MEX,218,ECU,9503,"Tricycles, scooters, pedal cars and similar wheeled toys; dolls' carriages; dolls; other toys; reduced-size (scale) models and similar recreational models, working or not; puzzles of all kinds",kg,44726.993,704730.0
X,484,MEX,222,SLV,9503,"Tricycles, scooters, pedal cars and similar wheeled toys; dolls' carriages; dolls; other toys; reduced-size (scale) models and similar recreational models, working or not; puzzles of all kinds",kg,151003.248,2379246.0
X,484,MEX,251,FRA,9503,"Tricycles, scooters, pedal cars and similar wheeled toys; dolls' carriages; dolls; other toys; reduced-size (scale) models and similar recreational models, working or not; puzzles of all kinds",kg,67594.67,1065039.0
X,484,MEX,276,DEU,9503,"Tricycles, scooters, pedal cars and similar wheeled toys; dolls' carriages; dolls; other toys; reduced-size (scale) models and similar recreational models, working or not; puzzles of all kinds",kg,37198.111,586103.0
X,484,MEX,320,GTM,9503,"Tricycles, scooters, pedal cars and similar wheeled toys; dolls' carriages; dolls; other toys; reduced-size (scale) models and similar recreational models, working or not; puzzles of all kinds",kg,208291.155,3281889.0
X,484,MEX,340,HND,9503,"Tricycles, scooters, pedal cars and similar wheeled toys; dolls' carriages; dolls; other toys; reduced-size (scale) models and similar recreational models, working or not; puzzles of all kinds",kg,53235.93,838799.0
X,484,MEX,348,HUN,9503,"Tricycles, scooters, pedal cars and similar wheeled toys; dolls' carriages; dolls; other toys; reduced-size (scale) models and similar recreational models, working or not; puzzles of all kinds",kg,5550.493,87455.0
X,484,MEX,528,NLD,9503,"Tricycles, scooters, pedal cars and similar wheeled toys; dolls' carriages; dolls; other toys; reduced-size (scale) models and similar recreational models, working or not; puzzles of all kinds",kg,103092.06,1624345.0
X,484,MEX,558,NIC,9503,"Tricycles, scooters, pedal cars and similar wheeled toys; dolls' carriages; dolls; other toys; reduced-size (scale) models and similar recreational models, working or not; puzzles of all kinds",kg,9937.83,156583.0
X,484,MEX,591,PAN,9503,"Tricycles, scooters, pedal cars and similar wheeled toys; dolls' carriages; dolls; other toys; reduced-size (scale) models and similar recreational models, working or not; puzzles of all kinds",kg,112718.394,1776020.0
X,484,MEX,604,PER,9503,"Tricycles, scooters, pedal cars and similar wheeled toys; dolls' carriages; dolls; other toys; reduced-size (scale) models and similar recreational models, working or not; puzzles of all kinds",kg,94035.213,1481643.0
X,484,MEX,724,ESP,9503,"Tricycles, scooters, pedal cars and similar wheeled toys; dolls' carriages; dolls; other toys; reduced-size (scale) models and similar recreational models, working or not; puzzles of all kinds",kg,17293.511,272481.0
X,484,MEX,826,GBR,9503,"Tricycles, scooters, pedal cars and similar wheeled toys; dolls' carriages; dolls; other toys; reduced-size (scale) models and similar recreational models, working or not; puzzles of all kinds",kg,306278.449,4825802.0
X,484,MEX,842,USA,9503,"Tricycles, scooters, pedal cars and similar wheeled toys; dolls' carriages; dolls; other toys; reduced-size (scale) models and similar recreational models, working or not; puzzles of all kinds",kg,51595368.72,812949897.0
X,484,MEX,858,URY,9503,"Tricycles, scooters, pedal cars and similar wheeled toys; dolls' carriages; dolls; other toys; reduced-size (scale) models and similar recreational models, working or not; puzzles of all kinds",kg,316.001,4979.0
X,484,MEX,862,VEN,9503,"Tricycles, scooters, pedal cars and similar wheeled toys; dolls' carriages; dolls; other toys; reduced-size (scale) models and similar recreational models, working or not; puzzles of all kinds",kg,4.823,76.0
X,484,MEX,0,W00,9504,"Video game consoles and machines, articles for funfair, table or parlour games, including pintables, billiards, special tables for casino games and automatic bowling alley equipment",N/A,0.0,347233414.0
X,484,MEX,36,AUS,9504,"Video game consoles and machines, articles for funfair, table or parlour games, including pintables, billiards, special tables for casino games and automatic bowling alley equipment",N/A,0.0,316767.0
X,484,MEX,124,CAN,9504,"Video game consoles and machines, articles for funfair, table or parlour games, including pintables, billiards, special tables for casino games and automatic bowling alley equipment",N/A,0.0,647426.0
X,484,MEX,170,COL,9504,"Video game consoles and machines, articles for funfair, table or parlour games, including pintables, billiards, special tables for casino games and automatic bowling alley equipment",N/A,0.0,994018.0
X,484,MEX,188,CRI,9504,"Video game consoles and machines, articles for funfair, table or parlour games, including pintables, billiards, special tables for casino games and automatic bowling alley equipment",N/A,0.0,1983.0
X,484,MEX,192,CUB,9504,"Video game consoles and machines, articles for funfair, table or parlour games, including pintables, billiards, special tables for casino games and automatic bowling alley equipment",N/A,0.0,45005.0
X,484,MEX,222,SLV,9504,"Video game consoles and machines, articles for funfair, table or parlour games, including pintables, billiards, special tables for casino games and automatic bowling alley equipment",N/A,0.0,424.0
X,484,MEX,320,GTM,9504,"Video game consoles and machines, articles for funfair, table or parlour games, including pintables, billiards, special tables for casino games and automatic bowling alley equipment",N/A,0.0,34567.0
X,484,MEX,528,NLD,9504,"Video game consoles and machines, articles for funfair, table or parlour games, including pintables, billiards, special tables for casino games and automatic bowling alley equipment",N/A,0.0,4651356.0
X,484,MEX,591,PAN,9504,"Video game consoles and machines, articles for funfair, table or parlour games, including pintables, billiards, special tables for casino games and automatic bowling alley equipment",N/A,0.0,299.0
X,484,MEX,724,ESP,9504,"Video game consoles and machines, articles for funfair, table or parlour games, including pintables, billiards, special tables for casino games and automatic bowling alley equipment",N/A,0.0,29817.0
X,484,MEX,826,GBR,9504,"Video game consoles and machines, articles for funfair, table or parlour games, including pintables, billiards, special tables for casino games and automatic bowling alley equipment",N/A,0.0,39498.0
X,484,MEX,842,USA,9504,"Video game consoles and machines, articles for funfair, table or parlour games, including pintables, billiards, special tables for casino games and automatic bowling alley equipment",N/A,0.0,340349869.0
X,484,MEX,862,VEN,9504,"Video game consoles and machines, articles for funfair, table or parlour games, including pintables, billiards, special tables for casino games and automatic bowling alley equipment",N/A,0.0,122385.0
X,484,MEX,0,W00,9505,"Festive, carnival or other entertainment articles, including conjuring tricks and novelty jokes",N/A,0.0,62195918.0
X,484,MEX,84,BLZ,9505,"Festive, carnival or other entertainment articles, including conjuring tricks and novelty jokes",N/A,0.0,841.0
X,484,MEX,188,CRI,9505,"Festive, carnival or other entertainment articles, including conjuring tricks and novelty jokes",N/A,0.0,69423.0
X,484,MEX,192,CUB,9505,"Festive, carnival or other entertainment articles, including conjuring tricks and novelty jokes",N/A,0.0,21312.0
X,484,MEX,222,SLV,9505,"Festive, carnival or other entertainment articles, including conjuring tricks and novelty jokes",N/A,0.0,10661.0
X,484,MEX,320,GTM,9505,"Festive, carnival or other entertainment articles, including conjuring tricks and novelty jokes",N/A,0.0,18579.0
X,484,MEX,528,NLD,9505,"Festive, carnival or other entertainment articles, including conjuring tricks and novelty jokes",kg,2798.0,22054.0
X,484,MEX,724,ESP,9505,"Festive, carnival or other entertainment articles, including conjuring tricks and novelty jokes",kg,437.0,18079.0
X,484,MEX,826,GBR,9505,"Festive, carnival or other entertainment articles, including conjuring tricks and novelty jokes",kg,79.0,2067.0
X,484,MEX,842,USA,9505,"Festive, carnival or other entertainment articles, including conjuring tricks and novelty jokes",N/A,0.0,62032902.0
X,484,MEX,0,W00,9506,"Gymnastics, athletics, other sports (including table tennis) or outdoor games equipment, n.e.c. in this chapter, swimming pools and paddling pools",N/A,0.0,594146048.0
X,484,MEX,36,AUS,9506,"Gymnastics, athletics, other sports (including table tennis) or outdoor games equipment, n.e.c. in this chapter, swimming pools and paddling pools",N/A,0.0,149397.0
X,484,MEX,84,BLZ,9506,"Gymnastics, athletics, other sports (including table tennis) or outdoor games equipment, n.e.c. in this chapter, swimming pools and paddling pools",N/A,0.0,8278.0
X,484,MEX,124,CAN,9506,"Gymnastics, athletics, other sports (including table tennis) or outdoor games equipment, n.e.c. in this chapter, swimming pools and paddling pools",N/A,0.0,3795654.0
X,484,MEX,152,CHL,9506,"Gymnastics, athletics, other sports (including table tennis) or outdoor games equipment, n.e.c. in this chapter, swimming pools and paddling pools",N/A,0.0,88205.0
X,484,MEX,156,CHN,9506,"Gymnastics, athletics, other sports (including table tennis) or outdoor games equipment, n.e.c. in this chapter, swimming pools and paddling pools",N/A,0.0,339716.0
X,484,MEX,170,COL,9506,"Gymnastics, athletics, other sports (including table tennis) or outdoor games equipment, n.e.c. in this chapter, swimming pools and paddling pools",N/A,0.0,53202.0
X,484,MEX,188,CRI,9506,"Gymnastics, athletics, other sports (including table tennis) or outdoor games equipment, n.e.c. in this chapter, swimming pools and paddling pools",N/A,0.0,737068.0
X,484,MEX,192,CUB,9506,"Gymnastics, athletics, other sports (including table tennis) or outdoor games equipment, n.e.c. in this chapter, swimming pools and paddling pools",N/A,0.0,28505.0
X,484,MEX,214,DOM,9506,"Gymnastics, athletics, other sports (including table tennis) or outdoor games equipment, n.e.c. in this chapter, swimming pools and paddling pools",N/A,0.0,92160.0
X,484,MEX,222,SLV,9506,"Gymnastics, athletics, other sports (including table tennis) or outdoor games equipment, n.e.c. in this chapter, swimming pools and paddling pools",N/A,0.0,2208707.0
X,484,MEX,251,FRA,9506,"Gymnastics, athletics, other sports (including table tennis) or outdoor games equipment, n.e.c. in this chapter, swimming pools and paddling pools",N/A,0.0,204177.0
X,484,MEX,320,GTM,9506,"Gymnastics, athletics, other sports (including table tennis) or outdoor games equipment, n.e.c. in this chapter, swimming pools and paddling pools",N/A,0.0,1034084.0
X,484,MEX,340,HND,9506,"Gymnastics, athletics, other sports (including table tennis) or outdoor games equipment, n.e.c. in this chapter, swimming pools and paddling pools",N/A,0.0,206104.0
X,484,MEX,392,JPN,9506,"Gymnastics, athletics, other sports (including table tennis) or outdoor games equipment, n.e.c. in this chapter, swimming pools and paddling pools",N/A,0.0,484708.0
X,484,MEX,410,KOR,9506,"Gymnastics, athletics, other sports (including table tennis) or outdoor games equipment, n.e.c. in this chapter, swimming pools and paddling pools",N/A,0.0,8009.0
X,484,MEX,558,NIC,9506,"Gymnastics, athletics, other sports (including table tennis) or outdoor games equipment, n.e.c. in this chapter, swimming pools and paddling pools",N/A,0.0,83713.0
X,484,MEX,591,PAN,9506,"Gymnastics, athletics, other sports (including table tennis) or outdoor games equipment, n.e.c. in this chapter, swimming pools and paddling pools",N/A,0.0,35321.0
X,484,MEX,604,PER,9506,"Gymnastics, athletics, other sports (including table tennis) or outdoor games equipment, n.e.c. in this chapter, swimming pools and paddling pools",N/A,0.0,68129.0
X,484,MEX,724,ESP,9506,"Gymnastics, athletics, other sports (including table tennis) or outdoor games equipment, n.e.c. in this chapter, swimming pools and paddling pools",N/A,0.0,250288.0
X,484,MEX,826,GBR,9506,"Gymnastics, athletics, other sports (including table tennis) or outdoor games equipment, n.e.c. in this chapter, swimming pools and paddling pools",N/A,0.0,9158811.0
X,484,MEX,842,USA,9506,"Gymnastics, athletics, other sports (including table tennis) or outdoor games equipment, n.e.c. in this chapter, swimming pools and paddling pools",N/A,0.0,575111812.0
X,484,MEX,0,W00,9507,"Fishing rods, fish-hooks and other line fishing tackle; fish landing nets and the like; decoy birds (not those of heading no. 9208 or 9705) and similar hunting or shooting requisites",N/A,0.0,21433772.0
X,484,MEX,842,USA,9507,"Fishing rods, fish-hooks and other line fishing tackle; fish landing nets and the like; decoy birds (not those of heading no. 9208 or 9705) and similar hunting or shooting requisites",N/A,0.0,21433772.0
X,484,MEX,0,W00,9508,"Roundabouts, swings, shooting galleries, other fairground amusements, travelling circuses, travelling menageries and travelling theatres",N/A,0.0,7743990.0
X,484,MEX,842,USA,9508,"Roundabouts, swings, shooting galleries, other fairground amusements, travelling circuses, travelling menageries and travelling theatres",N/A,0.0,7743990.0
